# File generated by ImageToStl.com - Free Image and 3D model conversion tools

mtllib BucketHead.mtl

# Buckethead_Zombie_2
o obj1
v -1.11589258 1.27338099 0.45709029
v -1.12887378 1.29029262 0.44722974
v -1.11295532 1.29266477 0.45115143
v -1.13766561 1.32207406 0.45268217
v -1.11852837 1.32009864 0.45717707
v -1.1438439 1.31874514 0.4621253
v -1.13505207 1.28696334 0.45667288
v -1.1032152 1.29170787 0.46451628
v -1.10738758 1.32374454 0.47308084
v -1.12331109 1.30989957 0.46511132
v -1.10939349 1.28837883 0.47395942
v -1.12531194 1.28600645 0.47003767
v -1.11356588 1.32041526 0.48252401
v -1.13088496 1.31344056 0.47606331
v -1.06336434 1.44274974 0.52861458
v -1.06006743 1.4144578 0.50906557
v -1.08300614 1.41367412 0.51277053
v -1.04042563 1.41185951 0.52134758
v -1.09196479 1.35048962 0.50487417
v -1.05934756 1.35999429 0.50294054
v -1.03074711 1.3483485 0.51499552
v -1.06336433 1.37025082 0.5204612
v -1.08630301 1.38657439 0.52875739
v -1.06666122 1.38884377 0.54554206
v -1.04372251 1.38476026 0.53733444
v -1.06738107 1.35323024 0.53491431
v -1.09598153 1.34710753 0.52086109
v -1.03476386 1.34496641 0.53098238
v -1.00380495 1.4179219 0.52637666
v -1.0059423 1.40446067 0.51430726
v -1.01822734 1.40321136 0.52244794
v -1.02262931 1.37441194 0.51916903
v -1.00604275 1.37927186 0.51101387
v -0.99128964 1.40442789 0.51632059
v -0.98611039 1.37430096 0.51193845
v -0.98892204 1.40314591 0.5264746
v -0.98332177 1.37288117 0.52209252
v -1.0036818 1.38430762 0.52199262
v -1.01585974 1.40192914 0.53260201
v -1.00120708 1.40189648 0.5346154
v -1.00046549 1.37643218 0.53132206
v -1.01984067 1.37299204 0.52932304
v -0.91388633 1.29862726 0.45822287
v -0.92316855 1.30333447 0.47146961
v -0.91196786 1.2917819 0.46497753
v -0.91769432 1.34729362 0.47420788
v -0.9072848 1.33649564 0.45914146
v -0.89833733 1.29412293 0.45430693
v -0.88839236 1.33641708 0.45395619
v -0.89198354 1.29176569 0.46398684
v -0.88203859 1.33406007 0.46363607
v -0.90253263 1.32313943 0.46879816
v -0.90117876 1.29391336 0.4775826
v -0.9168148 1.30097711 0.48114952
v -0.89457728 1.33178163 0.47850132
v -0.91134057 1.34493685 0.48388782
v -0.89397494 1.41834831 0.48514822
v -0.90180822 1.40787089 0.47220054
v -0.91036264 1.40493369 0.48410851
v -0.91633256 1.37655759 0.47577551
v -0.90516147 1.38364959 0.46381778
v -0.88737065 1.40719938 0.46836519
v -0.8892012 1.37923098 0.45719799
v -0.88148753 1.40359092 0.47643793
v -0.88331804 1.37562251 0.46527073
v -0.89843862 1.38610673 0.4739897
v -0.9044795 1.40132535 0.49218115
v -0.89004193 1.40065396 0.48834586
v -0.89339518 1.37643313 0.47996324
v -0.91044942 1.37294924 0.4838483
v -1.14160618 1.40733254 0.47123805
v -1.13819227 1.39482796 0.47314483
v -1.15958853 1.40865409 0.48346397
v -1.09440569 1.3904146 0.46897846
v -1.10398696 1.41101325 0.46281597
v -1.10013948 1.37540483 0.48495755
v -1.13725066 1.38802516 0.48014912
v -1.14080933 1.38941681 0.48918369
v -1.10981632 1.37606108 0.50300586
v -1.04155527 1.39686251 0.47464862
v -1.05368968 1.41826332 0.46493068
v -1.03682629 1.38315845 0.49596924
v -0.99209317 1.41023052 0.49404505
v -0.99745005 1.42421353 0.48659465
v -0.990782 1.4007802 0.50961965
v -0.97454094 1.42442 0.52024519
v -1.14581668 1.39862692 0.49704245
v -1.1141086 1.38625252 0.51690489
v -1.11587945 1.41486156 0.52398801
v -1.14770071 1.41230714 0.50135034
v -1.06821799 1.41666162 0.54225653
v -1.0651696 1.3945272 0.53528637
v -1.04875708 1.38197184 0.51878548
v -1.00598959 1.40655696 0.53893006
v -0.99740099 1.39925599 0.52657449
v -1.00787361 1.42023683 0.54323786
v -0.93959169 1.27708638 0.48589489
v -0.93577493 1.28769279 0.49086919
v -0.95000524 1.27665508 0.47969267
v -0.93529809 1.29413629 0.49041846
v -0.93894948 1.2939198 0.48507351
v -0.94469913 1.28710473 0.47657022
v -0.91305501 1.29310358 0.49220398
v -0.92057814 1.27506781 0.48590419
v -0.91195769 1.30510521 0.48941892
v -0.91978516 1.30630493 0.47991675
v -0.88962534 1.29139626 0.48203006
v -0.89756256 1.27217996 0.47735849
v -0.88889921 1.30537248 0.47707585
v -0.8983613 1.30853176 0.46608087
v -0.87440859 1.28518367 0.46187326
v -0.87825201 1.27261615 0.45925912
v -0.87493023 1.29483545 0.45810387
v -0.87538645 1.27751935 0.43974966
v -0.94938486 1.27635169 0.4675841
v -0.93888792 1.27871215 0.45177799
v -0.93130624 1.29611087 0.46631792
v -0.91148801 1.29949462 0.45193493
v -0.91906966 1.28209591 0.43739495
v -0.89329641 1.28218186 0.4313612
v -0.88861069 1.29293489 0.44034734
v -0.88084708 1.29781282 0.45011851
v -0.77388017 1.61000168 0.17707177
v -0.74964216 1.61951208 0.15093859
v -0.75346398 1.62926161 0.15566045
v -0.72213897 1.62493527 0.12761545
v -0.72607163 1.6313051 0.13201992
v -0.70129362 1.61596203 0.11511856
v -0.77611445 1.6224128 0.16859786
v -0.76123983 1.63861418 0.14652266
v -0.76775379 1.64459884 0.15051134
v -0.74237183 1.65292263 0.12682112
v -0.74771768 1.65630078 0.13054167
v -0.72322297 1.65383577 0.11626478
v -0.88894793 1.75353599 0.34331137
v -0.85795799 1.78849077 0.32078096
v -0.87365954 1.79140937 0.32326293
v -0.87606168 1.80499732 0.31834617
v -0.88636354 1.80240762 0.32192537
v -0.88357632 1.82099545 0.31281653
v -0.89473271 1.82118952 0.31539392
v -0.87574141 1.84316397 0.29826504
v -0.87882135 1.84639144 0.29760203
v -0.83316605 1.86901033 0.27999714
v -0.87462702 1.75372756 0.1869826
v -0.86177066 1.7899965 0.18265222
v -0.87060224 1.79484403 0.18515846
v -0.84716524 1.82339394 0.17994733
v -0.8540789 1.82482159 0.18189432
v -0.82108624 1.86149251 0.16957632
v -0.86483918 1.75466049 0.16984159
v -0.8494201 1.77209795 0.16468807
v -0.85640503 1.77938843 0.16666816
v -0.83277462 1.78710628 0.16131364
v -0.8385314 1.79127467 0.16293608
v -0.80587308 1.79925227 0.15059511
v -0.7785068 1.69158244 0.23881143
v -0.75786738 1.70420647 0.24772215
v -0.75971206 1.69680905 0.25025803
v -0.74929443 1.69079053 0.2613416
v -0.75138976 1.68562555 0.26250106
v -0.71941364 1.71175468 0.27281326
v -1.01860977 1.73177993 0.40330029
v -1.04970883 1.7796638 0.43808809
v -1.03603267 1.78351319 0.44005141
v -1.04474199 1.80968988 0.44776174
v -1.03392849 1.8095541 0.44807673
v -1.02532825 1.83236647 0.45594284
v -1.02081223 1.82410324 0.45602694
v -0.99252036 1.84323609 0.44996116
v -1.11681094 1.752859 0.28419119
v -1.14068474 1.78312814 0.26115105
v -1.13620706 1.7856555 0.27416807
v -1.14362454 1.81127548 0.2841959
v -1.13974895 1.81144381 0.29332244
v -1.17919281 1.85285401 0.2461413
v -1.14051646 1.73918223 0.32662833
v -1.15456404 1.79564798 0.30967364
v -1.14534692 1.79604733 0.3209911
v -1.17342624 1.82747483 0.3545478
v -1.16775444 1.83321106 0.36171639
v -1.20178567 1.82970893 0.37721273
v -1.20419048 1.6959976 0.3281028
v -1.22892997 1.72955954 0.32019123
v -1.22639637 1.73546708 0.32071373
v -1.25708914 1.7451849 0.34996611
v -1.25349447 1.75384271 0.35547024
v -1.28258812 1.74954581 0.3742829
v -1.22035027 1.64188731 0.19086641
v -1.24747252 1.65937889 0.17593895
v -1.24751461 1.66477752 0.17615968
v -1.2715281 1.65781307 0.15302192
v -1.27271441 1.66584408 0.15715227
v -1.29180571 1.64974642 0.14052163
v -1.08642395 1.72319412 0.06599754
v -1.10236551 1.74327552 0.04923023
v -1.09949733 1.75077033 0.05322685
v -1.10424864 1.75109339 0.02921776
v -1.10176609 1.75767493 0.02935287
v -1.10612687 1.739411 0.01099361
v -0.88639769 1.66055906 0.05445377
v -0.9035503 1.66604424 0.02797543
v -0.90282822 1.67809582 0.02738636
v -0.89547401 1.66855109 -0.00403004
v -0.89763808 1.66028571 9.155E-05
v -0.8899036 1.63427591 -0.010951
v -0.84065661 0.58026499 -0.08682312
v -0.82633236 0.59398168 -0.03752815
v -0.80740207 0.54079342 -0.02643994
v -0.82534313 0.525994 -0.07458946
v -0.86820029 0.56882787 -0.10079105
v -0.84603572 0.63553917 -0.09571638
v -0.82924482 0.64714354 -0.04947976
v -0.88996845 0.62537217 -0.10806135
v -0.91913387 0.56517202 -0.08026247
v -0.87233396 0.51768643 -0.09304521
v -0.93345026 0.62063682 -0.09305811
v -0.95519679 0.62649769 -0.04901807
v -0.94697982 0.5724237 -0.03718697
v -0.91888294 0.52080464 -0.07272065
v -0.94192776 0.51858526 -0.02427344
v -0.85844456 0.69544441 -0.0968783
v -0.84406726 0.70319182 -0.05408264
v -0.89897937 0.6863091 -0.1113048
v -0.94290698 0.68115509 -0.09704287
v -0.96183162 0.68298537 -0.05408264
v -0.87109621 0.75617641 -0.11110563
v -0.86021101 0.76239562 -0.06123805
v -0.908058 0.74462485 -0.13314956
v -0.95011526 0.71456569 -0.11014336
v -0.96838541 0.71833861 -0.05909772
v -0.87716758 0.83965206 -0.10344219
v -0.86402321 0.831397 -0.05293873
v -0.91635317 0.76674068 -0.14169426
v -0.95688103 0.74088758 -0.13203634
v -0.98026662 0.76207715 -0.05877661
v -1.00155096 0.76698011 -0.049668
v -0.93096419 0.84339094 -0.12486126
v -1.0019293 0.76948273 -0.1515964
v -1.0017897 0.74615723 -0.12526526
v -1.00206328 0.84450787 -0.13521752
v -1.0839358 0.76464081 -0.13614719
v -1.04304816 0.74031812 -0.12617834
v -1.05259962 0.71528774 -0.10060661
v -1.03600711 0.71604294 -0.05507243
v -1.04566474 0.66551542 -0.05041544
v -1.06184257 0.66483235 -0.09016058
v -1.05412817 0.61720455 -0.04614867
v -1.07030249 0.61652166 -0.08588522
v -1.06052324 0.5623821 -0.04187986
v -1.07669759 0.56744349 -0.08161641
v -1.06251416 0.50174117 -0.03761106
v -1.07868849 0.51247627 -0.0773476
v -1.11574585 0.573744 -0.09857586
v -1.11773673 0.52539009 -0.09430704
v -1.15064269 0.58200032 -0.08282358
v -1.1512434 0.53372777 -0.07855477
v -1.16867006 0.58811706 -0.04358706
v -1.16952401 0.52975899 -0.04004655
v -1.10935077 0.62187684 -0.10284463
v -1.14920187 0.63013321 -0.08709238
v -1.17201392 0.63645422 -0.04785586
v -1.10057595 0.67018783 -0.10724899
v -1.13722418 0.67844307 -0.0913676
v -1.15721646 0.68472195 -0.05212405
v -1.12690496 0.73165387 -0.10344942
v -1.09194202 0.7213313 -0.12223964
v -1.13984223 0.73811102 -0.05750358
v -1.12458549 0.83516872 -0.10018141
v -1.1384313 0.82998472 -0.04811054
v -1.06720187 0.84120679 -0.12433668
v -0.92294492 0.58545637 0.00802073
v -0.94697982 0.5724237 -0.03718697
v -0.94192776 0.51858526 -0.02427344
v -0.93723322 0.6371668 -0.00245441
v -0.95519679 0.62649769 -0.04901807
v -0.89224943 0.64721191 0.0164464
v -0.88351037 0.59693348 0.02641752
v -0.9174466 0.52790898 0.02397817
v -0.8465967 0.65175396 -0.00352969
v -0.83796369 0.60063934 0.00700357
v -0.82924482 0.64714354 -0.04947976
v -0.82633236 0.59398168 -0.03752815
v -0.82606588 0.54890656 0.02092849
v -0.83325815 0.56875098 0.02600287
v -0.84766495 0.53761482 0.04268929
v -0.87736136 0.53618735 0.03384421
v -0.80740207 0.54079342 -0.02643994
v -0.94446839 0.69073141 -0.00963527
v -0.96183162 0.68298537 -0.05408264
v -0.90107074 0.69994015 0.00883551
v -0.859733 0.70506942 -0.00992537
v -0.84406726 0.70319182 -0.05408264
v -0.95162277 0.74305248 0.00127551
v -0.96838541 0.71833861 -0.05909772
v -0.91055902 0.75531858 0.02080638
v -0.87319803 0.76141399 -0.01376793
v -0.86021101 0.76239562 -0.06123805
v -0.95845181 0.77593368 0.00788149
v -0.98026662 0.76207715 -0.05877661
v -0.94746262 0.81669235 0.04741104
v -0.87944152 0.82289213 0.0073934
v -0.86402321 0.831397 -0.05293873
v -1.00155096 0.76698011 -0.049668
v -1.00121664 0.77361357 0.01151249
v -1.04304816 0.77769047 0.01685808
v -1.05532415 0.81542319 0.04978252
v -1.09158169 0.7330519 0.01468538
v -1.12639484 0.73876983 -0.00996215
v -1.13725416 0.68544847 -0.01237847
v -1.15721646 0.68472195 -0.05212405
v -1.17201392 0.63645422 -0.04785586
v -1.14920227 0.63713712 -0.00811931
v -1.16867006 0.58811706 -0.04358706
v -1.15064269 0.58628976 -0.00118574
v -1.16952401 0.52975899 -0.04004655
v -1.15124337 0.52554113 0.01133043
v -1.11574581 0.57772332 0.01581683
v -1.11773673 0.51631856 0.02828988
v -1.07669757 0.56878805 -0.00258909
v -1.07868848 0.50806218 0.00276988
v -1.06052324 0.5623821 -0.04187986
v -1.06251416 0.50174117 -0.03761106
v -1.10935077 0.63178194 0.00884013
v -1.07030252 0.62352562 -0.00691214
v -1.05412817 0.61720455 -0.04614867
v -1.10058278 0.68009597 0.00458525
v -1.06184255 0.67183781 -0.01117043
v -1.04566474 0.66551542 -0.05041544
v -1.05259497 0.72405159 -0.00551343
v -1.03600711 0.71604294 -0.05507243
v -1.02351802 0.7642445 -0.04978657
v -1.06886349 0.46603423 0.0152522
v -1.10793364 0.47429061 0.04063236
v -1.1545666 0.48364165 0.02393985
v -1.12264964 0.42586866 0.02992471
v -1.1615169 0.44815162 0.01073106
v -1.08357637 0.41761228 0.0044344
v -1.06104765 0.45971328 -0.04676647
v -1.07992399 0.418515 -0.03770429
v -1.19823954 0.43523604 -0.01210814
v -1.16334258 0.40933272 0.01166018
v -1.11801831 0.39025488 -0.01768234
v -1.10002498 0.39038944 -0.0529612
v -1.21665443 0.29101276 0.00744344
v -1.27300808 0.29458603 -0.00995861
v -1.19583733 0.4221949 -0.01721348
v -1.14706406 0.2859751 -0.01477882
v -1.11534832 0.27561867 -0.05191927
v -1.30233687 0.18372726 -0.01001848
v -1.21953003 0.21997596 0.02325398
v -1.1484383 0.2313789 0.00439976
v -1.11765148 0.2228151 -0.05784818
v -1.29782709 0.16244882 -0.01765697
v -1.22751018 0.19980682 0.00959331
v -1.15664952 0.21096168 -0.00914328
v -1.12798975 0.19378895 -0.06616045
v -1.25271353 0.37280074 -0.07188158
v -1.32393903 0.27116215 -0.08019692
v -1.35648742 0.16088699 -0.09263168
v -1.3472898 0.14169271 -0.09347679
v -1.12013488 0.19622375 -0.10348627
v -1.12521893 0.27877289 -0.09406248
v -1.11019882 0.38839617 -0.08315094
v -1.09389625 0.42479017 -0.07839293
v -1.1363973 0.16693544 -0.11594331
v -1.18514128 0.45055109 -0.0701359
v -1.19630535 0.47348297 -0.03793911
v -1.17405958 0.48428023 -0.04012148
v -1.13984223 0.73811102 -0.05750358
v -1.1240008 0.82109892 0.00980497
v -1.1384313 0.82998472 -0.04811054
v -1.00140978 0.81453013 0.04932414
v -1.02351802 0.7642445 -0.04978657
v -1.21443571 0.18887243 0.0257306
v -1.29233521 0.15301938 0.01076128
v -1.14198841 0.19151334 0.00989484
v -1.10819141 0.18283512 -0.05307748
v -1.36037651 0.11665924 -0.08053902
v -1.1143923 0.14589459 -0.09740692
v -1.29621771 0.12202834 -0.00413322
v -1.21839823 0.15724298 0.01052921
v -1.14605968 0.15901592 -0.00572367
v -1.11716602 0.13738319 -0.06558249
v -1.3534236 0.08301575 -0.07772741
v -1.13017848 0.10615221 -0.10632921
v -1.31233519 0.27410772 -0.16023168
v -1.32393903 0.27116215 -0.08019692
v -1.25320241 0.37777838 -0.12792774
v -1.25271353 0.37280074 -0.07188158
v -1.35648742 0.16088699 -0.09263168
v -1.35900363 0.15260763 -0.1798209
v -1.3472898 0.14169271 -0.09347679
v -1.34941897 0.12883741 -0.16381082
v -1.20666297 0.37824997 -0.15193751
v -1.24965344 0.25734878 -0.20148136
v -1.29231846 0.15231451 -0.22213139
v -1.28608626 0.12401504 -0.21045198
v -1.17037338 0.26038569 -0.15668628
v -1.14187129 0.38382426 -0.12774163
v -1.18298221 0.14896843 -0.20378695
v -1.19056472 0.13177553 -0.19541958
v -1.1363973 0.16693544 -0.11594331
v -1.12013488 0.19622375 -0.10348627
v -1.12521893 0.27877289 -0.09406248
v -1.11019882 0.38839617 -0.08315094
v -1.14945979 0.44632301 -0.09832209
v -1.18514128 0.45055109 -0.0701359
v -1.1247869 0.43069202 -0.1015366
v -1.09389625 0.42479017 -0.07839293
v -1.16974285 0.48291212 -0.06614784
v -1.1453044 0.4775399 -0.09081308
v -1.10402234 0.47108489 -0.08298231
v -1.19630535 0.47348297 -0.03793911
v -1.17405958 0.48428023 -0.04012148
v -1.06104765 0.45971328 -0.04676647
v -1.36306572 0.10710219 -0.17372271
v -1.36037651 0.11665924 -0.08053902
v -1.3534236 0.08301575 -0.07772741
v -1.35624266 0.07340904 -0.17540947
v -1.30215162 0.09492515 -0.22492984
v -1.28929731 0.07011304 -0.20870689
v -1.18869463 0.11159053 -0.2085025
v -1.1843815 0.08525342 -0.19055727
v -1.13017848 0.10615221 -0.10632921
v -1.1143923 0.14589459 -0.09740692
v -0.83030978 0.52461547 -0.06788146
v -0.81314999 0.53698319 -0.02656259
v -0.86683005 0.56276375 -0.09507084
v -0.91519219 0.51930422 -0.06830468
v -0.87158833 0.51586539 -0.08808345
v -0.93658558 0.51853204 -0.0223145
v -0.81314999 0.53698319 -0.02656259
v -0.80740207 0.54079342 -0.02643994
v -0.83069451 0.54537016 0.01958641
v -0.82606588 0.54890656 0.02092849
v -0.83694521 0.56302589 0.02180854
v -0.83325815 0.56875098 0.02600287
v -0.87608418 0.53613746 0.02945808
v -0.87736136 0.53618735 0.03384421
v -0.91296139 0.5286693 0.01709613
v -0.9174466 0.52790898 0.02397817
v -0.84766495 0.53761482 0.04268929
v -0.8470424 0.53761482 0.03680794
v -0.91695004 0.57780594 0.00309947
v -0.92294492 0.58545637 0.00802073
v -0.93658558 0.51853204 -0.0223145
v -0.94192776 0.51858526 -0.02427344
v -0.90736519 1.2826581 0.18887234
v -0.89624439 1.2765919 0.1489414
v -0.91373974 1.33823657 0.1458526
v -0.88390807 1.21703076 0.17186245
v -0.91240752 1.21223617 0.19937393
v -0.91519539 1.3199501 0.16200031
v -0.92785666 1.36364114 0.13388517
v -0.88176811 1.15541804 0.16968495
v -0.94000489 1.19781637 0.19665638
v -0.91930805 1.27095532 0.18746486
v -0.86954397 1.17287648 0.1574568
v -0.88917251 1.13435769 0.17711601
v -0.95104586 1.12715816 0.20234463
v -0.91348212 1.00773752 0.19740029
v -0.88338789 1.10989714 0.16776833
v -0.89588944 1.0119046 0.18045646
v -0.92764194 0.91773885 0.17277092
v -0.92260791 0.92078733 0.16583344
v -0.93918931 1.00444031 0.19884273
v -0.94768358 0.91379064 0.16733694
v -0.93766094 0.88354003 0.13894288
v -0.95179962 0.83915085 0.1195198
v -0.88124181 1.33107018 0.11814
v -0.91373974 1.33823657 0.1458526
v -0.89624439 1.2765919 0.1489414
v -0.92038442 1.37864947 0.12350124
v -0.92785666 1.36364114 0.13388517
v -0.95800319 1.38475227 0.11743897
v -0.95687735 1.39344573 0.10724624
v -1.00159531 1.39319396 0.10758676
v -1.00159741 1.41016626 0.07857595
v -1.04631746 1.39344573 0.10724623
v -1.04518635 1.38475227 0.11743896
v -1.08281039 1.37864947 0.12350122
v -1.07533815 1.36364114 0.13388515
v -1.08945507 1.33823657 0.1458526
v -1.0015974 1.38289177 0.07036367
v -0.95684952 1.37413764 0.08176073
v -0.91364883 1.35723138 0.09936027
v -1.04634529 1.37413764 0.08176071
v -1.10695042 1.2765919 0.14894138
v -1.121953 1.33107018 0.11813999
v -1.08954598 1.35723138 0.09936026
v -0.8936432 1.32826304 0.11763304
v -0.89503087 1.27553427 0.1393683
v -0.92256682 1.35659873 0.09739328
v -0.89350387 1.21638536 0.16208214
v -0.95731223 1.36817443 0.09025293
v -1.0015974 1.37491822 0.08578905
v -1.04588258 1.36817443 0.09025291
v -1.08062799 1.35659873 0.09739326
v -1.10955161 1.32826304 0.11763302
v -1.10816394 1.27553427 0.1393683
v -1.10969093 1.21638536 0.16208214
v -0.89350387 1.21638536 0.16208214
v -0.87512176 1.17040384 0.14702445
v -0.87974636 1.15309191 0.16142647
v -0.9000753 1.00799692 0.17012924
v -0.92398036 0.92097074 0.15929934
v -0.93945885 0.88486952 0.13296339
v -0.87533782 1.3259573 0.05547926
v -0.8960871 1.33750319 0.03467076
v -0.84296104 1.26701558 0.00521624
v -0.82511745 1.2671473 0.05827165
v -0.79271062 1.21356881 0.04219684
v -0.81596972 1.18758261 -0.01434153
v -0.848019 1.22519469 -0.03714095
v -0.70804906 1.10433471 0.04372163
v -0.71905664 1.10817194 0.11924938
v -0.87034699 1.27627218 -0.01751986
v -0.89980359 1.27351809 -0.03866054
v -0.92630298 1.34522355 0.01246643
v -1.0015974 1.35018432 0.01082783
v -0.95185998 1.25385547 -0.06627677
v -0.8958622 1.24190211 -0.06327309
v -1.0015974 1.22875321 -0.08249321
v -0.95372452 1.16614354 -0.11719964
v -0.89721478 1.16281724 -0.07942922
v -1.0015974 1.17223597 -0.11466886
v -0.88187265 1.05589414 -0.1270362
v -0.94877958 1.05977333 -0.14588641
v -1.0015974 1.060323 -0.14267842
v -0.90730055 0.89969069 -0.15431534
v -0.960127 0.90238225 -0.16198
v -1.0015974 0.90608722 -0.15434657
v -0.86216149 1.21767068 -0.04203118
v -0.86105222 1.13380826 -0.04012769
v -0.83889179 1.03713846 -0.07664719
v -0.86921313 0.8898648 -0.13172115
v -0.84600744 0.88732129 -0.09826677
v -0.83249678 1.00607753 -0.02052921
v -0.85403427 1.1036911 0.03803703
v -0.8332824 0.88297081 -0.07852069
v -0.82951048 0.8667236 -0.04832537
v -0.86252649 1.161183 -0.02676448
v -0.85221557 1.16840768 -0.02019422
v -0.8932121 0.82177913 -0.17648073
v -0.95308277 0.82467031 -0.18954469
v -0.83191897 0.81460041 -0.1336163
v -0.8551247 0.81715083 -0.15974133
v -0.81793326 0.83143324 -0.0731505
v -0.81752233 0.81408751 -0.11198139
v -1.0015974 0.82587421 -0.18082824
v -1.05011204 0.82467026 -0.18954465
v -1.04306781 0.90238219 -0.16197997
v -1.05441523 1.05977333 -0.14588641
v -1.04947029 1.16614354 -0.11719964
v -1.05133483 1.25385547 -0.06627678
v -1.07689183 1.34522355 0.01246641
v -1.10339122 1.27351809 -0.03866055
v -1.10733261 1.24190211 -0.06327309
v -1.10598003 1.16281724 -0.07942922
v -1.12132216 1.05589402 -0.1270362
v -1.13284782 1.27627218 -0.01751987
v -1.15517581 1.22519469 -0.03714096
v -1.09589425 0.89969069 -0.15431532
v -1.14103332 1.21767068 -0.04203119
v -1.14214259 1.13380826 -0.04012769
v -1.16430302 1.03713846 -0.07664718
v -1.13398167 0.8898648 -0.13172112
v -1.15718737 0.88732129 -0.09826675
v -1.16023377 1.26701558 0.00521623
v -1.18722509 1.18758261 -0.01434153
v -1.21048419 1.21356881 0.04219684
v -1.17807736 1.2671473 0.05827165
v -1.12785698 1.3259573 0.05547924
v -1.10710771 1.33750319 0.03467074
v -1.29514575 1.10433471 0.04372165
v -1.28413817 1.10817194 0.11924938
v -1.20237714 1.20922136 0.10630487
v -1.17090279 1.27015138 0.10342729
v -1.13872996 1.29916608 0.09491752
v -1.24356054 1.10795927 0.00058323
v -1.26487869 1.07680488 -0.00942028
v -1.31329772 1.09936702 0.04724515
v -1.27699742 1.05937266 -0.00917804
v -1.29551813 1.1054554 0.12790684
v -1.31717089 1.08061957 0.05461899
v -1.24070789 1.05751503 -0.02274556
v -1.25193825 1.03892517 -0.02249629
v -1.21278341 1.09476399 -0.01299703
v -1.16361687 1.17410409 -0.02191715
v -1.21561755 1.01044285 0.00010941
v -1.20468494 1.02379358 -0.00058094
v -1.17429955 1.0865314 0.00494972
v -1.19917329 1.00921094 0.06964782
v -1.19897601 0.99505532 0.07121741
v -1.14859574 1.08853686 0.04351705
v -1.17101434 1.09840477 0.00069881
v -1.14916053 1.1036911 0.03803704
v -1.14007437 1.12911701 0.09773976
v -1.15097924 1.16840768 -0.02019422
v -0.86446485 1.29916608 0.09491754
v -0.85985564 1.25385416 0.12826265
v -0.83229202 1.27015138 0.10342731
v -0.80081767 1.20922136 0.10630488
v -0.84168445 1.20638478 0.12219913
v -0.83320671 1.19394791 0.11917271
v -0.7521954 1.08212578 0.14504391
v -0.85697375 1.16206741 0.11917269
v -0.77007951 1.06511962 0.14509891
v -0.86312044 1.12911701 0.09773976
v -0.79866555 1.02894318 0.1258177
v -0.85459907 1.08853686 0.04351703
v -0.80402152 1.00921094 0.0696478
v -0.8042188 0.99505532 0.0712174
v -0.86468054 1.17173636 0.11615818
v -0.87521625 1.14363754 0.09512566
v -0.87512176 1.17040384 0.14702445
v -0.88154176 1.1100651 0.16072731
v -0.87974636 1.15309191 0.16142647
v -0.88710877 1.13071215 0.16787435
v -0.86612178 1.05067885 0.10176548
v -0.9000753 1.00799692 0.17012924
v -0.84617633 0.93487537 0.04495239
v -0.82767314 0.85271442 -0.01863935
v -0.83014679 0.83155966 0.01347325
v -0.87417342 0.87592196 0.10648256
v -0.85300662 0.76344132 0.08380669
v -0.92398036 0.92097074 0.15929934
v -0.95179962 0.83915085 0.1195198
v -0.93945885 0.88486952 0.13296339
v -0.91756649 0.6904279 0.0965272
v -0.80712794 0.78273803 -0.05556558
v -0.80480565 0.79645926 -0.01714098
v -0.80295266 0.77228355 -0.01758728
v -0.83749148 0.7021814 0.05476816
v -0.82346684 0.74785161 0.02332833
v -0.8257468 0.77388793 0.01508396
v -0.9143985 0.6376003 0.07829534
v -0.88710877 1.13071215 0.16787435
v -0.88154176 1.1100651 0.16072731
v -0.7379013 1.09897161 0.00750301
v -0.77734123 1.10242176 -0.00227564
v -0.71059492 1.0853554 0.04266249
v -0.80244696 1.09479678 -0.01478595
v -0.83957794 1.17410409 -0.02191715
v -0.78650911 1.06126964 -0.01465846
v -0.76527384 1.08911932 -0.01139836
v -0.82889524 1.0865314 0.00494971
v -0.79850987 1.02379358 -0.00058095
v -0.77841593 1.03790343 -0.01447233
v -0.78757726 1.01044297 0.0001094
v -0.75679497 1.0149492 -0.00475814
v -0.83218047 1.09840477 0.0006988
v -0.71261007 1.07442534 0.00124198
v -0.7379013 1.09897161 0.00750301
v -0.71059492 1.0853554 0.04266249
v -0.74505746 1.05519748 -0.03072908
v -0.71144536 1.0453912 0.00336097
v -0.76527384 1.08911932 -0.01139836
v -0.78650911 1.06126964 -0.01465846
v -0.77841593 1.03790343 -0.01447233
v -0.75679497 1.0149492 -0.00475814
v -0.72552389 1.0185498 -0.01555587
v -0.72610888 0.98654068 0.01052087
v -0.70312366 1.06680322 0.01871115
v -0.70481303 1.08408821 0.04481338
v -0.70767668 1.1054554 0.12790683
v -0.67960569 1.06762505 0.0530408
v -0.70673203 1.08505404 0.12773374
v -0.69760635 1.06789637 0.01744406
v -0.69195467 1.03502405 0.00966079
v -0.70283625 1.04723084 -0.00343286
v -0.70756155 1.07135201 -0.00760698
v -0.72289643 1.02634418 -0.04868143
v -0.70970243 1.09409928 0.01530077
v -0.71877107 1.01853347 -0.01187351
v -0.7439594 1.08466744 0.16364464
v -0.73822176 1.06475163 0.15703098
v -0.77245413 1.05848897 0.16363552
v -0.75542779 1.04427874 0.15687801
v -0.7982123 1.02257991 0.13116442
v -0.78675607 1.01530719 0.13182074
v -0.7909956 0.99766201 0.09998997
v -0.68609551 1.00591183 0.02357567
v -0.72610888 0.98654068 0.01052087
v -0.62002802 0.78739363 0.04558217
v -0.58561021 0.81571347 0.06251928
v -0.55484891 0.84642589 0.11342063
v -0.63454247 1.01123893 0.0795887
v -0.76231506 0.93448424 0.03068489
v -0.6671018 0.76981199 0.07724538
v -0.72552389 1.0185498 -0.01555587
v -0.75782065 0.91679645 0.0878767
v -0.74574897 0.92373061 0.15881045
v -0.72074661 0.95144552 0.18845703
v -0.64203727 0.80663896 0.22503035
v -0.60112908 0.83000809 0.22899188
v -0.68525639 0.97861493 0.18845703
v -0.65279838 1.00127053 0.17303208
v -0.57040304 0.84435284 0.18963619
v -0.67020848 0.79076743 0.19413452
v -0.68591118 0.77237082 0.12942009
v -0.57563034 0.81639844 0.04300169
v -0.54600054 0.85112834 0.1131154
v -0.5615648 0.84908527 0.18932755
v -0.59752989 0.83332503 0.24035014
v -0.64746559 0.80823851 0.2412122
v -0.61417139 0.7873891 0.02597199
v -0.67488664 0.76419419 0.05901513
v -0.70399481 0.76688397 0.12149285
v -0.68001509 0.79174393 0.20762163
v -0.54530451 0.76304704 0.06187305
v -0.51371109 0.79199231 0.12021653
v -0.52265963 0.79687178 0.20120968
v -0.58307153 0.73175728 0.03586767
v -0.63292179 0.70856237 0.06381846
v -0.68571058 0.70544267 0.13516515
v -0.56231022 0.77736938 0.24400461
v -0.62212446 0.74908 0.24254842
v -0.6719116 0.72664869 0.20865192
v -0.95460887 1.12590015 0.19223292
v -0.94356791 1.19655836 0.18541962
v -0.94234859 1.00318229 0.18692161
v -0.95124659 0.91470891 0.1547094
v -0.95536264 0.83789277 0.11141489
v -0.92234746 1.26632905 0.179671
v -0.92499322 0.69030094 0.08465239
v -0.91816734 0.6437096 0.06403948
v -0.95536264 0.83789277 0.11141489
v -1.0015974 1.12590015 0.18921539
v -0.95460887 1.12590015 0.19223292
v -1.0015974 1.19661903 0.19504514
v -0.94356791 1.19655836 0.18541962
v -0.94234859 1.00318229 0.18692161
v -1.0015974 1.00318229 0.1873039
v -0.95124659 0.91470891 0.1547094
v -1.0015974 0.91136646 0.15844873
v -0.95536264 0.83789277 0.11141489
v -1.0015974 0.83673793 0.12261595
v -1.0015974 1.2663244 0.21908249
v -0.92234746 1.26632905 0.179671
v -0.94746262 0.81669235 0.04741104
v -1.00140978 0.81453013 0.04932414
v -0.87944152 0.82289213 0.0073934
v -1.04858594 1.12590015 0.19223292
v -1.0596269 1.19655836 0.18541962
v -1.06084622 1.00318229 0.18692161
v -1.05194822 0.91470891 0.15470941
v -1.04783217 0.83789277 0.11141492
v -1.08084736 1.26632905 0.17967097
v -1.05532415 0.81542319 0.04978252
v -1.1240008 0.82109892 0.00980497
v -0.96528487 1.24283373 0.22809894
v -0.9585056 1.25059676 0.24416353
v -0.95373024 1.21063519 0.22814915
v -1.0015974 1.30450106 0.21418531
v -0.94693356 1.25922823 0.25656536
v -0.90862104 1.30323029 0.23397821
v -1.0015974 1.32409203 0.18347774
v -0.90698515 1.34342837 0.20476812
v -1.0015974 1.38490045 0.15900038
v -0.92202362 1.37759864 0.16522129
v -0.9562852 1.4130342 0.12229256
v -1.00147506 1.42235911 0.11244369
v -1.09457377 1.30323029 0.2339782
v -1.09620966 1.34342837 0.20476811
v -1.08117118 1.37759864 0.16522124
v -1.05626125 1.25922823 0.25656536
v -1.04666491 1.4130342 0.12229253
v -1.04468921 1.25059676 0.24416353
v -1.03790994 1.24283373 0.22809894
v -1.04946456 1.21063519 0.22814915
v -0.91930805 1.27095532 0.18746486
v -0.91519539 1.3199501 0.16200031
v -0.92785666 1.36364114 0.13388517
v -0.95800319 1.38475227 0.11743897
v -1.00159531 1.39319396 0.10758676
v -1.04518635 1.38475227 0.11743896
v -1.07533815 1.36364114 0.13388515
v -1.08799942 1.3199501 0.16200027
v -1.08388676 1.27095532 0.18746486
v -0.9518146 1.25053763 0.24416353
v -0.94024257 1.2591691 0.25656536
v -0.9536449 0.82164443 -0.18100692
v -0.89905573 0.81900841 -0.16909538
v -0.86432821 0.81478834 -0.15383266
v -1.0015974 0.82274222 -0.1730594
v -0.91028441 0.87245822 -0.15456839
v -0.96333381 0.87501997 -0.16614395
v -0.8765364 0.8683573 -0.13973616
v -0.86538158 0.86778969 -0.12340343
v -0.84316958 0.81246293 -0.13001226
v -0.85609737 0.88589859 -0.10033166
v -0.83004296 0.81199521 -0.11028587
v -0.8457665 0.8828727 -0.07927023
v -1.0064731 0.87608677 -0.15842062
v -1.04954991 0.82164443 -0.18100688
v -1.10413907 0.81900829 -0.16909534
v -1.10998271 0.82177913 -0.1764807
v -1.1388666 0.81478834 -0.15383263
v -1.14807011 0.81715083 -0.15974128
v -1.0929104 0.87245822 -0.15456836
v -1.039861 0.87501997 -0.16614392
v -1.12665841 0.86835724 -0.13973613
v -1.14722022 0.86866677 -0.12896036
v -1.16002522 0.81246293 -0.13001223
v -1.14709744 0.88589859 -0.10033165
v -1.17315185 0.81199521 -0.11028583
v -1.15742831 0.8828727 -0.07927021
v -1.1803195 0.80670363 -0.08973139
v -1.15865371 0.8788861 -0.05363656
v -1.18262932 0.79611081 -0.05892162
v -0.99672171 0.87608671 -0.15842059
v -0.83114733 0.82985294 -0.07344362
v -0.82056549 0.7809546 -0.05649154
v -0.81765234 0.79473346 -0.01786852
v -0.81616014 0.77022594 -0.01944078
v -0.83935395 0.77047759 0.01386292
v -0.85838358 0.87279636 -0.00160638
v -0.86381365 0.7690559 0.05683015
v -0.83808823 0.74381667 0.01924719
v -0.84825051 0.70996094 0.04175384
v -0.8445411 0.8788861 -0.05363659
v -0.55208397 0.76121628 0.07374535
v -0.52495295 0.78607327 0.12384817
v -0.53263751 0.79026347 0.19340153
v -0.56668773 0.77351576 0.23015194
v -0.61805356 0.74922204 0.22890143
v -0.58451661 0.73434597 0.05141307
v -0.66080856 0.72995901 0.19979259
v -0.6726585 0.71174818 0.1366854
v -0.62732583 0.71442729 0.07541598
v -0.60537359 0.79065925 0.1234885
v -0.60169679 0.79402786 0.13027845
v -0.60273817 0.79459578 0.13970435
v -0.60976887 0.78701782 0.12046203
v -0.6155704 0.78431845 0.1237149
v -0.62171388 0.78395528 0.13201815
v -0.62010801 0.78642333 0.14057046
v -0.60735273 0.79232609 0.14468478
v -0.61431378 0.78903377 0.14451531
v -0.715525 1.09309411 0.01517975
v -0.70312366 1.06680322 0.01871115
v -0.71307886 1.07025886 -0.00633989
v -0.70835358 1.04613757 -0.00216576
v -0.72841376 1.02525079 -0.04741434
v -0.71144536 1.0453912 0.00336097
v -0.93269806 0.94979781 0.20435566
v -1.00159741 0.94979781 0.22566225
v -1.00122453 0.86923087 0.19795758
v -1.00159741 1.08470726 0.23583469
v -1.07049675 0.94979781 0.20435566
v -1.04540646 1.08793771 0.20826881
v -1.00159741 1.08613276 0.21691017
v -0.95778835 1.08793771 0.20826881
v -1.00159741 0.94979781 0.21245514
v -1.00159741 1.20988464 0.20838115
v -0.97868198 1.20779657 0.21464096
v -1.02451283 1.20779657 0.21464096
v -1.0015974 1.20616448 0.2192314
v -1.0015974 1.25242686 0.21084915
v -0.96386971 1.24739838 0.22446643
v -1.0393251 1.24739838 0.22446643
v -1.0015974 1.24236989 0.23808376
v -1.08945507 1.33823657 0.1458526
v -1.10695042 1.2765919 0.14894138
v -1.09582962 1.2826581 0.18887234
v -1.11928674 1.21703076 0.17186245
v -1.09078729 1.21223617 0.19937393
v -1.08799942 1.3199501 0.16200027
v -1.07533815 1.36364114 0.13388515
v -1.12142669 1.15541804 0.16968495
v -1.06318992 1.19781649 0.19665638
v -1.08388676 1.27095532 0.18746486
v -1.13365084 1.17287648 0.1574568
v -1.1140223 1.13435769 0.17711601
v -1.05214895 1.12715816 0.20234463
v -1.08971269 1.00773752 0.19740029
v -1.11980692 1.10989714 0.16776833
v -1.10730537 1.0119046 0.18045647
v -1.07555287 0.91773885 0.17277093
v -1.08058691 0.92078733 0.16583347
v -1.06400549 1.00444031 0.19884275
v -1.05551123 0.91379064 0.16733696
v -1.06553387 0.88354003 0.13894291
v -1.05139519 0.83915085 0.11951984
v -1.10969093 1.21638536 0.16208214
v -1.12807305 1.17040384 0.14702445
v -1.12344845 1.15309191 0.16142647
v -1.10311951 1.00799692 0.17012925
v -1.07921445 0.92097074 0.15929937
v -1.06373596 0.88486952 0.1329634
v -1.14333917 1.25385416 0.12826264
v -1.16151035 1.20638478 0.12219913
v -1.1699881 1.19394791 0.11917269
v -1.25099942 1.08212578 0.14504391
v -1.14622106 1.16206741 0.11917269
v -1.2331153 1.06511962 0.14509892
v -1.20452926 1.02894318 0.12581772
v -1.13851427 1.17173636 0.11615818
v -1.12797856 1.14363754 0.09512566
v -1.24087974 0.93448424 0.03068491
v -1.24537416 0.91679645 0.08787671
v -1.33609301 0.76981199 0.07724541
v -1.2049825 1.02257991 0.13116443
v -1.21219921 0.99766201 0.09998999
v -1.21643874 1.01530719 0.13182075
v -1.24776702 1.04427874 0.15687802
v -1.23074068 1.05848897 0.16363552
v -1.26497304 1.06475174 0.157031
v -1.25923541 1.08466744 0.16364466
v -1.29646277 1.08505404 0.12773374
v -1.11608604 1.13071215 0.16787435
v -1.12165305 1.1100651 0.16072731
v -1.36865234 1.01123893 0.0795887
v -1.3250643 0.99284476 0.02455287
v -1.4483459 0.84642589 0.11342066
v -1.4175846 0.81571347 0.06251931
v -1.2917943 0.96548522 0.0112563
v -1.38316679 0.78739363 0.0455822
v -1.31728363 0.77237082 0.12942012
v -1.43279177 0.84435284 0.18963623
v -1.35039642 1.00127053 0.17303209
v -1.40206572 0.83000809 0.22899193
v -1.31793842 0.97861493 0.18845704
v -1.2824482 0.95144558 0.18845704
v -1.36115754 0.80663896 0.22503036
v -1.25744584 0.92373061 0.15881047
v -1.33298633 0.79076743 0.19413455
v -1.45719427 0.85112834 0.11311542
v -1.42756447 0.81639844 0.04300172
v -1.44163001 0.84908539 0.18932758
v -1.40566492 0.83332503 0.24035017
v -1.35572922 0.80823851 0.24121225
v -1.38902342 0.7873891 0.02597203
v -1.32830817 0.76419419 0.05901516
v -1.2992 0.76688397 0.12149288
v -1.32317972 0.79174393 0.20762165
v -1.48948371 0.79199231 0.12021656
v -1.4578903 0.76304704 0.06187308
v -1.48053518 0.79687178 0.20120971
v -1.42012328 0.73175728 0.03586771
v -1.37027302 0.70856237 0.0638185
v -1.31748423 0.70544267 0.1351652
v -1.44088459 0.77736938 0.24400465
v -1.38107035 0.74908 0.24254847
v -1.33128321 0.72664869 0.20865196
v -1.17069803 1.00607753 -0.0205292
v -1.16991241 0.88297081 -0.07852067
v -1.17368433 0.8667236 -0.04832535
v -1.14066832 1.161183 -0.02676448
v -1.19353355 0.80828381 -0.08943827
v -1.19606687 0.79666626 -0.05564764
v -1.17552167 0.85271442 -0.01863933
v -1.15701848 0.93487537 0.04495241
v -1.18567248 0.81408751 -0.11198135
v -1.17127584 0.81460041 -0.13361625
v -1.13707303 1.05067885 0.10176548
v -1.10311951 1.00799692 0.17012925
v -1.12902139 0.87592196 0.10648259
v -1.17304802 0.83155966 0.01347328
v -1.15018819 0.76344132 0.08380672
v -1.07921445 0.92097074 0.15929937
v -1.05139519 0.83915085 0.11951984
v -1.06373596 0.88486952 0.1329634
v -1.08562832 0.6904279 0.09652723
v -1.12165305 1.1100651 0.16072731
v -1.12807305 1.17040384 0.14702445
v -1.12344845 1.15309191 0.16142647
v -1.11608604 1.13071215 0.16787435
v -1.19345887 0.77254039 -0.01466215
v -1.16570333 0.7021814 0.0547682
v -1.08879631 0.6376003 0.07829539
v -1.0596269 1.19655836 0.18541962
v -1.04858594 1.12590015 0.19223292
v -1.06084622 1.00318229 0.18692161
v -1.05194822 0.91470891 0.15470941
v -1.04783217 0.83789277 0.11141492
v -1.08084736 1.26632905 0.17967097
v -1.07820158 0.69030094 0.08465243
v -1.08502747 0.6437096 0.06403952
v -1.04783217 0.83789277 0.11141492
v -1.0513802 1.25053763 0.24416353
v -1.06295224 1.2591691 0.25656536
v -1.18025139 0.7741133 -0.02155166
v -1.1549443 0.70996094 0.04175388
v -1.14481123 0.87279636 -0.00160635
v -1.13938116 0.7690559 0.05683018
v -1.47824186 0.78607327 0.12384821
v -1.45111084 0.76121628 0.07374538
v -1.4705573 0.79026347 0.19340156
v -1.43650708 0.77351576 0.23015197
v -1.38514125 0.74922204 0.22890148
v -1.41867819 0.73434597 0.0514131
v -1.34238625 0.72995901 0.19979262
v -1.33053631 0.71174818 0.13668543
v -1.37586898 0.71442729 0.07541602
v -1.40149802 0.79402786 0.13027848
v -1.39782122 0.79065925 0.12348853
v -1.40045664 0.79459578 0.13970438
v -1.39342594 0.78701782 0.12046206
v -1.38762441 0.78431845 0.12371494
v -1.38148093 0.78395528 0.13201818
v -1.3830868 0.78642333 0.14057049
v -1.39584208 0.79232609 0.14468479
v -1.38888103 0.78903377 0.14451534
v -0.82560508 1.61123037 0.57159668
v -0.85301292 1.6034832 0.58316135
v -0.8184616 1.55316019 0.5904808
v -0.8727413 1.58194208 0.59273869
v -0.87950395 1.55237937 0.59776253
v -0.87148884 1.52271557 0.59688663
v -0.85084367 1.50089931 0.59034574
v -0.82310021 1.49277663 0.57989258
v -0.79569231 1.50052345 0.5683279
v -0.77596396 1.52206469 0.55875051
v -0.76920126 1.55162764 0.55372667
v -0.77721633 1.58129132 0.55460256
v -0.79786155 1.60310757 0.56114334
v -0.89008814 1.63800919 0.54833066
v -0.84268486 1.65142715 0.52832407
v -0.92425872 1.60069895 0.56491905
v -0.93593 1.54949844 0.57374036
v -0.92190077 1.49802089 0.57264042
v -0.88633091 1.46032846 0.56077451
v -0.83847536 1.44631684 0.54274338
v -0.79080722 1.4596777 0.52263886
v -0.75663546 1.49698758 0.50604981
v -0.74495134 1.54819262 0.49734557
v -0.75880469 1.59957182 0.49886534
v -0.79462302 1.63735771 0.51021534
v -0.91975256 1.64746583 0.49532294
v -0.86868849 1.66256571 0.47353745
v -0.95920986 1.60440469 0.51447624
v -0.97489401 1.54527247 0.52554184
v -0.95636073 1.48602676 0.52375561
v -0.91508613 1.44389474 0.51145887
v -0.80602394 1.44196367 0.46831253
v -0.85921451 1.43278694 0.49452567
v -0.76958959 1.48579812 0.44628662
v -0.75737289 1.54379821 0.4376139
v -0.76894954 1.60310531 0.43830666
v -0.81224032 1.64672041 0.45226356
v -0.88766106 1.64273965 0.4186874
v -0.93405913 1.62937617 0.43833786
v -0.96822963 1.59206581 0.45492628
v -0.97994289 1.54086101 0.46362785
v -0.96606038 1.48948205 0.46211079
v -0.92858694 1.45246172 0.4502854
v -0.83939074 1.62858927 0.4004932
v -0.92917281 1.58853018 0.39264834
v -0.90176497 1.59627724 0.38108355
v -0.94890115 1.56698906 0.40222561
v -0.95566387 1.53742611 0.40724945
v -0.94764876 1.50776231 0.40637356
v -0.92662734 1.48610604 0.39970556
v -0.89841086 1.47821403 0.38911963
v -0.87850672 1.43939924 0.43693012
v -0.87176658 1.48579812 0.37781611
v -0.8326598 1.45248926 0.41274971
v -0.85228652 1.50711215 0.36822531
v -0.80182108 1.48839092 0.39631373
v -0.79447137 1.53958189 0.3884581
v -0.80542497 1.59094489 0.38906521
v -0.84613958 1.5366745 0.36313859
v -0.85400605 1.5663383 0.36402872
v -0.87404467 1.5881536 0.37062714
v -0.90640354 1.53589368 0.37049526
v -1.14937963 1.59078491 0.55587423
v -1.16884567 1.58360672 0.55871969
v -1.14429519 1.55447745 0.5761255
v -1.18187845 1.5679028 0.56341875
v -1.18498594 1.54788101 0.56871265
v -1.17733546 1.52890635 0.5731827
v -1.16097692 1.51606309 0.5756312
v -1.14029363 1.51279223 0.57540202
v -1.12082759 1.51997042 0.57255667
v -1.10779483 1.53567421 0.56785744
v -1.1046873 1.55569625 0.56256354
v -1.11233776 1.57467067 0.55809343
v -1.12869629 1.58751416 0.55564505
v -1.18790063 1.59955287 0.52500284
v -1.15423365 1.61198044 0.52007627
v -1.21047418 1.57235289 0.53314203
v -1.21585542 1.53769207 0.54239607
v -1.20259172 1.50481331 0.55044633
v -1.17427161 1.48256373 0.55429453
v -1.13859428 1.47692168 0.55389923
v -1.10473184 1.48933148 0.54896921
v -1.08215743 1.51653159 0.54082996
v -1.07677516 1.5512104 0.53166074
v -1.09002615 1.58407545 0.52391833
v -1.11840279 1.60631585 0.51967907
v -1.22242004 1.56663561 0.49340788
v -1.19635276 1.59802973 0.4840129
v -1.16008621 1.61182737 0.47848114
v -1.23023836 1.52643883 0.50421846
v -1.21332772 1.48881638 0.51362526
v -1.1807944 1.46354473 0.51887512
v -1.07425275 1.50217879 0.50228506
v -1.10079993 1.47107112 0.5117079
v -1.07048614 1.54198396 0.49188483
v -1.08360136 1.58014596 0.48277739
v -1.11805508 1.60562646 0.4779326
v -1.13887361 1.4575119 0.51823187
v -1.15899222 1.59179425 0.44183132
v -1.19194183 1.57948267 0.44672379
v -1.2145153 1.55228269 0.45486304
v -1.21989764 1.51760423 0.46403226
v -1.20664662 1.48473895 0.47177455
v -1.17715062 1.4631331 0.475923
v -1.18887798 1.53314018 0.42783558
v -1.17584521 1.54884398 0.42313635
v -1.15637918 1.55602229 0.42029086
v -1.19198549 1.51931405 0.43312943
v -1.18433498 1.49414361 0.43759948
v -1.16772008 1.48143637 0.44002292
v -1.14672188 1.47835517 0.43977645
v -1.13954173 1.45814693 0.47538856
v -1.12778917 1.48536301 0.43696511
v -1.1075374 1.46998775 0.47063366
v -1.11479931 1.50091112 0.43227458
v -1.08674284 1.49641168 0.4625918
v -1.08322538 1.5309056 0.45356613
v -1.09472527 1.56394112 0.44568974
v -1.12297662 1.58609617 0.4414413
v -1.11168685 1.52093339 0.4269802
v -1.11933733 1.53990805 0.42251021
v -1.13569424 1.55275095 0.42006183
v -1.15237762 1.51433694 0.41956741
v -0.84718962 0.56770205 -0.06539966
v -0.83030978 0.52461547 -0.06788146
v -0.83474091 0.57871944 -0.03229107
v -0.81314999 0.53698319 -0.02656259
v -0.86683005 0.56276375 -0.09507084
v -0.87871022 0.61875874 -0.03375842
v -0.87658193 0.56359941 -0.07633915
v -0.9078017 0.56606156 -0.06217783
v -0.91519219 0.51930422 -0.06830468
v -0.87158833 0.51586539 -0.08808345
v -0.93658558 0.51853204 -0.0223145
v -0.92311907 0.56550872 -0.02924949
v -0.89827114 0.5776093 0.00665841
v -0.8798009 0.57811391 0.00781897
v -0.87608418 0.53613746 0.02945808
v -0.91296139 0.5286693 0.01709613
v -0.8470424 0.53761482 0.03680794
v -0.85534441 0.58445489 0.00703622
v -0.83694521 0.56302589 0.02180854
v -0.91695004 0.57780594 0.00309947
v -0.84730253 0.58472443 0.00075098
v -0.83069451 0.54537016 0.01958641
v -0.69131395 0.12970762 -0.01000306
v -0.67297065 0.15289727 -0.00313656
v -0.75543523 0.15789285 0.05115658
v -0.75505297 0.19972557 0.07218301
v -0.6708374 0.09645779 -0.12885608
v -0.69144404 0.08368745 -0.10622516
v -0.75699289 0.22290283 0.06056568
v -0.68497181 0.1794609 -0.00078315
v -0.64764848 0.16679388 -0.16183148
v -0.83813339 0.22480689 0.02366399
v -0.84813289 0.19781844 0.03647595
v -0.91212946 0.14484695 -0.01982111
v -0.88784701 0.10681979 -0.02207894
v -0.83916506 0.15689315 0.02507073
v -0.89228131 0.185083 -0.04677512
v -0.76068264 0.06601348 -0.15346967
v -0.76040825 0.12960933 -0.18308289
v -0.69144404 0.08368745 -0.10622516
v -0.6708374 0.09645779 -0.12885608
v -0.84447533 0.07529581 -0.13639764
v -0.85803314 0.13448565 -0.13238941
v -0.91212946 0.14484695 -0.01982111
v -0.88784701 0.10681979 -0.02207894
v -0.76391795 0.15948284 -0.18121739
v -0.64764848 0.16679388 -0.16183148
v -0.85935229 0.16026261 -0.13743901
v -0.89228131 0.185083 -0.04677512
v -0.75472112 0.2501632 0.0625777
v -0.68703565 0.21216094 -0.0054288
v -0.66369644 0.19118194 -0.14200018
v -0.66208431 0.2220166 -0.01815441
v -0.64106661 0.22620435 -0.09550776
v -0.85721639 0.23685874 0.02470707
v -0.90984523 0.21587174 -0.04879261
v -0.90070656 0.22936203 -0.04453682
v -0.71814388 0.25815094 0.05084878
v -0.77513249 0.27738991 0.0520307
v -0.85937653 0.25506875 0.01538046
v -0.67423081 0.23985435 -0.02608592
v -0.73546237 0.28870246 0.04509669
v -0.71515498 0.28314787 -0.04465
v -0.75610168 0.29032072 0.00298243
v -0.70968178 0.2801066 -0.10349557
v -0.78431837 0.28165025 0.00390329
v -0.7231209 0.27464339 -0.05041374
v -0.75800881 0.28078315 -0.00984598
v -0.71847188 0.27207968 -0.10053112
v -0.78204237 0.27340293 -0.00906166
v -0.6678566 0.23058136 -0.10312976
v -0.61945081 0.19789283 -0.18503878
v -0.66369644 0.19118194 -0.14200018
v -0.767074 0.23134826 -0.20139962
v -0.87278646 0.21969467 -0.14808375
v -0.90984523 0.21587174 -0.04879261
v -0.70040059 0.25676268 -0.179208
v -0.61945081 0.19789283 -0.18503878
v -0.76914379 0.24226707 -0.19524732
v -0.90070656 0.22936203 -0.04453682
v -0.77993342 0.25747177 -0.17078231
v -0.73356995 0.26758248 -0.15303236
v -0.85527883 0.24089386 -0.13510267
v -0.87742478 0.24808899 -0.0595625
v -0.65844196 0.22003081 -0.17025551
v -0.6678566 0.23058136 -0.10312976
v -0.64106661 0.22620435 -0.09550776
v -0.70183495 0.27698904 -0.15476696
v -0.70968178 0.2801066 -0.10349557
v -0.77839406 0.2529557 -0.15891345
v -0.73881552 0.26140997 -0.14272065
v -0.84450719 0.2387007 -0.12880862
v -0.86171764 0.24454513 -0.06302708
v -0.7211957 0.26943314 -0.13115343
v -0.71847188 0.27207968 -0.10053112
v -0.84648789 0.26698098 -0.01554998
v -0.8269807 0.25947419 -0.03666982
v -0.87742478 0.24808899 -0.0595625
v -0.86171764 0.24454513 -0.06302708
v -0.78472418 0.26099142 -0.06012357
v -0.77523473 0.25892746 -0.0712044
v -0.771005 0.25807381 -0.08496635
v -0.79963109 0.25852501 -0.0575177
v -0.81266554 0.25424126 -0.06283488
v -0.81995811 0.2487905 -0.0791249
v -0.771005 0.25807381 -0.08496635
v -0.7735627 0.25719839 -0.09691785
v -0.78577197 0.2545166 -0.10684613
v -0.80090117 0.25151995 -0.1082762
v -0.81615515 0.24659935 -0.09774476
v -0.81995811 0.2487905 -0.0791249
v -0.80123654 0.31511483 -0.04812368
v -0.78472418 0.26099142 -0.06012357
v -0.78959118 0.31856596 -0.06201382
v -0.77523473 0.25892746 -0.0712044
v -0.78550568 0.32093391 -0.0746003
v -0.771005 0.25807381 -0.08496635
v -0.79963109 0.25852501 -0.0575177
v -0.8229979 0.32522231 -0.04535928
v -0.81266554 0.25424126 -0.06283488
v -0.84076208 0.32581076 -0.05183849
v -0.81995811 0.2487905 -0.0791249
v -0.84310697 0.31683683 -0.07205804
v -0.80196874 0.37811872 -0.03653545
v -0.8171501 0.36956337 -0.02162641
v -0.79705985 0.38586974 -0.05581614
v -0.84526956 0.36516738 -0.01742359
v -0.86872415 0.36165848 -0.02636517
v -0.88385538 0.36095849 -0.05532449
v -0.83750783 0.43579933 -0.01193261
v -0.85762587 0.43772483 -0.00264814
v -0.83200179 0.4393923 -0.02256584
v -0.8688333 0.43090522 0.00570055
v -0.88621524 0.42683905 -0.0012255
v -0.89020232 0.42644554 -0.01927554
v -0.85558385 0.44620588 0.00786735
v -0.87113769 0.43837142 0.02273484
v -0.89256438 0.43902427 0.01934535
v -0.90065999 0.44126877 -0.00739046
v -0.85558385 0.46788627 0.01063458
v -0.87088354 0.46398535 0.02408351
v -0.89256438 0.46491486 0.02115491
v -0.90059968 0.4652172 -0.01509825
v -0.85377486 0.45169365 -0.00074296
v -0.85302976 0.46965811 -0.00129843
v -0.84179556 0.4585453 -0.01367198
v -0.84822708 0.47289184 -0.01226891
v -0.86236699 0.47314298 0.00615327
v -0.87424695 0.47527114 0.01144311
v -0.89005749 0.47354034 0.00629063
v -0.89430518 0.47426963 -0.01773255
v -0.87225156 0.48407468 0.00181535
v -0.8574456 0.48434317 -0.00548452
v -0.88718918 0.48310691 -0.00409612
v -0.8939919 0.48219436 -0.02040974
v -0.84791511 0.48393857 -0.01946203
v -0.85919447 0.55166161 -0.01431689
v -0.87886602 0.55150288 -0.00371635
v -0.89862316 0.54659992 -0.01008074
v -0.90765414 0.54023939 -0.03074199
v -0.84643729 0.5482372 -0.0330455
v -0.86607318 0.60625452 -0.03257525
v -0.88574473 0.60609585 -0.02197473
v -0.90550188 0.60119295 -0.02833908
v -0.91453286 0.5948323 -0.04900036
v -0.85331601 0.60283017 -0.05130387
v -0.78550568 0.32093391 -0.0746003
v -0.771005 0.25807381 -0.08496635
v -0.78922699 0.32001358 -0.08775392
v -0.7735627 0.25719839 -0.09691785
v -0.80104165 0.30922234 -0.1005482
v -0.78577197 0.2545166 -0.10684613
v -0.82386014 0.31177092 -0.10240936
v -0.80090117 0.25151995 -0.1082762
v -0.84070103 0.31369796 -0.087749
v -0.81615515 0.24659935 -0.09774476
v -0.84310697 0.31683683 -0.07205804
v -0.81995811 0.2487905 -0.0791249
v -0.80447918 0.39429963 -0.07527164
v -0.79705985 0.38586974 -0.05581614
v -0.85530302 0.39223433 -0.09626579
v -0.82766482 0.39747778 -0.09201852
v -0.87959523 0.37676299 -0.08550518
v -0.88385538 0.36095849 -0.05532449
v -0.83572927 0.43886292 -0.03305657
v -0.83200179 0.4393923 -0.02256584
v -0.87222931 0.43540564 -0.04090407
v -0.8521999 0.43874419 -0.03887121
v -0.88450037 0.43029732 -0.03085575
v -0.89020232 0.42644554 -0.01927554
v -0.87843461 0.46597242 -0.03451685
v -0.85840736 0.46806473 -0.03248481
v -0.8835786 0.44609961 -0.0350092
v -0.8452221 0.47006515 -0.02633616
v -0.84179556 0.4585453 -0.01367198
v -0.90065999 0.44126877 -0.00739046
v -0.90059968 0.4652172 -0.01509825
v -0.88100587 0.4817774 -0.03614056
v -0.86049344 0.48325661 -0.03535314
v -0.84791511 0.48393857 -0.01946203
v -0.84822708 0.47289184 -0.01226891
v -0.89430518 0.47426963 -0.01773255
v -0.8939919 0.48219436 -0.02040974
v -0.89009588 0.53568649 -0.05167972
v -0.86300546 0.54044765 -0.05256891
v -0.84643729 0.5482372 -0.0330455
v -0.90765414 0.54023939 -0.03074199
v -0.89697458 0.59027946 -0.06993806
v -0.86988415 0.59504068 -0.07082726
v -0.85331601 0.60283017 -0.05130387
v -0.91453286 0.5948323 -0.04900036
v -1.17265503 0.1642089 -0.05085992
v -1.16806746 0.13109495 0.01324348
v -1.12577401 0.090496 -0.0544077
v -1.13712414 0.11479758 -0.0670394
v -1.11885886 0.02792737 -0.05455355
v -1.10095629 0.08312033 0.00233028
v -1.08834741 0.02988525 -0.03309667
v -1.12543331 0.0458196 -0.07705137
v -1.15996403 0.12184331 -0.12761381
v -1.15409864 0.05080675 -0.13060787
v -1.22886686 0.1180339 -0.18376695
v -1.22806905 0.14868739 -0.17332965
v -1.16689859 0.14918603 -0.12253164
v -1.2946392 0.14844216 -0.16390504
v -1.29896402 0.11287067 -0.17786008
v -1.22720459 0.05579967 -0.192434
v -1.30528864 0.05810438 -0.18293649
v -1.32628486 0.12215459 -0.14619999
v -1.331204 0.15071276 -0.10859722
v -1.34858534 0.05362801 -0.1311
v -1.32441145 0.11401215 -0.04263784
v -1.29887789 0.15075776 -0.02950229
v -1.33315113 0.04416655 -0.04991696
v -1.26644349 0.13403599 0.00505659
v -1.23325913 0.16524875 -0.00160971
v -1.203036 0.1228191 0.04121949
v -1.24908771 0.08490218 0.03035411
v -1.29676297 0.07129324 -0.01498139
v -1.28016621 0.03485762 0.01882331
v -1.22683655 0.09633565 0.05672575
v -1.22775497 0.09575965 0.07780898
v -1.24241672 0.03670871 0.11071768
v -1.228264 0.0833349 0.13489912
v -1.21923748 0.04368495 0.16149332
v -1.18965809 0.0987278 0.17226849
v -1.18179139 0.05337293 0.1888943
v -1.1228871 0.06914215 0.19741829
v -1.13633548 0.12157244 0.1797273
v -1.05874993 0.08756384 0.17944723
v -1.07629506 0.13455677 0.16205947
v -1.09543231 0.15174742 0.12014847
v -1.04334743 0.12597431 0.12137499
v -1.02646436 0.07785337 0.13521153
v -1.02247559 0.05257479 0.07019497
v -1.0433118 0.10859508 0.07652793
v -1.15951368 0.13592708 0.13763553
v -1.18635723 0.1267167 0.11416031
v -1.12367741 0.14361654 0.07736916
v -1.14632598 0.12625206 0.04414899
v -1.05880694 0.10472545 0.04194962
v -1.07570916 0.12804891 0.06378855
v -1.08444374 0.09866262 0.01979159
v -1.11102255 0.15202746 0.10079498
v -1.05397502 0.03380478 -0.00051114
v -1.01001038 0.0512533 0.06356023
v -1.02646436 0.07785337 0.13521153
v -1.01655988 0.08389006 0.1351881
v -1.05874993 0.08756384 0.17944723
v -1.05348847 0.09095165 0.18618025
v -1.1228871 0.06914215 0.19741829
v -1.12358268 0.07632797 0.21336754
v -1.18179139 0.05337293 0.1888943
v -1.19235381 0.05660582 0.20035675
v -1.02247559 0.05257479 0.07019497
v -1.0417334 0.03261898 -0.01054318
v -1.05397502 0.03380478 -0.00051114
v -1.07768091 0.02897877 -0.04466787
v -1.08834741 0.02988525 -0.03309667
v -1.10593782 0.02774434 -0.0657928
v -1.34858534 0.05362801 -0.1311
v -1.30528864 0.05810438 -0.18293649
v -1.36420876 0.0567618 -0.13846506
v -1.31546181 0.06063653 -0.19239402
v -1.34578219 0.04089521 -0.04604674
v -1.22358724 0.05756112 -0.21036001
v -1.22720459 0.05579967 -0.192434
v -1.33315113 0.04416655 -0.04991696
v -1.28386685 0.03325279 0.02953247
v -1.28016621 0.03485762 0.01882331
v -1.25868949 0.03657519 0.11701238
v -1.24241672 0.03670871 0.11071768
v -1.23457102 0.04728651 0.16849595
v -1.15409864 0.05080675 -0.13060787
v -1.21923748 0.04368495 0.16149332
v -1.11885886 0.02792737 -0.05455355
v -1.11651081 0.0435501 -0.09014424
v -1.12543331 0.0458196 -0.07705137
v -1.14404239 0.05059657 -0.14420813
v -1.01071702 0.02469452 0.14433949
v -1.00451189 0.00830447 0.06766387
v -1.04029394 -0.00220323 -0.01309118
v -1.04699973 0.0303241 0.19394508
v -1.07259044 -0.0034957 -0.04399036
v -1.10206556 -0.00196904 -0.0612359
v -1.11673638 0.01914549 -0.09263897
v -1.14520445 0.02543264 -0.14476864
v -1.22815649 0.01622128 -0.21158363
v -1.14565311 0.00589771 -0.14317541
v -1.31655207 0.01919344 -0.1933699
v -1.35913676 0.00531176 -0.12905818
v -1.34673163 0.02765019 -0.04585162
v -1.28991216 -0.0018777 0.02538293
v -1.33855122 0.004465 -0.04525743
v -1.25991943 -0.00545688 0.11785732
v -1.23550096 -0.00257259 0.16766344
v -1.18853223 0.00712653 0.20102739
v -1.11841381 0.01938428 0.21629302
v -0.88331328 0.08938048 0.02740929
v -0.81907707 0.13157907 0.07015855
v -0.83283032 0.16267198 -0.00311819
v -0.87827774 0.11541132 -0.00377437
v -0.88867943 0.02871876 0.03913062
v -0.88591991 0.08280443 0.0871855
v -0.90670762 0.03189478 0.06351771
v -0.89390984 0.04322327 -0.01064384
v -0.87520814 0.12127365 -0.04763746
v -0.88184543 0.0502371 -0.04820582
v -0.83229406 0.11746424 -0.12560664
v -0.82903405 0.14811774 -0.1156326
v -0.86676896 0.14861637 -0.04553597
v -0.76312961 0.14787251 -0.13194281
v -0.7644399 0.11230101 -0.1465043
v -0.83717632 0.05523001 -0.13301443
v -0.7604709 0.05753473 -0.15358891
v -0.72672385 0.12158493 -0.12743872
v -0.7076869 0.15014312 -0.09443688
v -0.7011767 0.05305834 -0.12361678
v -0.68872297 0.11344249 -0.04443239
v -0.70757133 0.1501881 -0.00896501
v -0.68596911 0.04356749 -0.0446112
v -0.72497049 0.13321553 0.01648062
v -0.7583791 0.16372238 0.01967419
v -0.77394342 0.12159893 0.0765075
v -0.73464981 0.08451861 0.05331532
v -0.70706764 0.07067306 -0.00102452
v -0.71144935 0.03460123 0.03480181
v -0.74736643 0.09588557 0.08542788
v -0.73952344 0.09541038 0.10076845
v -0.71200132 0.03538016 0.13806377
v -0.71673694 0.08320802 0.1631493
v -0.71516699 0.04321137 0.1925301
v -0.73891273 0.09873554 0.21383044
v -0.73989972 0.05298407 0.23236051
v -0.79219508 0.06889116 0.2626853
v -0.78635235 0.12177994 0.24104099
v -0.85968882 0.08747394 0.27022409
v -0.84986199 0.1348778 0.24730854
v -0.84781159 0.15221877 0.19972591
v -0.89534275 0.125361 0.22155
v -0.90729007 0.07767857 0.24111824
v -0.93623056 0.05217893 0.18184385
v -0.91411234 0.10868911 0.17985727
v -0.78054923 0.13626008 0.19170989
v -0.76416492 0.12696917 0.15884887
v -0.8372383 0.1440168 0.14649904
v -0.82817137 0.12646508 0.10625621
v -0.91274529 0.10478561 0.14095837
v -0.88832489 0.12831305 0.15490469
v -0.89602143 0.09843736 0.10970516
v -0.84032792 0.15250129 0.17433687
v -0.92892754 0.03471398 0.10480002
v -0.91664735 0.083768 0.24485524
v -0.90729007 0.07767857 0.24111824
v -0.95056478 0.05084589 0.18037136
v -0.85968882 0.08747394 0.27022409
v -0.8620476 0.09089138 0.27851602
v -0.79219508 0.06889116 0.2626853
v -0.78536266 0.07613982 0.27733326
v -0.73989972 0.05298407 0.23236051
v -0.72549209 0.05624523 0.23906888
v -0.93623056 0.05217893 0.18184385
v -0.94347182 0.03365029 0.10026979
v -0.92892754 0.03471398 0.10480002
v -0.92032631 0.0310435 0.05636102
v -0.90670762 0.03189478 0.06351771
v -0.90427998 0.02864195 0.03293046
v -0.68923554 0.05619215 -0.13551787
v -0.7604709 0.05753473 -0.15358891
v -0.7011767 0.05305834 -0.12361678
v -0.75458273 0.06006687 -0.1661821
v -0.67291829 0.04029756 -0.04408363
v -0.83717632 0.05523001 -0.13301443
v -0.84744206 0.05699146 -0.14826836
v -0.68596911 0.04356749 -0.0446112
v -0.70438477 0.0332314 0.04299612
v -0.71144935 0.03460123 0.03480181
v -0.6941545 0.03527674 0.13831386
v -0.71200132 0.03538016 0.13806377
v -0.69798306 0.04684442 0.19325797
v -0.88184543 0.0502371 -0.04820582
v -0.71516699 0.04321137 0.1925301
v -0.88867943 0.02871876 0.03913062
v -0.90845839 0.04089738 -0.01775862
v -0.89390984 0.04322327 -0.01064384
v -0.89663975 0.05002691 -0.0771761
v -0.91861846 0.02405486 0.25562894
v -0.95416547 0.00752151 0.18629491
v -0.94499785 0.00023637 0.09859148
v -0.86516523 0.02973368 0.2882385
v -0.92390472 0.00062743 0.0588294
v -0.90550343 0.00050145 0.03682186
v -0.90959708 0.01537552 -0.01912849
v -0.89581656 0.02486299 -0.07860306
v -0.84363656 0.01565162 -0.15112157
v -0.89457175 0.00532805 -0.05667677
v -0.75393721 0.01862377 -0.16749682
v -0.69056961 0.00474211 -0.12456446
v -0.67204034 0.02705109 -0.04361133
v -0.7017267 -0.00031796 0.03810355
v -0.67897043 0.00389533 -0.03965651
v -0.69352287 -0.00657012 0.13682054
v -0.69742763 -0.00345067 0.19212665
v -0.72883931 0.00633326 0.24114624
v -0.78910847 0.0186982 0.28203019
v -0.55705953 0.59331679 0.19769187
v -0.57190725 0.59620678 0.17688364
v -0.57104161 0.6219489 0.18725239
v -0.55476034 0.62249553 0.20818254
v -0.5532214 0.57449394 0.18303519
v -0.57099894 0.57844031 0.15973105
v -0.5714612 0.56650203 0.16088076
v -0.55587229 0.56240004 0.18266487
v -0.57428631 0.55476516 0.17104176
v -0.56573692 0.55378294 0.18213451
v -0.58011252 0.55082834 0.1833086
v -0.55173588 0.63405335 0.2099749
v -0.57229412 0.63236296 0.18399951
v -0.57424572 0.64160949 0.18639128
v -0.55598226 0.64227521 0.20987129
v -0.5801613 0.67940617 0.18142471
v -0.55090028 0.67596573 0.22076976
v -0.56543851 0.68538886 0.17413796
v -0.55189291 0.63858426 0.17298552
v -0.53464842 0.64427125 0.15512401
v -0.53293508 0.63471526 0.15180287
v -0.5000658 0.64240891 0.15959655
v -0.5279789 0.62601155 0.15381765
v -0.50231183 0.6291467 0.15931845
v -0.50352484 0.59980541 0.1503585
v -0.52825472 0.60437512 0.1470416
v -0.54559258 0.59254795 0.16314687
v -0.54690981 0.61832809 0.1731548
v -0.53899232 0.5881089 0.18709496
v -0.54058802 0.61730576 0.19943552
v -0.50548512 0.57920605 0.13665889
v -0.53158987 0.57968938 0.13300923
v -0.55197558 0.57294405 0.15411067
v -0.5461725 0.56577909 0.17881767
v -0.53033689 0.56713194 0.13353369
v -0.50707129 0.56684965 0.13726671
v -0.54800072 0.56128305 0.15181299
v -0.54219761 0.55585092 0.17401622
v -0.52640438 0.55510521 0.14188115
v -0.51359531 0.55615795 0.14352798
v -0.53663409 0.5517382 0.15246953
v -0.53397948 0.54941982 0.16463192
v -0.52267614 0.55047548 0.15405011
v -0.54118443 0.62764937 0.20816128
v -0.55201486 0.62842298 0.17156535
v -0.54490826 0.63751179 0.20236911
v -0.5971348 0.59382039 0.17926158
v -0.59823552 0.6195184 0.18937492
v -0.60761812 0.58887184 0.20166074
v -0.60941502 0.61773258 0.21218708
v -0.59927237 0.57412469 0.162358
v -0.61095279 0.56879801 0.18755615
v -0.5962055 0.56344628 0.16279575
v -0.60631922 0.55889076 0.18537483
v -0.58890221 0.55366653 0.17176811
v -0.59492779 0.55144316 0.1837261
v -0.61371809 0.62895781 0.21387196
v -0.59949207 0.62996984 0.18613395
v -0.59882778 0.63944834 0.18832099
v -0.61156422 0.6375441 0.21380901
v -0.60329676 0.6804409 0.18406555
v -0.62538537 0.67183882 0.21364516
v -0.58458042 0.68146271 0.17625806
v -0.57167897 0.68677819 0.16807768
v -0.6001626 0.69795728 0.16486351
v -0.55885178 0.69178742 0.15475546
v -0.54918858 0.69074774 0.15730666
v -0.50460944 0.65042204 0.16236663
v -0.50254929 0.69867355 0.17233318
v -0.54597208 0.69932896 0.14227986
v -0.55205667 0.70035934 0.13846064
v -0.54161641 0.7069295 0.12269345
v -0.55145529 0.70869887 0.12021103
v -0.54344544 0.71955949 0.08955289
v -0.56853971 0.7472868 0.08862788
v -0.58812746 0.72721261 0.13855188
v -0.61391434 0.79421884 0.13014549
v -0.60071489 0.80059707 0.10766247
v -0.58384821 0.80541319 0.09943831
v -0.55220166 0.75764465 0.08473647
v -0.52487579 0.73255688 0.08369607
v -0.50632593 0.70347768 0.064199
v -0.5226635 0.6934967 0.07537811
v -0.50519881 0.69880056 0.05929312
v -0.5226301 0.68623829 0.07097887
v -0.51785475 0.6795516 0.06708062
v -0.5034121 0.68852615 0.0571157
v -0.50975865 0.6762172 0.05316673
v -0.52331728 0.66981065 0.06356303
v -0.51963362 0.66170776 0.07998322
v -0.5138925 0.67085373 0.08475309
v -0.51678291 0.66132104 0.04405977
v -0.52850649 0.6530416 0.05469506
v -0.52427232 0.6437248 0.07356379
v -0.52661085 0.64605641 0.05245402
v -0.51566321 0.65248495 0.0427096
v -0.52294382 0.63798654 0.06879421
v -0.51932389 0.64062965 0.05267923
v -0.51313341 0.64412034 0.04700265
v -0.51720715 0.63597345 0.06211472
v -0.51066867 0.63843924 0.05585732
v -0.50929299 0.63489419 0.06595539
v -0.50581753 0.64345282 0.05125555
v -0.5083935 0.63678646 0.07560883
v -0.60761812 0.58887184 0.20166074
v -0.59342971 0.57397449 0.21393344
v -0.60941502 0.61773258 0.21218708
v -0.59344593 0.61547172 0.22611366
v -0.61371809 0.62895781 0.21387196
v -0.59317365 0.62399149 0.23481847
v -0.56597543 0.62638271 0.23268341
v -0.56624886 0.61788994 0.22399242
v -0.5681504 0.57619691 0.21194889
v -0.55476034 0.62249553 0.20818254
v -0.55705953 0.59331679 0.19769187
v -0.55842271 0.56974888 0.19920202
v -0.60165453 0.56594801 0.20259571
v -0.5532214 0.57449394 0.18303519
v -0.55587229 0.56240004 0.18266487
v -0.56074631 0.55976063 0.19586512
v -0.56573692 0.55378294 0.18213451
v -0.57235268 0.55321991 0.19077604
v -0.59819153 0.55673259 0.19898601
v -0.58687925 0.55195749 0.19192638
v -0.60631922 0.55889076 0.18537483
v -0.61095279 0.56879801 0.18755615
v -0.59492779 0.55144316 0.1837261
v -0.58011252 0.55082834 0.1833086
v -0.59819153 0.55673259 0.19898601
v -0.56074631 0.55976063 0.19586512
v -0.60165453 0.56594801 0.20259571
v -0.55842271 0.56974888 0.19920202
v -0.55173588 0.63405335 0.2099749
v -0.55598226 0.64227521 0.20987129
v -0.56837484 0.63528913 0.23195481
v -0.59295687 0.63312793 0.23388454
v -0.61156422 0.6375441 0.21380901
v -0.62538537 0.67183882 0.21364516
v -0.59655008 0.67016387 0.23529287
v -0.57338589 0.67220038 0.23347449
v -0.55090028 0.67596573 0.22076976
v -0.60542297 0.72918439 0.22878951
v -0.6309326 0.72604614 0.21041545
v -0.57446563 0.73161376 0.2246978
v -0.54371002 0.7395677 0.21218425
v -0.52780378 0.68476248 0.20855904
v -0.51727942 0.63795692 0.20656803
v -0.54490826 0.63751179 0.20236911
v -0.54118443 0.62764937 0.20816128
v -0.5151355 0.62850612 0.20761588
v -0.51926553 0.61888188 0.20041431
v -0.54058802 0.61730576 0.19943552
v -0.51841852 0.5764029 0.18835326
v -0.53899232 0.5881089 0.18709496
v -0.50068486 0.58225125 0.16998509
v -0.50018638 0.62515962 0.18064494
v -0.50231183 0.6291467 0.15931845
v -0.50352484 0.59980541 0.1503585
v -0.52937779 0.56539994 0.18350029
v -0.5461725 0.56577909 0.17881767
v -0.4990502 0.57540143 0.15208755
v -0.50548512 0.57920605 0.13665889
v -0.5273048 0.55595261 0.17821476
v -0.54219761 0.55585092 0.17401622
v -0.50707129 0.56684965 0.13726671
v -0.50111595 0.56425661 0.15088703
v -0.52234319 0.55176193 0.16513719
v -0.53397948 0.54941982 0.16463192
v -0.51216194 0.55507988 0.15456757
v -0.51359531 0.55615795 0.14352798
v -0.52267614 0.55047548 0.15405011
v -0.5000658 0.64240891 0.15959655
v -0.49605566 0.63479835 0.1878534
v -0.50003484 0.64364386 0.18870643
v -0.50460944 0.65042204 0.16236663
v -0.51155382 0.69012147 0.1917277
v -0.50254929 0.69867355 0.17233318
v -0.52509248 0.74638855 0.18969592
v -0.51730779 0.7576527 0.15704696
v -0.49533725 0.70448762 0.15599251
v -0.47893429 0.6724484 0.15291549
v -0.5015215 0.66414529 0.16045961
v -0.49752581 0.65642536 0.16197124
v -0.47418857 0.66525441 0.15255451
v -0.47762054 0.65458173 0.14766636
v -0.49348819 0.64730632 0.1555924
v -0.47393447 0.62055027 0.13410306
v -0.49205738 0.6230213 0.14387248
v -0.46918243 0.62884486 0.11272779
v -0.47250694 0.66350156 0.12466732
v -0.48364264 0.66536832 0.10878483
v -0.48255062 0.63961035 0.1011227
v -0.4796685 0.60669857 0.13641566
v -0.49492329 0.60062349 0.13858604
v -0.47153938 0.62088352 0.09986106
v -0.48380601 0.61965644 0.08949501
v -0.4774062 0.59903848 0.13100778
v -0.49105459 0.59371215 0.13281326
v -0.48013473 0.61058444 0.09057819
v -0.47036612 0.61132318 0.09935055
v -0.47739536 0.59663385 0.11861255
v -0.48587155 0.59248179 0.12259009
v -0.47466391 0.60140008 0.10632993
v -0.47944736 0.60226393 0.09823153
v -0.48138344 0.59616864 0.11017537
v -0.48520237 0.67627794 0.10866574
v -0.46907431 0.6741786 0.12955709
v -0.47431201 0.68051422 0.13213015
v -0.4895224 0.68237287 0.1129834
v -0.49098003 0.71208823 0.13640651
v -0.4958607 0.71805793 0.11642713
v -0.52186528 0.76471144 0.13306221
v -0.49983412 0.72851729 0.10710492
v -0.48448825 0.69180691 0.08746535
v -0.49822187 0.68579412 0.1000379
v -0.49592716 0.67926818 0.09903839
v -0.48198467 0.68539816 0.08504413
v -0.48641795 0.67656112 0.08200109
v -0.49547172 0.67112762 0.09250195
v -0.4938435 0.65510887 0.07077938
v -0.50243342 0.66001219 0.08601096
v -0.49753189 0.66321194 0.05435964
v -0.49817944 0.64703864 0.07539861
v -0.50792763 0.64336777 0.08208486
v -0.50462675 0.66077465 0.04727419
v -0.49958098 0.64141059 0.07045807
v -0.5083935 0.63678646 0.07560883
v -0.50449118 0.63891733 0.06083005
v -0.50929299 0.63489419 0.06595539
v -0.50581753 0.64345282 0.05125555
v -0.50485823 0.6521312 0.04550499
v -0.51313341 0.64412034 0.04700265
v -0.51566321 0.65248495 0.0427096
v -0.51678291 0.66132104 0.04405977
v -0.50975865 0.6762172 0.05316673
v -0.5034121 0.68852615 0.0571157
v -0.4903813 0.68526131 0.06432935
v -0.50519881 0.69880056 0.05929312
v -0.48594719 0.69410896 0.06737537
v -0.48806697 0.69968629 0.07149774
v -0.50632593 0.70347768 0.064199
v -0.50419235 0.73513347 0.09294729
v -0.52487579 0.73255688 0.08369607
v -0.53114325 0.76651198 0.10590487
v -0.55220166 0.75764465 0.08473647
v -0.55842957 0.80725294 0.11192562
v -0.54602429 0.805022 0.13701595
v -0.54152027 0.80154461 0.16052867
v -0.54583019 0.79573846 0.1879956
v -0.56159917 0.79027528 0.20554778
v -0.5917297 0.78442883 0.21418087
v -0.61587495 0.78085124 0.2113377
v -0.64264816 0.77831727 0.19982605
v -0.58384821 0.80541319 0.09943831
v -0.59998384 0.85209286 0.19100444
v -0.63011441 0.84763211 0.20042849
v -0.58421487 0.85481405 0.17282417
v -0.57990497 0.85636151 0.14479299
v -0.58409306 0.85648274 0.12078146
v -0.59619939 0.8550576 0.09533512
v -0.65425962 0.84366262 0.19816449
v -0.68103284 0.83940184 0.18717428
v -0.62223285 0.85086375 0.08382767
v -0.5273048 0.55595261 0.17821476
v -0.50111595 0.56425661 0.15088703
v -0.52937779 0.56539994 0.18350029
v -0.4990502 0.57540143 0.15208755
v -0.48255062 0.63961035 0.1011227
v -0.50306216 0.62995523 0.10584638
v -0.50521702 0.65331554 0.11311508
v -0.48364264 0.66536832 0.10878483
v -0.50779489 0.62165725 0.12722553
v -0.51033154 0.64439672 0.13611415
v -0.49205738 0.6230213 0.14387248
v -0.49348819 0.64730632 0.1555924
v -0.48380601 0.61965644 0.08949501
v -0.50548068 0.60860258 0.09562956
v -0.51094356 0.59907007 0.12019482
v -0.49492329 0.60062349 0.13858604
v -0.50084168 0.60147697 0.0957519
v -0.48013473 0.61058444 0.09057819
v -0.50556007 0.5932194 0.11702865
v -0.49105459 0.59371215 0.13281326
v -0.49100959 0.59745991 0.10144746
v -0.47944736 0.60226393 0.09823153
v -0.49362016 0.59267324 0.11375497
v -0.49752581 0.65642536 0.16197124
v -0.48587155 0.59248179 0.12259009
v -0.48138344 0.59616864 0.11017537
v -0.51772493 0.65198529 0.13727674
v -0.51261052 0.66090757 0.11427876
v -0.48520237 0.67627794 0.10866574
v -0.51539198 0.66894901 0.11808628
v -0.4895224 0.68237287 0.1129834
v -0.52001429 0.66088331 0.13887163
v -0.5015215 0.66414529 0.16045961
v -0.4958607 0.71805793 0.11642713
v -0.53400132 0.71703613 0.1081199
v -0.5190824 0.68561661 0.09134528
v -0.49822187 0.68579412 0.1000379
v -0.51866803 0.67753232 0.08864903
v -0.49592716 0.67926818 0.09903839
v -0.49547172 0.67112762 0.09250195
v -0.50243342 0.66001219 0.08601096
v -0.50792763 0.64336777 0.08208486
v -0.4774062 0.59903848 0.13100778
v -0.47036612 0.61132318 0.09935055
v -0.4796685 0.60669857 0.13641566
v -0.47153938 0.62088352 0.09986106
v -0.49958098 0.64141059 0.07045807
v -0.50485823 0.6521312 0.04550499
v -0.49817944 0.64703864 0.07539861
v -0.50462675 0.66077465 0.04727419
v -0.50449118 0.63891733 0.06083005
v -0.67144898 0.6308611 0.1638393
v -0.6526255 0.63534498 0.15398042
v -0.65494195 0.65133381 0.16656673
v -0.67245236 0.64810455 0.17848842
v -0.65152273 0.64880645 0.1353461
v -0.6537554 0.66581708 0.1465179
v -0.66924337 0.65778381 0.12657069
v -0.66570598 0.6116758 0.15456221
v -0.64908382 0.61684054 0.14294372
v -0.64781633 0.63231111 0.12152809
v -0.66317105 0.64261687 0.11173096
v -0.67007929 0.67707103 0.13839081
v -0.65139183 0.6117416 0.13693549
v -0.6667178 0.60652405 0.14640427
v -0.65029418 0.62513959 0.11838901
v -0.66452256 0.6333198 0.10931134
v -0.65821022 0.61877412 0.11930052
v -0.65884396 0.61103886 0.13000835
v -0.66837922 0.68660295 0.14164305
v -0.66723371 0.60776669 0.13531467
v -0.68194655 0.64371306 0.12968493
v -0.68575883 0.66744077 0.1458509
v -0.68304938 0.63025171 0.14831927
v -0.68694538 0.65295762 0.16589972
v -0.67827383 0.61674237 0.14929497
v -0.67638779 0.63976365 0.1174272
v -0.67596942 0.63083762 0.11426003
v -0.67760283 0.61090064 0.14185837
v -0.67277291 0.61995196 0.11928951
v -0.66596624 0.62323731 0.11389904
v -0.67340666 0.61221671 0.12999731
v -0.66704136 0.61430311 0.12371466
v -0.67596942 0.63083762 0.11426003
v -0.67760283 0.61090064 0.14185837
v -0.67638779 0.63976365 0.1174272
v -0.67827383 0.61674237 0.14929497
v -0.67104211 0.65409958 0.18663688
v -0.649492 0.65679765 0.1708363
v -0.64830545 0.67128086 0.15078747
v -0.64905438 0.66455305 0.17499387
v -0.66914377 0.6615206 0.18880945
v -0.64798197 0.67764306 0.15687355
v -0.69349009 0.66869473 0.17545791
v -0.67913494 0.68149328 0.18398803
v -0.63667679 0.67281675 0.19338806
v -0.64617303 0.68111724 0.20497037
v -0.67034882 0.70512551 0.19753253
v -0.66285199 0.73025906 0.20960873
v -0.6309326 0.72604614 0.21041545
v -0.64264816 0.77831727 0.19982605
v -0.66732204 0.69432968 0.15062256
v -0.62603605 0.68038601 0.16977753
v -0.63404614 0.69945049 0.14965032
v -0.69230357 0.68317795 0.15540908
v -0.6780625 0.69458324 0.16586769
v -0.67729548 0.72217876 0.17213146
v -0.66703343 0.72825497 0.1488822
v -0.67005783 0.74990779 0.18139759
v -0.65520641 0.76205838 0.15262669
v -0.62462831 0.73846465 0.14531928
v -0.63382134 0.7859059 0.1601176
v -0.68103284 0.83940184 0.18717428
v -0.67220601 0.8408432 0.1467728
v -0.65229902 0.8444857 0.11588331
v -0.63909954 0.84735882 0.09269033
v -0.62223285 0.85086375 0.08382767
v -1.4321532 0.6219489 0.18725242
v -1.43128756 0.59620678 0.1768837
v -1.44613528 0.59331679 0.19769192
v -1.44843447 0.62249553 0.2081826
v -1.4499734 0.57449394 0.18303524
v -1.43219587 0.57844031 0.15973109
v -1.43173361 0.56650203 0.1608808
v -1.44732252 0.56240004 0.1826649
v -1.4289085 0.55476516 0.17104179
v -1.43745789 0.55378294 0.18213455
v -1.42308229 0.55082834 0.18330868
v -1.45145893 0.63405335 0.20997493
v -1.43090069 0.63236296 0.18399955
v -1.42894909 0.64160949 0.18639132
v -1.44721255 0.64227521 0.20987132
v -1.42303351 0.67940617 0.18142475
v -1.45229453 0.67596573 0.22076981
v -1.4377563 0.68538886 0.17413801
v -1.4513019 0.63858426 0.17298558
v -1.46854639 0.64427125 0.15512405
v -1.47025973 0.63471526 0.1518029
v -1.50312901 0.64240891 0.15959659
v -1.47521591 0.62601155 0.15381771
v -1.50088298 0.6291467 0.15931849
v -1.49966997 0.59980541 0.15035854
v -1.47494009 0.60437512 0.14704166
v -1.45760223 0.59254795 0.16314693
v -1.456285 0.61832809 0.17315486
v -1.46420249 0.5881089 0.18709499
v -1.46260679 0.61730576 0.19943558
v -1.49770969 0.57920605 0.13665894
v -1.47160494 0.57968938 0.13300928
v -1.45121923 0.57294405 0.15411071
v -1.45702231 0.56577909 0.17881772
v -1.47285792 0.56713194 0.13353373
v -1.49612352 0.56684965 0.13726676
v -1.45519409 0.56128305 0.15181305
v -1.46099719 0.55585092 0.17401628
v -1.47679043 0.55510521 0.14188121
v -1.4895995 0.55615795 0.14352804
v -1.46656072 0.5517382 0.15246958
v -1.46921533 0.54941982 0.16463198
v -1.48051867 0.55047548 0.15405017
v -1.46201038 0.62764937 0.20816131
v -1.45117995 0.62842298 0.17156541
v -1.45828655 0.63751179 0.20236915
v -1.40606001 0.59382039 0.17926164
v -1.40495929 0.6195184 0.18937495
v -1.39557669 0.58887184 0.2016608
v -1.39377978 0.61773258 0.21218713
v -1.40392244 0.57412469 0.16235805
v -1.39224201 0.56879801 0.18755619
v -1.40698931 0.56344628 0.16279578
v -1.39687559 0.55889076 0.18537487
v -1.4142926 0.55366653 0.17176816
v -1.40826702 0.55144316 0.18372615
v -1.40370274 0.62996984 0.18613401
v -1.40436703 0.63944834 0.18832104
v -1.39163059 0.6375441 0.21380907
v -1.38947672 0.62895781 0.21387199
v -1.39989805 0.6804409 0.18406558
v -1.37780944 0.67183882 0.2136452
v -1.41861439 0.68146271 0.1762581
v -1.43151584 0.68677819 0.16807771
v -1.40303221 0.69795728 0.16486354
v -1.44434303 0.69178742 0.15475549
v -1.45400622 0.69074774 0.1573067
v -1.49858537 0.65042204 0.16236667
v -1.50064552 0.69867355 0.17233321
v -1.45722273 0.69932896 0.14227991
v -1.45113814 0.70035934 0.13846068
v -1.4615784 0.7069295 0.12269349
v -1.45173952 0.70869887 0.12021106
v -1.45974937 0.71955949 0.08955293
v -1.4346551 0.7472868 0.08862792
v -1.41506734 0.72721261 0.13855191
v -1.38928047 0.79421884 0.13014553
v -1.40247992 0.80059707 0.10766249
v -1.4193466 0.80541319 0.09943834
v -1.45099315 0.75764465 0.08473651
v -1.47831902 0.73255688 0.08369611
v -1.49686888 0.70347768 0.06419904
v -1.48053131 0.6934967 0.07537814
v -1.497996 0.69880056 0.05929316
v -1.48056471 0.68623829 0.07097891
v -1.48534006 0.6795516 0.06708066
v -1.49978271 0.68852615 0.05711573
v -1.49343616 0.6762172 0.05316677
v -1.47987753 0.66981065 0.06356308
v -1.48356119 0.66170776 0.07998326
v -1.48930231 0.67085373 0.08475313
v -1.4864119 0.66132104 0.04405981
v -1.47468832 0.6530416 0.05469511
v -1.47892249 0.6437248 0.07356384
v -1.47658396 0.64605641 0.05245407
v -1.4875316 0.65248495 0.04270964
v -1.48025098 0.63798654 0.06879427
v -1.48387092 0.64062965 0.05267927
v -1.4900614 0.64412034 0.04700269
v -1.48598766 0.63597345 0.06211476
v -1.49252614 0.63843924 0.05585736
v -1.49390182 0.63489419 0.06595545
v -1.49737728 0.64345282 0.0512556
v -1.49480131 0.63678646 0.07560887
v -1.39377978 0.61773258 0.21218713
v -1.40976509 0.57397449 0.2139335
v -1.39557669 0.58887184 0.2016608
v -1.40974888 0.61547172 0.22611369
v -1.38947672 0.62895781 0.21387199
v -1.41002116 0.62399149 0.2348185
v -1.43721938 0.62638271 0.23268345
v -1.43694595 0.61788994 0.22399245
v -1.43504441 0.57619691 0.21194893
v -1.44843447 0.62249553 0.2081826
v -1.44613528 0.59331679 0.19769192
v -1.44477209 0.56974888 0.19920208
v -1.40154028 0.56594801 0.20259577
v -1.4499734 0.57449394 0.18303524
v -1.44732252 0.56240004 0.1826649
v -1.4424485 0.55976063 0.19586518
v -1.43745789 0.55378294 0.18213455
v -1.43084213 0.55321991 0.19077609
v -1.40500328 0.55673259 0.19898605
v -1.41631556 0.55195749 0.19192642
v -1.39687559 0.55889076 0.18537487
v -1.39224201 0.56879801 0.18755619
v -1.40826702 0.55144316 0.18372615
v -1.42308229 0.55082834 0.18330868
v -1.40154028 0.56594801 0.20259577
v -1.4424485 0.55976063 0.19586518
v -1.40500328 0.55673259 0.19898605
v -1.44477209 0.56974888 0.19920208
v -1.45145893 0.63405335 0.20997493
v -1.44721255 0.64227521 0.20987132
v -1.43481997 0.63528913 0.23195487
v -1.41023794 0.63312793 0.23388457
v -1.39163059 0.6375441 0.21380907
v -1.37780944 0.67183882 0.2136452
v -1.40664473 0.67016387 0.23529291
v -1.42980891 0.67220038 0.23347454
v -1.45229453 0.67596573 0.22076981
v -1.39777184 0.72918439 0.22878955
v -1.37226221 0.72604614 0.2104155
v -1.42872918 0.73161376 0.22469783
v -1.45948479 0.7395677 0.2121843
v -1.47539103 0.68476248 0.20855907
v -1.48591539 0.63795692 0.20656808
v -1.45828655 0.63751179 0.20236915
v -1.46201038 0.62764937 0.20816131
v -1.48805931 0.62850612 0.20761594
v -1.48392928 0.61888188 0.20041436
v -1.46260679 0.61730576 0.19943558
v -1.48477629 0.5764029 0.1883533
v -1.46420249 0.5881089 0.18709499
v -1.50250995 0.58225125 0.16998512
v -1.50300843 0.62515962 0.180645
v -1.50088298 0.6291467 0.15931849
v -1.49966997 0.59980541 0.15035854
v -1.47381702 0.56539994 0.18350032
v -1.45702231 0.56577909 0.17881772
v -1.50414461 0.57540143 0.15208761
v -1.49770969 0.57920605 0.13665894
v -1.47589001 0.55595261 0.17821482
v -1.46099719 0.55585092 0.17401628
v -1.49612352 0.56684965 0.13726676
v -1.50207883 0.56425661 0.15088709
v -1.48085162 0.55176193 0.16513725
v -1.46921533 0.54941982 0.16463198
v -1.49103287 0.55507988 0.15456761
v -1.4895995 0.55615795 0.14352804
v -1.48051867 0.55047548 0.15405017
v -1.50312901 0.64240891 0.15959659
v -1.50713915 0.63479835 0.18785343
v -1.50315994 0.64364386 0.18870649
v -1.49858537 0.65042204 0.16236667
v -1.49164099 0.69012147 0.19172773
v -1.50064552 0.69867355 0.17233321
v -1.47810233 0.74638855 0.18969597
v -1.48588702 0.7576527 0.15704699
v -1.50785756 0.70448762 0.15599254
v -1.52426052 0.6724484 0.15291554
v -1.50167328 0.66414529 0.16045965
v -1.505669 0.65642536 0.16197129
v -1.52900624 0.66525441 0.15255454
v -1.52557427 0.65458173 0.14766641
v -1.50970662 0.64730632 0.15559244
v -1.52926034 0.62055027 0.1341031
v -1.51113743 0.6230213 0.14387254
v -1.53401238 0.62884486 0.11272783
v -1.53068787 0.66350156 0.12466738
v -1.51955217 0.66536832 0.10878488
v -1.52064419 0.63961035 0.10112275
v -1.52352631 0.60669857 0.13641571
v -1.50827152 0.60062349 0.13858609
v -1.53165543 0.62088352 0.09986111
v -1.51938879 0.61965644 0.08949506
v -1.52578861 0.59903848 0.13100782
v -1.51214021 0.59371215 0.1328133
v -1.52306008 0.61058444 0.09057824
v -1.53282869 0.61132318 0.09935059
v -1.52579945 0.59663385 0.1186126
v -1.51732326 0.59248179 0.12259014
v -1.5285309 0.60140008 0.10632997
v -1.52374744 0.60226393 0.09823158
v -1.52181137 0.59616864 0.11017542
v -1.51799244 0.67627794 0.10866578
v -1.5341205 0.6741786 0.12955713
v -1.5288828 0.68051422 0.13213021
v -1.51367241 0.68237287 0.11298344
v -1.51221478 0.71208823 0.13640654
v -1.50733411 0.71805793 0.11642717
v -1.48132953 0.76471144 0.13306224
v -1.50336069 0.72851729 0.10710496
v -1.51870656 0.69180691 0.08746539
v -1.50497293 0.68579412 0.10003793
v -1.50726765 0.67926818 0.09903843
v -1.52121013 0.68539816 0.08504418
v -1.51677686 0.67656112 0.08200114
v -1.50772309 0.67112762 0.092502
v -1.50935131 0.65510887 0.07077943
v -1.50076139 0.66001219 0.08601101
v -1.50566292 0.66321194 0.05435968
v -1.50501537 0.64703864 0.07539865
v -1.49526718 0.64336777 0.08208491
v -1.49856806 0.66077465 0.04727424
v -1.50361383 0.64141059 0.07045812
v -1.49480131 0.63678646 0.07560887
v -1.49870363 0.63891733 0.0608301
v -1.49390182 0.63489419 0.06595545
v -1.49737728 0.64345282 0.0512556
v -1.49833658 0.6521312 0.04550504
v -1.4900614 0.64412034 0.04700269
v -1.4875316 0.65248495 0.04270964
v -1.4864119 0.66132104 0.04405981
v -1.49343616 0.6762172 0.05316677
v -1.49978271 0.68852615 0.05711573
v -1.51281351 0.68526131 0.06432939
v -1.497996 0.69880056 0.05929316
v -1.51724762 0.69410896 0.06737541
v -1.51512784 0.69968629 0.07149778
v -1.49686888 0.70347768 0.06419904
v -1.49900246 0.73513347 0.09294733
v -1.47831902 0.73255688 0.08369611
v -1.47205156 0.76651198 0.1059049
v -1.45099315 0.75764465 0.08473651
v -1.44476524 0.80725294 0.11192565
v -1.45717052 0.805022 0.13701598
v -1.46167454 0.80154461 0.16052872
v -1.45736462 0.79573846 0.18799563
v -1.44159564 0.79027528 0.20554781
v -1.41146511 0.78442883 0.2141809
v -1.38731986 0.78085124 0.21133772
v -1.36054665 0.77831727 0.19982608
v -1.4193466 0.80541319 0.09943834
v -1.40321097 0.85209286 0.19100448
v -1.3730804 0.84763211 0.2004285
v -1.41897994 0.85481405 0.1728242
v -1.42328984 0.85636151 0.14479302
v -1.41910174 0.85648274 0.12078147
v -1.40699542 0.8550576 0.09533514
v -1.34893519 0.84366262 0.19816452
v -1.32216197 0.8394019 0.18717429
v -1.38096195 0.85086375 0.08382768
v -1.47381702 0.56539994 0.18350032
v -1.50207883 0.56425661 0.15088709
v -1.47589001 0.55595261 0.17821482
v -1.50414461 0.57540143 0.15208761
v -1.49797779 0.65331554 0.11311512
v -1.50013268 0.62995523 0.10584642
v -1.52064419 0.63961035 0.10112275
v -1.51955217 0.66536832 0.10878488
v -1.49539992 0.62165725 0.12722558
v -1.49286327 0.64439672 0.13611421
v -1.51113743 0.6230213 0.14387254
v -1.50970662 0.64730632 0.15559244
v -1.51938879 0.61965644 0.08949506
v -1.49771413 0.60860258 0.0956296
v -1.49225125 0.59907007 0.12019487
v -1.50827152 0.60062349 0.13858609
v -1.50235313 0.60147697 0.09575195
v -1.52306008 0.61058444 0.09057824
v -1.49763474 0.5932194 0.11702869
v -1.51214021 0.59371215 0.1328133
v -1.51218522 0.59745991 0.1014475
v -1.52374744 0.60226393 0.09823158
v -1.50957465 0.59267324 0.11375503
v -1.505669 0.65642536 0.16197129
v -1.48546988 0.65198529 0.13727678
v -1.49058428 0.66090757 0.11427879
v -1.51799244 0.67627794 0.10866578
v -1.48780283 0.66894901 0.11808632
v -1.51367241 0.68237287 0.11298344
v -1.48318052 0.66088331 0.13887167
v -1.50167328 0.66414529 0.16045965
v -1.50733411 0.71805793 0.11642717
v -1.46919349 0.71703613 0.10811994
v -1.48411241 0.68561661 0.09134532
v -1.50497293 0.68579412 0.10003793
v -1.48452678 0.67753232 0.08864907
v -1.50726765 0.67926818 0.09903843
v -1.50772309 0.67112762 0.092502
v -1.50076139 0.66001219 0.08601101
v -1.49526718 0.64336777 0.08208491
v -1.52352631 0.60669857 0.13641571
v -1.53282869 0.61132318 0.09935059
v -1.52578861 0.59903848 0.13100782
v -1.53165543 0.62088352 0.09986111
v -1.51732326 0.59248179 0.12259014
v -1.52181137 0.59616864 0.11017542
v -1.50501537 0.64703864 0.07539865
v -1.49833658 0.6521312 0.04550504
v -1.50361383 0.64141059 0.07045812
v -1.49856806 0.66077465 0.04727424
v -1.49870363 0.63891733 0.0608301
v -1.34825286 0.65133381 0.16656677
v -1.35056931 0.63534498 0.15398046
v -1.33174583 0.6308611 0.16383934
v -1.33074245 0.64810455 0.17848846
v -1.35167208 0.64880645 0.13534614
v -1.34943941 0.66581708 0.14651795
v -1.33395144 0.65778381 0.12657072
v -1.33748883 0.6116758 0.15456223
v -1.35411099 0.61684054 0.14294378
v -1.35537848 0.63231111 0.12152815
v -1.34002376 0.64261687 0.111731
v -1.33311552 0.67707103 0.13839085
v -1.35180297 0.6117416 0.13693553
v -1.33647701 0.60652405 0.14640433
v -1.35290062 0.62513959 0.11838905
v -1.33867225 0.6333198 0.10931139
v -1.34498459 0.61877412 0.11930057
v -1.34435084 0.61103886 0.13000838
v -1.33481559 0.68660295 0.14164308
v -1.3359611 0.60776669 0.13531472
v -1.32124823 0.64371306 0.12968498
v -1.31743598 0.66744077 0.14585094
v -1.3201454 0.63025171 0.14831933
v -1.31624943 0.65295762 0.16589977
v -1.32492098 0.61674237 0.14929502
v -1.32680702 0.63976365 0.11742725
v -1.32722539 0.63083762 0.11426008
v -1.32559198 0.61090064 0.14185843
v -1.33042189 0.61995196 0.11928957
v -1.33722857 0.62323731 0.1138991
v -1.32978815 0.61221671 0.12999736
v -1.33615345 0.61430311 0.1237147
v -1.32680702 0.63976365 0.11742725
v -1.32559198 0.61090064 0.14185843
v -1.32722539 0.63083762 0.11426008
v -1.32492098 0.61674237 0.14929502
v -1.33215269 0.65409958 0.18663694
v -1.35370281 0.65679765 0.17083633
v -1.35488936 0.67128086 0.15078752
v -1.35414043 0.66455305 0.17499392
v -1.33405104 0.6615206 0.1888095
v -1.35521284 0.67764306 0.1568736
v -1.30970472 0.66869473 0.17545795
v -1.32405987 0.68149328 0.18398806
v -1.36651802 0.67281675 0.19338809
v -1.35702178 0.68111724 0.20497042
v -1.33284599 0.70512551 0.19753258
v -1.34034282 0.73025906 0.20960878
v -1.37226221 0.72604614 0.2104155
v -1.36054665 0.77831727 0.19982608
v -1.33587277 0.69432968 0.15062259
v -1.37715876 0.68038601 0.16977756
v -1.36914867 0.69945049 0.14965037
v -1.31089124 0.68317795 0.15540913
v -1.32513231 0.69458324 0.16586773
v -1.32589933 0.72217876 0.17213149
v -1.33616138 0.72825497 0.14888224
v -1.33313698 0.74990779 0.18139763
v -1.3479884 0.76205838 0.15262672
v -1.3785665 0.73846465 0.14531933
v -1.36937347 0.7859059 0.16011764
v -1.32216197 0.8394019 0.18717429
v -1.33098879 0.8408432 0.14677283
v -1.35089579 0.8444857 0.11588335
v -1.36409527 0.84735882 0.09269035
v -1.38096195 0.85086375 0.08382768
v -0.75301848 1.53755677 0.42705402
v -0.75616387 1.59255266 0.45117328
v -0.76290756 1.53916681 0.42791802
v -0.76442716 1.49578261 0.43856189
v -0.77366209 1.53651893 0.4331347
v -0.76024657 1.59262109 0.44960245
v -0.77807909 1.62996233 0.50311559
v -0.80198516 1.63229001 0.49033085
v -0.84385879 1.65234554 0.54490072
v -0.82984161 1.6721102 0.55917448
v -0.89963462 1.65013421 0.57367033
v -0.90035854 1.63842571 0.56268352
v -0.93252492 1.62636316 0.58260006
v -0.95119732 1.59918439 0.58207673
v -0.93629949 1.59666359 0.55603975
v -0.95725885 1.53811657 0.56585079
v -0.97638546 1.55560279 0.58110404
v -0.94388442 1.49321043 0.55607498
v -0.97335019 1.50639951 0.57021081
v -0.94275999 1.46740973 0.55948907
v -0.76295571 1.65581656 0.51091558
v -0.78155902 1.68708873 0.50026244
v -0.84206581 1.71210909 0.52258813
v -0.9336412 1.49312997 0.5266515
v -0.90484516 1.45717919 0.51769787
v -0.91362622 1.45620477 0.5364452
v -0.91481526 1.45341539 0.54139751
v -0.85854913 1.44324088 0.53168178
v -0.85939249 1.43808007 0.51596159
v -0.81145458 1.44625878 0.50508755
v -0.79818919 1.43813884 0.49788123
v -0.77348687 1.46982741 0.4602088
v -0.79237379 1.47251213 0.4634265
v -0.78037144 1.49651361 0.44042319
v -0.81148453 1.44870007 0.49208441
v -0.85484925 1.43965638 0.50260049
v -0.75704594 1.46900296 0.45419851
v -0.7519681 1.49032378 0.43856177
v -0.7637407 1.4458828 0.46521953
v -0.74378055 1.4708277 0.43750304
v -0.7411474 1.5332588 0.42741406
v -0.74911296 1.44999969 0.42532474
v -0.86095162 1.43148589 0.54263967
v -0.82419719 1.41992342 0.52428669
v -0.772139 1.4211123 0.46187922
v -0.75379167 1.43017447 0.41600472
v -0.87006423 1.41275156 0.54897308
v -0.83825029 1.40942001 0.5205189
v -0.90679576 1.41510618 0.55650425
v -0.90558613 1.4398458 0.55426323
v -0.78941727 1.40646982 0.46485725
v -0.77114111 1.41025984 0.40201834
v -0.84212247 1.39114153 0.47975621
v -0.810185 1.3738389 0.42109916
v -0.79024251 1.39354682 0.38080069
v -0.74851215 1.44693208 0.37528175
v -0.75693069 1.42635083 0.35744739
v -0.77347939 1.40885353 0.33734021
v -0.87552617 1.40980279 0.54236805
v -0.86319222 1.40143037 0.50430357
v -0.90633734 1.41226387 0.55289918
v -0.84855492 1.37306547 0.46463302
v -0.81706691 1.36323678 0.40203899
v -0.80362521 1.37356627 0.34414086
v -0.84970556 1.34809756 0.44925606
v -0.82123557 1.34853244 0.38752192
v -0.84794192 1.32297754 0.44356948
v -0.82825524 1.32834983 0.37728846
v -0.84677103 1.30071139 0.44613022
v -0.83596918 1.30173564 0.37028179
v -0.84081061 1.28388762 0.45015532
v -0.83378506 1.26818597 0.42532715
v -0.83933564 1.25659537 0.47167426
v -0.85205115 1.26756799 0.47578007
v -0.85941023 1.28860629 0.45039415
v -0.8724076 1.27700138 0.47486401
v -0.87920301 1.2752068 0.49711645
v -0.87481685 1.25855875 0.4972187
v -0.8911135 1.27842486 0.48603576
v -0.92895112 1.27996457 0.50822222
v -0.92666819 1.25927579 0.51066756
v -0.9339452 1.28721797 0.49414614
v -0.97093931 1.28542686 0.51882005
v -0.96753155 1.26006567 0.52279353
v -0.97576967 1.2933445 0.50296658
v -1.0034045 1.28773057 0.52167279
v -1.00338077 1.25826883 0.52649766
v -1.00341402 1.29333985 0.50473034
v -0.88444205 1.24400818 0.48411804
v -0.93282636 1.24716401 0.49708074
v -0.97315435 1.25398326 0.50949711
v -1.00336419 1.25439382 0.51453048
v -0.90225089 1.28060365 0.47504324
v -0.88549087 1.27232111 0.46533176
v -0.87239589 1.28306174 0.43631575
v -0.93886253 1.28391707 0.48309544
v -0.97770411 1.2892065 0.49142694
v -1.0034158 1.29059052 0.49361953
v -0.94127819 1.25130439 0.48853481
v -0.89839612 1.23934793 0.47874945
v -0.98115045 1.25186431 0.50101715
v -1.00336849 1.25205195 0.50401825
v -0.91986486 1.2158519 0.49156019
v -0.88538525 1.21707094 0.46551502
v -0.9616753 1.21517038 0.50459105
v -1.00338102 1.22072411 0.50691128
v -0.90766837 1.20029557 0.47173393
v -0.89399787 1.21235466 0.44190392
v -0.9666107 1.19790506 0.49242863
v -1.00341367 1.19937503 0.50239372
v -0.92222435 1.20408511 0.43653053
v -0.91389427 1.21321642 0.40926147
v -0.9524952 1.19884551 0.44833305
v -1.00342571 1.19523811 0.46377373
v -0.88078648 1.22365129 0.42434534
v -0.8602172 1.23309755 0.45778215
v -0.86172011 1.2469219 0.39779139
v -0.88444852 1.23836637 0.38326666
v -0.86908671 1.27308619 0.34627098
v -0.85347852 1.24028158 0.4612141
v -0.84927157 1.26062977 0.40741417
v -0.840707 1.28201687 0.35251856
v -1.00342571 1.20366931 0.41913837
v -0.95588016 1.2098943 0.40761438
v -0.83707118 1.30002546 0.33373886
v -0.82742324 1.33000481 0.3355799
v -0.81694405 1.3578105 0.33443916
v -1.00342571 1.20980787 0.38482967
v -0.96750157 1.21459675 0.38002363
v -0.91825604 1.22123599 0.37993991
v -0.85071886 1.33404016 0.3029317
v -0.81990746 1.36879098 0.29856491
v -0.8782677 1.30073559 0.29904506
v -0.96750157 1.24989641 0.32838675
v -0.93114482 1.25519824 0.33093542
v -1.00342571 1.24567437 0.33072409
v -0.89985968 1.26801598 0.34335536
v -0.97473625 1.25528622 0.2983976
v -0.94384293 1.26300895 0.30097142
v -1.00342571 1.25107837 0.29596388
v -0.91395003 1.27748287 0.29992294
v -0.97105726 1.26175392 0.26423547
v -0.93968653 1.26685786 0.2739881
v -1.00372082 1.25929463 0.25371492
v -0.91644666 1.28043759 0.27446762
v -0.89847425 1.30587053 0.26944911
v -1.03934985 1.24989665 0.32838807
v -1.03934985 1.21459675 0.37227863
v -1.08859542 1.22123599 0.37993991
v -1.09374483 1.21321642 0.40911052
v -1.05098118 1.2098943 0.40761438
v -1.08500772 1.20408511 0.43639803
v -1.11048543 1.21231937 0.43688631
v -1.08959775 1.20325077 0.47984418
v -1.11847336 1.23101914 0.4705871
v -1.08827672 1.21585131 0.49133354
v -1.12324005 1.24745762 0.46671626
v -1.06495536 1.25051248 0.48804316
v -1.12422538 1.25466835 0.47508967
v -1.07319967 1.25264943 0.49620894
v -1.13104759 1.25811696 0.48959741
v -1.16816162 1.26519847 0.45889848
v -1.12713929 1.28166318 0.48886016
v -1.15481453 1.28520668 0.46244135
v -1.16142413 1.2914319 0.43334416
v -1.17304699 1.27168834 0.41370884
v -1.1686229 1.2954011 0.38081333
v -1.1600803 1.30687606 0.4055115
v -1.17900941 1.32720852 0.37421325
v -1.16222197 1.32782626 0.40568697
v -1.18341501 1.34728265 0.3848418
v -1.16083492 1.34536314 0.4160116
v -1.1831324 1.36215293 0.4005793
v -1.16168661 1.36620975 0.43149966
v -1.18394788 1.3776114 0.41895133
v -1.16185945 1.39417517 0.46242973
v -1.19816442 1.39737916 0.43648592
v -1.17667751 1.40958452 0.48769474
v -1.22703271 1.4163394 0.44446456
v -1.19132029 1.41297817 0.49269941
v -1.1349847 1.41302931 0.53179812
v -1.14700045 1.41702461 0.5356822
v -1.20082447 1.44739985 0.49849623
v -1.14940374 1.44342172 0.53281236
v -1.18912274 1.45542097 0.50462794
v -1.15167643 1.45387042 0.53353393
v -1.11344196 1.46274972 0.54606014
v -1.10680143 1.45932996 0.5513916
v -1.0847685 1.50271928 0.54876745
v -1.07067999 1.50852537 0.56495744
v -1.07361303 1.54774714 0.56989229
v -1.07908019 1.53673947 0.55287576
v -1.08112027 1.5856111 0.581348
v -1.08893963 1.57410109 0.56151384
v -1.11666354 1.61148095 0.57444537
v -1.11416075 1.60153425 0.561459
v -1.1784469 1.628636 0.55257821
v -1.16954957 1.61615837 0.5414924
v -1.21911341 1.60439134 0.48881713
v -1.08655277 1.60252893 0.58177859
v -1.1278249 1.62976313 0.57199371
v -1.22833821 1.6150316 0.5053739
v -1.18885852 1.64662743 0.54716414
v -1.24523799 1.57234848 0.45808062
v -1.22734074 1.57714808 0.46955577
v -1.22673166 1.53238797 0.46195719
v -1.23991506 1.53048337 0.45508882
v -1.22726986 1.48360002 0.48002517
v -1.24295859 1.46852326 0.45396268
v -1.2457905 1.64643991 0.50492483
v -1.2664848 1.60845327 0.45761916
v -1.22199273 1.53021324 0.46401909
v -1.21191281 1.57265699 0.46770531
v -1.20806193 1.48500109 0.47821739
v -1.23221435 1.43268359 0.46172187
v -1.18054649 1.46541643 0.48893753
v -1.15380034 1.4621377 0.52231419
v -1.11760235 1.47129726 0.52883184
v -1.09551144 1.49746621 0.53342682
v -1.08938783 1.53271019 0.53346252
v -1.10241122 1.56862617 0.53708959
v -1.12536438 1.59688902 0.52902991
v -1.16126627 1.60697794 0.52271026
v -1.19368477 1.59679902 0.48480138
v -0.74509519 1.60717881 0.45700285
v -0.73671234 1.62221503 0.44750684
v -0.74688518 1.6551733 0.43686873
v -0.75730605 1.67248094 0.43058345
v -0.79820012 1.71209586 0.46687984
v -0.86922222 1.72972882 0.48419017
v -0.92871471 1.69554925 0.54615515
v -0.93047437 1.72236741 0.482775
v -0.89493046 1.67285168 0.56684881
v -0.93291588 1.66146719 0.57664835
v -0.85473818 1.75470901 0.40230197
v -0.92150819 1.77599072 0.38061413
v -0.80075598 1.72194505 0.40400127
v -0.8624121 1.77922237 0.27009535
v -0.92357641 1.79519701 0.26245597
v -0.81863813 1.75554359 0.27386191
v -0.78964522 1.72561729 0.28010359
v -1.00342516 1.70207715 0.53285295
v -1.00916624 1.65613842 0.57508337
v -1.00331354 1.7743715 0.38779306
v -1.00255496 1.80225289 0.2647832
v -1.01159595 1.62232876 0.58403122
v -1.0091884 1.60625124 0.58578593
v -1.00993195 1.57816124 0.58604604
v -1.0031776 1.54463768 0.58824289
v -0.99774518 1.5238179 0.58800691
v -1.01396522 1.55732048 0.58950704
v -1.01799832 1.54224777 0.59151047
v -1.00674923 1.53777635 0.59058154
v -0.98618365 1.48538721 0.57688767
v -0.94363218 1.44842041 0.56839013
v -0.94742481 1.41820443 0.56787759
v -0.95577408 1.41535401 0.56055683
v -1.01063237 1.46117353 0.58323765
v -1.00927489 1.41974914 0.57486242
v -1.00342516 1.41589332 0.56100428
v -0.95914301 1.41215706 0.53386497
v -0.91275803 1.41037226 0.5264706
v -0.88433311 1.40973556 0.5156858
v -1.00342516 1.41346693 0.53803647
v -1.05955178 1.4199568 0.56787759
v -1.06218324 1.45901549 0.56759685
v -1.09912611 1.42024195 0.55636168
v -1.10188667 1.44308054 0.55686086
v -1.09703453 1.41556799 0.55044931
v -1.12364215 1.41109145 0.51849061
v -1.15010746 1.4077388 0.48370939
v -1.06682481 1.47405112 0.5642581
v -1.05409512 1.41550505 0.55709589
v -1.04320937 1.48912215 0.57688767
v -1.06930315 1.49337161 0.56414354
v -1.12805896 1.40775514 0.49692455
v -1.09322936 1.41294014 0.51765198
v -1.04773054 1.41250849 0.5266977
v -1.15207995 1.39767325 0.45004374
v -1.05781756 1.50192499 0.55968827
v -1.0438233 1.52376807 0.57112873
v -1.03149845 1.5309248 0.58800691
v -1.05238215 1.55408061 0.58371222
v -1.09127091 1.6364789 0.57900798
v -1.10528773 1.68438196 0.53651673
v -1.16710249 1.6846453 0.51628602
v -1.22379006 1.67714822 0.48813224
v -1.14372826 1.70768034 0.48411268
v -1.07835497 1.70885682 0.50129223
v -1.20112251 1.70058203 0.47082198
v -1.2307353 1.67406368 0.41935104
v -1.2540358 1.63980162 0.43025577
v -1.16738077 1.74239361 0.4005191
v -1.08500217 1.77312315 0.38061419
v -1.19762546 1.71413338 0.43058205
v -1.13927595 1.77726305 0.26985651
v -1.08153367 1.79138637 0.26245597
v -1.18048173 1.75451016 0.27300289
v -1.21038948 1.72379827 0.28183374
v -1.26277593 1.58581793 0.38234684
v -1.24767178 1.63087094 0.39861029
v -1.23343666 1.66669416 0.34534699
v -1.26879892 1.60864937 0.26031992
v -1.23737459 1.66532421 0.27800652
v -1.25164178 1.53125536 0.34762362
v -1.26656446 1.55550241 0.24552009
v -1.26287419 1.49913001 0.23424131
v -1.26190811 1.49790025 0.31505236
v -1.26109108 1.50112534 0.33622912
v -1.25394595 1.46855235 0.31641337
v -1.26178604 1.47345507 0.39199829
v -1.2568672 1.44916332 0.37515292
v -1.25398639 1.44484901 0.4199211
v -1.24771924 1.42963028 0.40047336
v -1.2143897 1.3987844 0.40040424
v -1.25240907 1.4671222 0.43337822
v -1.25270748 1.53002715 0.44158
v -1.19676769 1.37576377 0.39184177
v -1.2646859 1.55771685 0.41724968
v -1.26209104 1.52155077 0.39921302
v -1.20162278 1.38961911 0.34137812
v -1.23448658 1.41578996 0.34925765
v -1.19455141 1.37564147 0.34914583
v -1.24252321 1.43594933 0.30426043
v -1.22074737 1.41372526 0.30404201
v -1.1860473 1.35091686 0.33443403
v -1.18043213 1.32797801 0.33557743
v -1.17266557 1.30002546 0.33373901
v -1.16754051 1.28201687 0.35251856
v -1.15757996 1.26150656 0.40076339
v -1.15683648 1.25598502 0.43793243
v -1.13951385 1.2461282 0.43704218
v -1.12773027 1.23390031 0.43069416
v -1.12634993 1.23836637 0.40623459
v -1.14513265 1.25893283 0.39447466
v -1.13850695 1.27308619 0.34627101
v -1.07570665 1.2551986 0.3309373
v -1.10699171 1.26801598 0.34335577
v -1.03211517 1.25528681 0.29840007
v -1.06300849 1.26301003 0.3009764
v -1.09290143 1.2774843 0.29993069
v -1.13069867 1.30073023 0.29901794
v -1.15677322 1.33401763 0.30293056
v -1.18675131 1.36816454 0.29851627
v -1.21172214 1.42082953 0.2691057
v -1.24792095 1.44392908 0.29159319
v -1.24621113 1.44419456 0.2280442
v -1.21203876 1.42296135 0.23269126
v -1.10982009 1.34676111 0.25081292
v -1.10690898 1.3067888 0.26778364
v -1.14089547 1.38413048 0.24129595
v -1.0906999 1.28005838 0.2747691
v -1.06746002 1.26649928 0.27400234
v -1.03608928 1.26098013 0.26729208
v -0.76750331 1.59189665 0.44799745
v -0.80487613 1.62740958 0.48840103
v -0.8458524 1.63387537 0.51534951
v -0.89149903 1.62001717 0.52115536
v -0.92485514 1.58259487 0.53375089
v -0.93941478 1.53750694 0.52977002
v -0.73460081 1.57740092 0.41514266
v -0.75389965 1.593256 0.36095291
v -0.74841338 1.53169358 0.36333564
v -0.74022949 1.52172804 0.39962867
v -0.74298453 1.46986163 0.39199829
v -0.74221882 1.46660459 0.32038203
v -0.75326487 1.44128668 0.31064337
v -0.7477214 1.50275195 0.33370087
v -0.76108463 1.42319393 0.31723246
v -0.7427924 1.47408676 0.28274003
v -0.75656264 1.4377619 0.2807256
v -0.74050891 1.54720271 0.3168962
v -0.79581892 1.42096984 0.26952183
v -0.75776024 1.44772363 0.23529188
v -0.7458252 1.48182154 0.23434548
v -0.74739021 1.55019665 0.24561414
v -0.79468071 1.43288708 0.23265557
v -0.75847216 1.60995328 0.26031998
v -0.76022424 1.64926696 0.36220947
v -0.77598938 1.66530514 0.27800816
v -0.77456304 1.7026 0.35388768
v -0.86654623 1.38413072 0.24129586
v -0.8976216 1.34676111 0.25081286
v -0.79917857 1.39714289 0.30311665
v -0.91568606 1.77948427 0.15124719
v -0.92357641 1.79519701 0.26245597
v -0.85611255 1.76836395 0.18586448
v -0.8624121 1.77922237 0.27009535
v -0.81863813 1.75554359 0.27386191
v -0.81934613 1.74253058 0.19470555
v -0.78964522 1.72561729 0.28010359
v -0.77638687 1.67889953 0.19302383
v -1.00315326 1.7891767 0.14658116
v -1.00255496 1.80225289 0.2647832
v -0.92340809 1.73601377 0.06434005
v -0.870956 1.70965683 0.0729974
v -0.82072419 1.64344788 0.08349583
v -0.77080077 1.60767365 0.1660783
v -1.00259413 1.74218917 0.05997967
v -0.77598938 1.66530514 0.27800816
v -0.75847216 1.60995328 0.26031998
v -0.74739021 1.55019665 0.24561414
v -0.76118454 1.52607417 0.16606951
v -0.7458252 1.48182154 0.23434548
v -0.77322638 1.46761703 0.16787168
v -0.75776024 1.44772363 0.23529188
v -0.82784143 1.43752348 0.16901386
v -0.79468071 1.43288708 0.23265557
v -0.79567689 1.54629135 0.09444292
v -0.83149014 1.48672152 0.10427996
v -0.86533037 1.4512955 0.12292278
v -0.88041691 1.64439821 0.03651932
v -0.8406332 1.56954622 0.05559341
v -0.87745602 1.59488213 0.03259121
v -0.93468603 1.61923707 0.01626373
v -0.93623002 1.67954326 0.02240101
v -0.86208631 1.50303328 0.07433399
v -0.9221219 1.51540709 0.05319225
v -1.00259413 1.68825376 0.01693359
v -1.00280784 1.62942362 0.0083641
v -1.06888599 1.67990816 0.02242256
v -1.08170579 1.7360158 0.06436539
v -1.08925666 1.77963006 0.15133943
v -1.08153367 1.79138637 0.26245597
v -1.13927595 1.77726305 0.26985651
v -1.15505563 1.75117838 0.16097297
v -1.18048173 1.75451016 0.27300289
v -1.21038948 1.72379827 0.28183374
v -1.21184993 1.71351564 0.19029006
v -1.23740354 1.67420959 0.20118628
v -1.13934539 1.70257318 0.06887642
v -1.18503277 1.65801811 0.08293354
v -1.24620889 1.62121856 0.17096223
v -1.23737459 1.66532421 0.27800652
v -1.26879892 1.60864937 0.26031992
v -1.26656446 1.55550241 0.24552009
v -1.25734472 1.54323769 0.16524434
v -1.26287419 1.49913001 0.23424131
v -1.24341007 1.47456658 0.16521966
v -1.24621113 1.44419456 0.2280442
v -1.17958036 1.43732011 0.16904561
v -1.21203876 1.42296135 0.23269126
v -1.21583965 1.5699929 0.0953203
v -1.18815558 1.49697614 0.10302871
v -1.14271957 1.45118928 0.12274317
v -1.12479558 1.64240158 0.03674175
v -1.07107628 1.62094176 0.01618591
v -1.12974499 1.60487604 0.03196651
v -1.16910362 1.58719528 0.05453655
v -1.1480583 1.51684904 0.07366798
v -1.08490287 1.5199548 0.05301323
v -1.00280783 1.51341975 0.04872074
v -1.00372084 1.45672727 0.09931213
v -0.92212189 1.45721352 0.10723639
v -1.08511128 1.45751798 0.10724974
v -0.92735333 1.42379916 0.14470565
v -0.9065654 1.40604866 0.17416847
v -0.86654623 1.38413072 0.24129586
v -0.92440474 1.34374571 0.18739624
v -0.8976216 1.34676111 0.25081286
v -0.91665423 1.31808305 0.21249901
v -0.92937787 1.29655099 0.21954571
v -0.89847425 1.30587053 0.26944911
v -0.94935317 1.28176117 0.21101464
v -0.91644666 1.28043759 0.27446762
v -0.96618698 1.26270831 0.21521552
v -0.93968653 1.26685786 0.2739881
v -0.98524578 1.25868487 0.21632572
v -0.97105726 1.26175392 0.26423547
v -1.00238405 1.2567457 0.21575609
v -1.00372082 1.25929463 0.25371492
v -1.03608928 1.26098013 0.26729208
v -1.01962822 1.25782943 0.21573122
v -1.06746002 1.26649928 0.27400234
v -1.03879676 1.26205409 0.21476334
v -1.0906999 1.28005838 0.2747691
v -1.05569185 1.28121758 0.2105923
v -1.10690898 1.3067888 0.26778364
v -1.07602409 1.29648829 0.2196966
v -1.10982009 1.34676111 0.25081292
v -1.08828192 1.31830835 0.21294364
v -1.08053143 1.34374571 0.18739626
v -1.14089547 1.38413048 0.24129595
v -1.10087629 1.40604854 0.17416847
v -1.08008834 1.42386854 0.14456914
v -1.05747 1.38331819 0.15469739
v -1.05335101 1.39051986 0.14475702
v -1.00291757 1.41307282 0.12007286
v -0.95220434 1.39051998 0.14475697
v -0.94784587 1.38328946 0.15472427
v -1.01717296 1.52979398 0.58959961
v -1.0084656 1.50418031 0.57567716
v -1.01066264 1.49585307 0.57536834
v -1.02477867 1.4934727 0.58761787
v -0.86813214 1.37546432 0.4491989
v -0.8650762 1.34600616 0.43999103
v -0.86060427 1.32700694 0.43786663
v -0.8568005 1.30305147 0.43938562
v -0.87590274 1.3834722 0.40409952
v -0.87311038 1.39359176 0.41894898
v -0.87336583 1.35782886 0.38830367
v -0.86940977 1.32817757 0.38058281
v -0.86852862 1.30393863 0.39366686
v -0.87311038 1.39359176 0.41894898
v -0.86319222 1.40143037 0.50430357
v -0.88395582 1.40779662 0.40831721
v -0.87590274 1.3834722 0.40409952
v -0.88433311 1.40973556 0.5156858
v -0.91977293 1.4072603 0.44664466
v -0.91275803 1.41037226 0.5264706
v -0.96029211 1.41135144 0.4592042
v -0.95914301 1.41215706 0.53386497
v -1.00342516 1.38422394 0.4089978
v -1.00342519 1.37877238 0.36106491
v -0.87336583 1.35782886 0.38830367
v -1.00342534 1.35633266 0.33945152
v -0.86940977 1.32817757 0.38058281
v -1.00342557 1.32153344 0.32520062
v -0.86852862 1.30393863 0.39366686
v -1.00342571 1.29393721 0.34095231
v -0.87239589 1.28306174 0.43631575
v -1.00342571 1.27923512 0.38609022
v -0.88549087 1.27232111 0.46533176
v -1.00342571 1.26752949 0.45482194
v -1.00342516 1.41050279 0.46409807
v -1.00342516 1.41346693 0.53803647
v -1.04773054 1.41250849 0.5266977
v -1.04635613 1.40154827 0.45924097
v -1.09322936 1.41294014 0.51765198
v -1.11390013 1.40240598 0.42515671
v -1.12805896 1.40775514 0.49692455
v -1.14761135 1.32841122 0.37551302
v -1.13735241 1.30874169 0.38324419
v -1.15255512 1.30670393 0.39571196
v -1.15518202 1.32812798 0.39580372
v -1.15381496 1.3510263 0.38553458
v -1.15444949 1.34805655 0.41000789
v -1.15739757 1.37104881 0.39839485
v -1.14739256 1.294855 0.42579204
v -1.13444117 1.28738964 0.41611061
v -1.1345993 1.28509021 0.46020406
v -1.12201785 1.27501369 0.45248389
v -1.14245757 1.39173138 0.40471241
v -1.15253054 1.38006675 0.41473722
v -1.15207995 1.39767325 0.45004374
v -1.15411237 1.36574078 0.42063576
v -1.10456063 1.27679789 0.46559402
v -1.0679865 1.28732729 0.48115307
v -1.15010746 1.4077388 0.48370939
v -1.15411237 1.36574078 0.42063576
v -1.15444949 1.34805655 0.41000789
v -1.15518202 1.32812798 0.39580372
v -1.15255512 1.30670393 0.39571196
v -1.14739256 1.294855 0.42579204
v -1.1345993 1.28509021 0.46020406
v -1.11554205 1.28605485 0.47565901
v -1.07290624 1.29075527 0.49247015
v -1.0778053 1.28247142 0.50711209
v -1.07936759 1.25750351 0.51006627
v -1.03589323 1.28497005 0.51898462
v -1.03927912 1.25889719 0.52279413
v -1.03107176 1.2934773 0.50296664
v -1.03363123 1.25296211 0.50949788
v -1.12201785 1.27501369 0.45248389
v -1.10456063 1.27679789 0.46559402
v -1.0679865 1.28732729 0.48115307
v -1.02913993 1.28988373 0.49142694
v -1.02562343 1.25105941 0.50101751
v -1.04513664 1.21531832 0.50698292
v -1.03981842 1.19790554 0.49242869
v -1.05410751 1.19884551 0.44833305
v -1.25822932 1.52861202 0.36922848
v -1.02913993 1.28988373 0.49142694
v -1.0034158 1.29059052 0.49361953
v -0.97770411 1.2892065 0.49142694
v -0.93886253 1.28391707 0.48309544
v -0.90225089 1.28060365 0.47504324
vn 0.19462 0.21043 -0.95804
vn -0.28927 0.92688 -0.23921
vn 0.56293 0.82648 -0.00633
vn -0.34108 0.48219 0.80694
vn 0.21602 0.3748 0.90159
vn -0.80049 -0.22397 0.55592
vn -0.84285 0.07909 -0.53231
vn 0.98398 0.0735 -0.16243
vn 0.51421 -0.08557 0.85339
vn -0.19461 -0.21042 0.95804
vn 0.43248 -0.77204 -0.46575
vn -0.45023 -0.70463 -0.54844
vn 0.05382 -0.79277 0.60714
vn -0.50516 -0.68743 0.52178
vn -0.01396 -0.18471 0.98269
vn 0.20206 0.91385 0.35221
vn -0.76367 0.45789 0.45513
vn 0.90444 0.13964 0.4031
vn -0.39668 0.64597 -0.6522
vn 0.11261 0.72248 -0.68216
vn 0.61959 0.4385 -0.65102
vn -0.00029 0.16143 -0.98688
vn -0.82737 -0.54751 0.12528
vn -0.19091 -0.9797 0.06121
vn 0.65748 -0.74564 0.10835
vn -0.17904 -0.40743 -0.89551
vn -0.59602 -0.22712 -0.77018
vn 0.44157 -0.36268 -0.82066
vn -0.01548 -0.12881 0.99155
vn -0.20698 0.88732 0.41209
vn -0.85764 0.28381 0.42885
vn -0.65117 0.39309 -0.64919
vn -0.13019 0.73413 -0.66641
vn 0.6059 0.63708 0.47645
vn 0.42368 0.64942 -0.63147
vn 0.84498 -0.38744 0.36865
vn 0.64937 -0.21769 -0.72865
vn -0.00425 0.12922 -0.99161
vn -0.61803 -0.73501 0.27891
vn 0.19768 -0.96394 0.17814
vn 0.08877 -0.54582 -0.83319
vn -0.42573 -0.45694 -0.781
vn 0.02234 0.51269 0.85828
vn -0.64887 0.13272 0.74923
vn 0.42502 -0.12084 0.89708
vn -0.40731 0.09665 0.90816
vn -0.0913 0.56038 0.82319
vn 0.44721 0.6545 0.60962
vn 0.31908 0.57911 0.75022
vn 0.87319 -0.04928 0.48488
vn 0.78028 -0.11854 0.61409
vn 0.24981 0.00363 0.96829
vn 0.60539 -0.497 0.62169
vn 0.05088 -0.78425 0.61836
vn 0.54761 -0.51498 0.65949
vn 0.07536 -0.63377 0.76984
vn 0.12972 -0.3243 0.93702
vn -0.48871 0.63632 0.59688
vn -0.87425 -0.15321 0.46066
vn -0.76077 0.281 -0.58504
vn -0.45812 0.75586 -0.46776
vn 0.38417 0.71684 0.58186
vn 0.081 0.86385 -0.4972
vn 0.96971 -0.08542 0.22884
vn 0.5693 0.19766 -0.79802
vn -0.12972 0.32429 -0.93702
vn -0.29009 -0.952 0.09764
vn 0.56382 -0.82411 -0.05428
vn 0.26539 -0.27406 -0.92437
vn -0.27182 -0.38681 -0.88119
vn -0.37417 0.88927 -0.26306
vn -0.36162 0.7994 -0.47979
vn -0.82903 0.03989 -0.55778
vn 0.04291 0.84518 -0.53276
vn -0.05209 0.94467 -0.32385
vn -0.02662 0.35805 -0.93332
vn -0.43182 0.3826 -0.8168
vn -0.59859 -0.13876 -0.78894
vn -0.22838 -0.24903 -0.94118
vn 0.2994 0.78736 -0.53891
vn 0.20291 0.92672 -0.31627
vn 0.29718 0.27229 -0.91517
vn 0.66105 0.63003 -0.40752
vn 0.55025 0.80588 -0.21859
vn 0.64634 0.15157 -0.74784
vn 0.89357 -0.14693 -0.4242
vn -0.67573 -0.54761 -0.49347
vn -0.39105 -0.71086 -0.5846
vn -0.44941 -0.85749 -0.25048
vn -0.64026 -0.70302 -0.30956
vn -0.15449 -0.94044 -0.30282
vn -0.08441 -0.81546 -0.57263
vn 0.12607 -0.36052 -0.92419
vn 0.31393 -0.81996 -0.47866
vn 0.50028 -0.4251 -0.75433
vn 0.27763 -0.92662 -0.25356
vn -0.3066 -0.90617 -0.29128
vn -0.29152 -0.94858 -0.12332
vn -0.89412 -0.30217 0.33051
vn -0.42552 -0.77607 0.46545
vn -0.7145 -0.22206 0.66347
vn -0.79604 0.09554 0.59765
vn 0.1825 -0.98113 -0.0639
vn 0.12049 -0.92706 -0.35501
vn 0.08214 -0.7217 0.68731
vn -0.33253 -0.0465 0.94195
vn 0.59933 -0.7976 -0.06811
vn 0.46623 -0.80175 -0.37393
vn 0.56436 -0.45254 0.69044
vn 0.06808 0.18363 0.98064
vn 0.92275 -0.37249 -0.09895
vn 0.84231 -0.41501 -0.34392
vn 0.88134 -0.04081 0.47072
vn 0.83821 0.47721 0.26395
vn -0.77888 0.2708 0.5657
vn -0.59892 0.46654 0.65087
vn -0.55533 0.34362 0.75732
vn -0.27613 0.53012 0.8017
vn -0.35482 0.63553 0.68572
vn 0.09709 0.78412 0.61297
vn 0.19984 0.70717 0.67822
vn 0.49813 0.4371 0.74887
vn -0.73921 0.67252 0.03594
vn 1 0 0
vn -1 0 0
vn 0.24254 0 0.97014
vn 0 0.97014 -0.24254
vn -0.35246 0.85732 0.3752
vn -0.68005 0.67252 -0.29198
vn 0 0 -1
vn -0.70711 -0.70711 0
vn 0.35218 0.70436 -0.61632
vn -0.63745 0.74796 -0.18497
vn -0.48133 0.85732 0.18253
vn -0.21386 0.89642 -0.3882
vn -0.21122 0.90658 -0.36538
vn -0.24254 0.97014 0
vn -0.44721 0 0.89443
vn -0.2048 0.84991 -0.4855
vn -0.17676 0.91719 -0.3571
vn -0.28064 0.9597 -0.01511
vn 0.24254 -0.97014 0
vn -0.25574 0.96616 0.03359
vn -0.35079 0.93543 0.04385
vn -0.28319 0.95675 -0.0666
vn -0.29414 0.9555 -0.0223
vn -0.23332 0.97156 0.04033
vn 0.1842 0.98241 -0.0307
vn -0.23652 0.97029 0.05101
vn -0.33197 0.93868 -0.09311
vn -0.55564 -0.73415 0.39023
vn 0 -1 0
vn 0 0.89443 -0.44721
vn 0.44233 0.88465 -0.14744
vn 0.89443 0 0.44721
vn -0.55563 -0.73417 0.39022
vn 0.06238 0.99805 0
vn 0.03123 0.99951 0
vn 0 0.97014 0.24254
vn 0.03159 0.94851 0.31516
vn 0 1 0
vn -0.35271 -0.91758 -0.18342
vn 0.14918 -0.98456 0.09155
vn -0.84567 -0.36627 -0.3882
vn 0 0.70711 0.70711
vn 0.88721 0.12674 0.44361
vn 0.89443 0 -0.44721
vn -0.84567 -0.36627 -0.3882
vn -0.77533 -0.63155 -0.00325
vn -0.83205 0 0.5547
vn -0.13834 -0.89923 0.41503
vn -0.06318 -0.65353 -0.75426
vn 0.29061 -0.44702 -0.846
vn -0.26774 -0.96303 0.02965
vn 0.43644 0.87287 -0.21822
vn -0.20739 -0.82956 -0.51848
vn 0.494 -0.62619 -0.6032
vn -0.50111 -0.86449 -0.03925
vn 0.44652 -0.89303 0.05581
vn 0.41113 -0.87366 -0.26017
vn -0.70711 0 -0.70711
vn -0.31995 -0.82249 -0.47027
vn -0.75697 -0.65092 -0.05742
vn -0.97014 0.24254 0
vn 0.848 0 0.53
vn -0.92679 0.13029 0.35226
vn -0.82948 -0.55323 0.07674
vn -0.97014 -0.24254 0
vn 0.61721 0.77152 0.1543
vn -0.85483 0.51777 -0.03438
vn 0.72666 0.68553 0.04491
vn 0.98238 0.04258 0.18196
vn 0.95041 0.04905 0.30712
vn 0.83709 0.53469 0.11567
vn 0.16021 0.98121 -0.10753
vn 0.68552 0.72776 0.02049
vn 0.98634 0.04067 0.15963
vn -0.02314 0.99175 -0.12608
vn -0.62546 0.75376 -0.20159
vn 0.56842 0.79848 -0.1983
vn -0.64303 0.72843 -0.23644
vn -0.98685 0.04809 -0.15433
vn -0.99121 0.02447 -0.13
vn -0.68295 0.71355 -0.15629
vn -0.98515 0.12126 -0.12153
vn 0.73132 0.68013 0.0509
vn 0.96942 -1E-05 0.2454
vn 0.04161 0.97998 -0.19469
vn -0.66897 0.695 -0.26354
vn -0.98615 0.01331 -0.16535
vn 0.78837 0.61218 0.0608
vn 0.98789 -0.0033 0.1551
vn 0.24992 0.92313 -0.29218
vn -0.63284 0.6237 -0.45882
vn -0.9727 0.01533 -0.23156
vn 0.76367 0.62365 0.16692
vn 0.99867 -0.00395 0.05146
vn 0.28781 0.9565 -0.04765
vn -0.20372 0.65835 -0.72462
vn -0.56234 -0.21159 -0.79938
vn 0.0045 -0.22335 -0.97473
vn 0.24822 0.93517 0.25269
vn -0.04033 0.97248 -0.22948
vn -0.00054 0.20897 -0.97792
vn -0.02499 0.97648 0.21417
vn -0.30848 0.94448 -0.1131
vn 0.12237 0.5864 -0.80073
vn 0.64354 0.61413 -0.45684
vn 0.96629 -0.03015 -0.25568
vn 0.98289 -0.02107 -0.18299
vn 0.7017 0.67269 -0.23477
vn 0.98964 -0.01393 -0.14287
vn 0.6959 0.69874 -0.16578
vn 0.99738 -0.00166 -0.07234
vn 0.69465 0.70974 -0.11721
vn 0.99823 0.01854 0.05644
vn 0.68617 0.72128 -0.09452
vn -0.03013 0.99536 -0.09137
vn 0.00917 0.99865 -0.05114
vn -0.70507 0.70676 -0.05801
vn -0.70492 0.70717 0.0548
vn -0.99988 -0.00801 -0.01333
vn -0.99472 0.01495 0.10151
vn -0.00547 0.99643 -0.0843
vn -0.66824 0.74292 0.03909
vn -0.99286 0.00607 0.11912
vn -0.03395 0.98462 -0.17136
vn -0.69528 0.71578 0.06515
vn -0.96248 0.04874 0.26693
vn -0.77741 0.6287 -0.0193
vn -0.05907 0.95963 -0.27499
vn -0.98963 0.05157 0.13406
vn -0.77594 0.62217 0.10402
vn -0.99982 0.01412 0.01254
vn -0.26971 0.94106 0.20411
vn -0.65273 -0.7558 0.05206
vn -0.71661 -0.69737 -0.01187
vn -0.0199 -0.98674 0.16109
vn -0.08311 -0.96781 0.23756
vn -0.34105 -0.93033 0.1348
vn 0.71088 -0.65549 0.25491
vn 0.73965 -0.5869 0.32934
vn 0.91567 -0.2467 0.31731
vn 0.6468 -0.64367 0.40907
vn -0.04859 -0.97034 0.23682
vn -0.27213 -0.95808 0.08959
vn -0.7196 -0.68303 -0.12504
vn 0.05612 -0.99827 0.01761
vn 0.71489 -0.65599 0.24209
vn -0.69364 -0.65217 -0.30584
vn 0.24932 -0.93488 -0.25268
vn 0.85028 -0.5248 0.04014
vn -0.53103 -0.5581 -0.63759
vn 0.0957 -0.86948 -0.4846
vn 0.80135 -0.59512 -0.06055
vn 0.01603 -0.43754 -0.89906
vn 0.34107 -0.66701 -0.6624
vn -0.09698 -0.86067 -0.49984
vn -0.13269 -0.96734 -0.21596
vn -0.80268 -0.59522 0.03756
vn -0.69571 -0.70083 0.15759
vn -0.67748 -0.71949 0.15282
vn -0.71412 -0.68867 0.12555
vn -0.71548 -0.66899 0.20136
vn 0.00793 -0.98786 0.15512
vn 0.06916 -0.96577 0.25
vn 0.73446 -0.67836 0.01996
vn 0.77796 -0.59747 0.19441
vn -0.0048 -0.99452 0.10445
vn 0.70087 -0.71242 -0.03529
vn -0.01723 -0.9992 -0.03601
vn 0.70419 -0.69966 -0.1208
vn 0.70774 -0.64107 -0.29687
vn 0.57007 -0.24161 -0.78527
vn 0.81858 -0.57274 -0.04354
vn 0.17872 -0.983 0.042
vn -0.68626 -0.72223 0.08622
vn 0.00066 -0.89405 -0.44797
vn -0.64946 -0.76006 0.0226
vn 0.65737 -0.45174 -0.60316
vn 0.94126 0.28748 -0.17715
vn 0.83798 0.06327 -0.54201
vn -0.90538 -0.42319 0.03472
vn -0.21094 -0.97207 -0.10287
vn 0.58413 -0.60005 -0.54656
vn 0.91332 -0.04293 -0.40497
vn -0.03403 -0.99488 0.09511
vn -0.61711 -0.7325 0.28744
vn -0.88134 -0.43188 0.19164
vn 0.55645 -0.82814 0.06743
vn 0.9727 -0.22955 -0.03417
vn -0.6014 -0.79147 -0.10905
vn -0.00154 -0.98776 -0.15596
vn 0.56532 -0.80908 -0.16063
vn 0.93764 -0.2598 -0.23094
vn -0.54714 -0.73827 -0.39445
vn 0.08205 -0.81012 -0.58049
vn 0.53754 -0.60439 -0.58803
vn 0.90408 -0.19801 -0.37871
vn -0.7909 -0.20445 0.57679
vn -0.90411 -0.19999 0.37761
vn -0.95742 -0.27829 -0.07685
vn -0.85393 -0.32074 -0.4098
vn 0.95643 0.17024 -0.2372
vn 0.9058 0.42371 -0.00168
vn 0.85497 0.5002 -0.1372
vn 0.74919 0.63814 -0.17745
vn 0.88742 0.26909 -0.37425
vn -0.73345 0.43708 0.52059
vn -0.83474 -0.08201 0.5445
vn -0.83769 -0.17277 0.5181
vn -0.78534 -0.60808 -0.11613
vn 0.02392 -0.73427 -0.67844
vn -0.00416 -0.96842 0.2493
vn -0.27022 -0.63905 0.72014
vn -0.50408 -0.84905 0.15821
vn -0.68735 -0.34493 0.6392
vn 0.43787 -0.43683 0.78578
vn 0.59529 -0.7691 0.23263
vn 0.65538 0.23325 0.71838
vn 0.92251 -0.08944 0.37548
vn -0.84826 -0.1333 0.51253
vn -0.94244 -0.28998 0.16648
vn 0.94548 0.32493 0.02225
vn 0.7735 0.5381 0.33489
vn -0.52187 -0.79253 -0.31552
vn 0.10291 -0.89143 -0.44132
vn 0.59707 -0.69533 -0.40004
vn 0.94425 -0.1673 -0.28356
vn -0.92636 -0.33429 -0.17351
vn 0.88342 0.38907 -0.26113
vn -0.74017 0.50393 0.44519
vn -0.64139 0.39614 0.65703
vn -0.86241 0.49598 -0.10124
vn -0.82429 0.28479 -0.48932
vn -0.03008 0.86747 0.49657
vn -0.02144 0.94293 0.33229
vn -0.26232 0.96199 -0.07591
vn -0.20086 0.88505 -0.41993
vn 0.64748 0.74645 0.15355
vn 0.57306 0.80041 0.17595
vn 0.58191 0.78738 -0.20351
vn 0.4772 0.68884 -0.5457
vn -0.1692 0.87439 0.45477
vn 0.43527 0.87968 0.19157
vn -0.77332 0.54665 0.32118
vn -0.31563 0.93552 0.15866
vn 0.447 0.8944 -0.01555
vn -0.88252 0.41317 0.22463
vn -0.72403 0.34532 0.5971
vn -0.85887 0.45328 -0.23849
vn -0.1244 0.85894 0.49674
vn -0.26497 0.96364 -0.03456
vn -0.04211 0.82168 -0.56839
vn 0.46289 0.73805 0.49093
vn 0.46856 0.88204 0.04959
vn 0.62477 0.68908 -0.3672
vn -0.37448 -0.11909 -0.91955
vn -0.12 0.2936 -0.94837
vn -0.08948 -0.23913 -0.96685
vn 0.53644 -0.21234 -0.81679
vn -0.26956 0.64738 -0.7129
vn 0.04019 0.16442 -0.98557
vn 0.26961 -0.29664 -0.91614
vn -0.1901 0.17622 -0.96582
vn 0.25346 -0.38376 -0.88797
vn -0.19819 0.31133 -0.92941
vn -0.19223 -0.46633 -0.86347
vn 0.29055 -0.60446 -0.74176
vn -0.37157 -0.487 -0.79043
vn 0.14196 -0.81347 -0.56401
vn -0.27676 0.05749 -0.95922
vn 0.4812 -0.5548 -0.67871
vn 0.22742 0.50983 -0.82967
vn 0.11162 -0.04084 -0.99291
vn -0.17412 0.65508 -0.73522
vn -0.44004 0.37683 -0.81508
vn 0.50906 -0.05522 -0.85896
vn 0.53625 0.32273 -0.77992
vn 0.21392 0.32992 -0.91945
vn -0.70508 -0.24803 -0.66434
vn 0.97289 0.19298 -0.12746
vn 0.92725 0.3515 -0.12901
vn 0.34132 -0.83017 0.44081
vn 0.90537 -0.32457 0.27377
vn 0.58584 -0.66636 0.46126
vn 0.75276 -0.65495 0.06627
vn 0.26423 -0.96379 -0.03589
vn 0.33791 -0.72939 0.59482
vn 0.12716 -0.83452 0.53611
vn 0.55169 -0.83391 0.01515
vn 0.15405 -0.98354 -0.0944
vn -0.32702 -0.91526 0.23529
vn 0.70751 -0.7067 -0.0004
vn 0.48351 -0.87345 0.05754
vn 0.35092 -0.93542 0.04284
vn 0.42075 -0.89499 -0.14821
vn 0.77673 -0.6281 -0.04662
vn 0.70735 -0.69714 -0.11687
vn 0.37439 -0.76964 -0.51719
vn 0.82299 -0.38425 -0.41838
vn 0.05702 -0.98517 -0.16183
vn -0.04891 -0.83507 -0.54797
vn 0.88824 -0.20771 -0.40975
vn 0.77352 -0.45206 -0.44419
vn 0.74032 -0.52047 0.42549
vn 0.47926 -0.28343 0.83065
vn 0.00393 -0.67507 0.73774
vn 0.30385 -0.0482 0.9515
vn -0 -0.52921 0.84849
vn 0 0.49006 0.87169
vn -0.30386 -0.0482 0.9515
vn -0.00393 -0.67507 0.73774
vn -0.47926 -0.28343 0.83065
vn -0.12716 -0.83452 0.53611
vn -0.58584 -0.66636 0.46126
vn 0 0.87038 0.49237
vn 0.39491 0.54917 0.73651
vn 0.61197 0.42244 0.6686
vn -0.39491 0.54917 0.73651
vn -0.90537 -0.32457 0.27377
vn -0.74032 -0.52047 0.42549
vn -0.61197 0.42244 0.6686
vn 0.13611 0.89703 -0.42048
vn 0.19687 0.88319 -0.42569
vn 0.9918 -0.07386 -0.10431
vn 0.21667 0.88901 -0.40338
vn 0.20298 0.88992 -0.40846
vn -0.08553 0.57567 -0.8132
vn 0.99642 -0.07377 -0.04129
vn 0.7245 0.66979 0.16273
vn -0.11367 0.57509 -0.81015
vn 0 0.47548 -0.87973
vn 0 0.4592 -0.88834
vn 0.08553 0.57567 -0.8132
vn 0.11367 0.57509 -0.81015
vn -0.20298 0.88992 -0.40846
vn -0.1361 0.89703 -0.42048
vn -0.21667 0.88901 -0.40338
vn -0.19687 0.88319 -0.42569
vn -0.9918 -0.07386 -0.10431
vn -0.99642 -0.07377 -0.04129
vn -0.7245 0.66979 0.16273
vn 0.70267 0.68091 0.20644
vn 0.87494 0.4833 -0.03001
vn 0.91396 0.4058 -0.00378
vn 0.91338 -0.22029 -0.34235
vn 0.93395 0.30776 -0.18171
vn 0.93564 0.29255 -0.19747
vn 0.97351 -0.228 0.01739
vn 0.94549 0.20828 -0.25034
vn 0.94662 0.2058 -0.24811
vn 0.9448 0.20561 -0.25509
vn 0.67734 0.04716 0.73416
vn 0.23275 0.23269 0.94429
vn 0.45903 0.12571 0.87948
vn 0.52841 0.25287 0.81046
vn 0.74113 -0.35543 0.56956
vn 0.72208 0.42332 0.54718
vn 0.80462 0.04705 0.59193
vn 0.81435 0.19894 0.54521
vn 0.60089 0.77195 0.20741
vn 0.60987 0.77509 0.16523
vn 0.88006 0.31136 0.35854
vn 0.32047 -0.36124 0.87567
vn 0.54235 0.60739 0.58047
vn 0.33598 0.72783 0.59781
vn 0.26653 0.4963 0.82623
vn 0 0.54616 0.83768
vn 0 0.31334 0.94964
vn 0.07359 0.8157 0.57377
vn 0.41581 0.8016 0.42958
vn -0 0.84376 0.53671
vn 0.21247 0.90727 0.36294
vn 0.65671 0.72009 0.22406
vn 0 0.92152 0.38833
vn 0.57538 0.78403 0.23289
vn 0.11157 0.97633 0.18526
vn 0 0.98488 0.17326
vn 0.33339 0.91978 0.20703
vn 0.00052 0.97779 0.2096
vn -0 0.98186 0.18963
vn 0.70959 0.7019 0.06179
vn 0.94184 0.28117 0.18409
vn 0.92127 0.34073 0.18754
vn 0.68444 0.68725 0.24335
vn 0.82506 0.52254 0.21503
vn 0.99391 -0.07447 0.0812
vn 0.98542 -0.12947 0.11035
vn 0.94713 0.26122 0.18628
vn 0.98335 -0.0351 0.17828
vn 0.95085 0.27258 -0.14693
vn 0.66494 0.6609 -0.34796
vn 0.31609 0.89179 0.32371
vn 0.0446 0.94114 0.33507
vn 0.7478 0.54164 0.38396
vn 0.59545 0.71771 0.36101
vn 0.96417 -0.00572 0.26521
vn 0.84431 0.39072 0.36671
vn -0 0.94959 0.3135
vn -0.0446 0.94114 0.33507
vn -0.00052 0.97779 0.2096
vn -0.11157 0.97633 0.18526
vn -0.21247 0.90727 0.36294
vn -0.07359 0.8157 0.57377
vn -0.26653 0.4963 0.82623
vn -0.23275 0.23269 0.94429
vn -0.33598 0.72783 0.59781
vn -0.41581 0.8016 0.42958
vn -0.65671 0.72009 0.22406
vn -0.57538 0.78403 0.23289
vn -0.54235 0.60739 0.58047
vn -0.60987 0.77509 0.16523
vn -0.33339 0.91978 0.20703
vn -0.70959 0.7019 0.06179
vn -0.94184 0.28117 0.18409
vn -0.92127 0.34073 0.18754
vn -0.68444 0.68725 0.24335
vn -0.82506 0.52254 0.21503
vn -0.42877 0.871 -0.23983
vn -0.72208 0.42332 0.54718
vn -0.59494 0.77268 0.22139
vn -0.81435 0.19894 0.54521
vn -0.80462 0.04705 0.59193
vn -0.67734 0.04716 0.73416
vn -0.52841 0.25287 0.81046
vn -0.45903 0.12571 0.87948
vn -0.74113 -0.35543 0.56956
vn -0.52972 0.34592 0.77442
vn -0.32047 -0.36124 0.87567
vn -0.65049 -0.61649 0.44363
vn -0.66535 -0.46641 0.5829
vn -0.69737 -0.40597 0.59064
vn -0.46493 0.81294 0.35067
vn -0.40907 0.81035 0.41951
vn -0.76902 0.26494 0.58173
vn -0.50135 0.81632 0.28682
vn -0.60835 -0.45988 0.64686
vn -0.98133 0.10385 0.16189
vn 0.05938 0.9954 0.07523
vn 0.04918 0.99807 -0.03778
vn 0.05776 0.99825 0.01259
vn -0.12625 0.9729 -0.19373
vn 0.62786 0.61467 -0.47747
vn 0.63977 0.6331 -0.43575
vn 0.62583 0.70419 -0.33534
vn 0.96774 0.0169 -0.25137
vn 0.9799 0.02554 -0.19786
vn 0.92875 0.16088 -0.33398
vn 0.58784 0.72027 -0.36831
vn 0.92556 0.33255 -0.18097
vn 0.75396 -0.47487 -0.45392
vn 0.09297 0.94242 -0.32125
vn 0.69737 -0.40597 0.59064
vn 0.57155 -0.72355 0.38705
vn 0.50386 -0.79214 0.34444
vn 0.64567 -0.75994 0.07478
vn 0.66535 -0.46641 0.5829
vn 0.65049 -0.61649 0.44363
vn 0.39068 -0.91458 -0.10444
vn 0.13391 -0.989 0.06276
vn 0.07626 -0.95627 0.28236
vn -0.42427 -0.89931 -0.10601
vn -0.34197 -0.9397 0.00449
vn -0.75396 -0.47487 -0.45392
vn -0.78034 -0.55263 -0.29271
vn -0.92875 0.16088 -0.33398
vn -0.96774 0.0169 -0.25137
vn -0.99389 0.00713 -0.11019
vn 0.36351 -0.8765 -0.3156
vn 0.18475 -0.75359 -0.63085
vn -0.92556 0.33255 -0.18097
vn 0.97286 -0.23106 0.01222
vn 0.96581 -0.25774 -0.02813
vn 0.94592 -0.32132 -0.04469
vn 0.72663 -0.68578 -0.04146
vn 0.95144 -0.30777 0.00669
vn 0.87322 -0.47554 -0.10654
vn 0.95358 -0.30081 0.0145
vn 0.96777 -0.09477 0.23331
vn 0.92356 -0.35523 0.14437
vn 0.6957 -0.70317 -0.14683
vn 0.66795 -0.74245 -0.05105
vn 0.47811 -0.78569 -0.39256
vn 0.2749 -0.9398 -0.20299
vn 0.26716 -0.82622 -0.49596
vn 0.42061 -0.88215 -0.21188
vn 0.95474 -0.27513 0.11306
vn 0.94892 0.05318 0.31102
vn 0.92904 -0.28785 0.23242
vn 0.81124 -0.58076 0.06786
vn 0.67171 -0.72137 -0.16858
vn 0.9038 -0.40883 0.12653
vn 0.88496 -0.45195 0.11223
vn 0.47621 -0.83964 -0.26122
vn 0.93577 0.31611 -0.15626
vn 0.90778 -0.30429 -0.2887
vn 0.97517 -0.22098 0.01448
vn 0.96426 -0.24998 -0.08786
vn 0.96732 -0.25355 -0.00322
vn 0.36857 0.49572 0.7864
vn 0.34281 0.88732 0.30847
vn 0.82219 0.47227 0.31775
vn -0.05927 0.99338 -0.09838
vn 0.12911 0.97289 -0.19186
vn -0.35134 0.9362 -0.00898
vn -0.00447 0.85032 0.52625
vn -0.67162 0.65372 -0.34869
vn -0.66277 0.59731 -0.45162
vn -0.31138 0.89915 -0.30753
vn -0.52855 0.66137 -0.53219
vn -0.166 0.84092 -0.51508
vn -0.64741 0.67037 -0.36257
vn -0.09297 0.94242 -0.32125
vn 0.42877 0.871 -0.23983
vn 0.7276 0.5509 0.40879
vn 0.15366 0.98578 0.06794
vn 0.76193 0.64716 0.02561
vn 0.11428 0.9122 -0.39348
vn -0.19218 0.76256 -0.61772
vn 0.87701 0.31978 0.35861
vn 0.81863 0.08287 0.56831
vn 0.65452 -0.41117 0.63446
vn 0.66368 0.19331 0.72261
vn 0.89467 -0.42842 0.12661
vn 0.87267 0.32613 0.36343
vn 0.88342 0.45838 0.09729
vn 0.86674 0.44929 0.21657
vn 0.9281 0.35215 0.12088
vn 0.81468 0.36502 -0.45062
vn 0.90816 0.00848 0.41854
vn 0.63619 0.22773 -0.73716
vn -0.01537 -0.84876 0.52856
vn -0.61832 -0.1689 0.76757
vn 0.44309 -0.88446 -0.14626
vn 0.03181 -0.91111 -0.41093
vn 0.00884 -0.91805 -0.39637
vn -0.41925 -0.6724 -0.61
vn -0.41199 -0.69774 -0.58602
vn -0.64588 -0.37982 -0.66225
vn 0.61902 0.78533 0.0086
vn 0.82545 0.53291 -0.18614
vn 0.85015 0.24174 0.46777
vn 0.22663 0.92564 -0.30304
vn 0.56047 0.61258 -0.55734
vn 0.02057 0.97475 -0.22236
vn 0.59091 0.79269 0.14988
vn 0.88793 0.23385 0.3961
vn 0.85773 0.24231 0.45342
vn 0.59593 -0.45734 0.66009
vn -0.64271 0.59408 -0.48373
vn -0.02336 0.91549 -0.40165
vn -0.48372 0.74429 -0.46047
vn -0.65174 0.56348 -0.50766
vn -0.8769 0.45971 0.14045
vn -0.8309 -0.28177 -0.4798
vn -0.77749 -0.11902 -0.61752
vn -0.89879 -0.04788 -0.43575
vn -0.80464 -0.56296 -0.18875
vn -0.83018 -0.47465 -0.29243
vn -0.45489 -0.88955 0.04218
vn -0.43787 -0.89893 -0.01389
vn 0.21154 -0.92894 0.30385
vn -0.00256 -0.95226 0.30529
vn 0.56558 -0.63233 0.52942
vn 0.77641 -0.44278 0.44847
vn -0.40887 -0.90221 0.13724
vn 0.05933 -0.89998 0.43188
vn -0.79634 -0.53262 -0.28663
vn -0.89862 -0.0351 -0.43732
vn -0.50299 0.22794 0.83369
vn -0.50295 0.21887 0.83614
vn -0.47018 0.14324 0.87087
vn -0.46746 0.16349 0.86877
vn -0.47265 0.069 0.87854
vn -0.47483 0.06711 0.87752
vn -0.47535 0.10189 0.87388
vn -0.48127 0.11244 0.86933
vn -0.3848 0.21507 0.89759
vn -0.50732 0.1663 0.84556
vn -0.48144 0.1425 0.86482
vn -0.36506 0.12437 0.92264
vn -0.34779 0.13729 0.92747
vn -0.21172 0.1931 0.95806
vn -0.21529 0.17398 0.96093
vn -0.22328 0.23184 0.94678
vn -0.22336 0.22375 0.94871
vn -0.38094 0.21664 0.89886
vn 0.69364 0.70564 0.14468
vn 0.64571 0.74314 0.17548
vn 0.87205 0.24899 0.42134
vn 0.85277 0.20084 0.48213
vn 0.69168 -0.44038 0.5724
vn 0.06904 0.98127 -0.17986
vn 0.02095 0.98685 -0.16027
vn -0.54421 0.72722 -0.41832
vn -0.61362 0.5989 -0.51458
vn -0.92983 0.11921 -0.34814
vn -0.93226 0.17534 -0.31645
vn 0.70306 -0.42056 0.57343
vn 0.32177 -0.89773 0.30092
vn 0.34176 -0.89901 0.27383
vn -0.33893 -0.934 -0.11299
vn -0.32638 -0.94273 -0.06883
vn -0.78046 -0.60809 -0.14527
vn -0.82836 -0.54684 -0.12155
vn -0.75104 -0.15795 0.64108
vn -0.73636 -0.14708 0.66041
vn -0.95571 -0.22997 0.18366
vn -0.95328 -0.26128 0.15164
vn -0.99539 -0.09546 0.00931
vn -0.94474 -0.32652 0.02926
vn -0.94445 -0.32528 0.04698
vn -0.93527 -0.26977 0.22913
vn -0.93382 -0.2698 0.2349
vn -0.96234 -0.26434 -0.0634
vn -0.96438 -0.26085 -0.04396
vn -0.96251 -0.26771 -0.04364
vn -0.95997 -0.2704 -0.07315
vn -0.88363 -0.41738 -0.21211
vn -0.87652 -0.42143 -0.23261
vn -0.93372 -0.19678 0.29906
vn -0.9355 -0.1868 0.29992
vn -0.80653 -0.50561 -0.30639
vn -0.82968 -0.48219 -0.28129
vn -0.95508 -0.24892 -0.16082
vn -0 -0.99814 -0.06098
vn -0.01391 -0.99936 -0.03292
vn -0 -0.98685 -0.16161
vn 0.25644 -0.9636 -0.07565
vn -0.00216 -0.98254 -0.18605
vn -0 -0.98465 -0.17456
vn 0.07851 -0.91324 -0.39978
vn 0 -0.9202 -0.39145
vn 0.16675 -0.57641 -0.79996
vn 0.00311 -0.68927 -0.7245
vn 0 0.23682 -0.97155
vn 0.44444 -0.89369 -0.06154
vn 0.19482 -0.32225 -0.92639
vn 0.018 -0.28998 -0.95686
vn 0.27792 -0.33279 -0.90112
vn 0.01391 -0.99936 -0.03292
vn -0.25644 -0.9636 -0.07565
vn 0.00216 -0.98254 -0.18605
vn -0.07851 -0.91324 -0.39978
vn -0.1704 -0.59078 -0.78864
vn -0.44444 -0.89369 -0.06154
vn -0.18759 -0.34214 -0.92073
vn -0.28233 -0.35869 -0.88973
vn -0.70254 -0.52737 -0.47782
vn 0.22661 0.76172 -0.60699
vn -0.82141 -0.48871 -0.29401
vn 0.07499 -0.44593 0.89192
vn 0.43498 -0.33276 0.8367
vn -0.21604 -0.76324 0.60892
vn 0 -0.79999 0.60002
vn -0.21331 -0.78255 0.58491
vn -2E-05 -0.74711 0.6647
vn 0.02012 -0.6421 0.76636
vn 0.02331 -0.62611 0.77938
vn 2E-05 -0.62687 0.77912
vn 0.21604 -0.76324 0.60892
vn 0.21331 -0.78255 0.58491
vn -0.02013 -0.64209 0.76636
vn 0.42594 -0.85754 0.28845
vn -0.02333 -0.62603 0.77945
vn 0.71706 -0.58822 -0.37393
vn 0.70254 -0.52737 -0.47782
vn 0.82141 -0.48871 -0.29401
vn 0.92774 0.00075 -0.37322
vn 0.9164 -0.06421 -0.39507
vn 0.98355 0.17834 -0.02878
vn 0.98309 0.18309 -0.00363
vn 0.90918 0.34283 0.23633
vn 0.82957 0.34869 0.43615
vn 0.59679 0.77603 0.204
vn 0.50154 0.85697 0.11858
vn -0.00073 0.98693 0.16117
vn 0.00054 0.98642 0.16427
vn -0.50052 0.85696 0.12287
vn -0.59776 0.77429 0.20774
vn -0.90902 0.34255 0.23735
vn -0.82954 0.3487 0.4362
vn -0.98309 0.18309 -0.00363
vn -0.98355 0.17834 -0.02878
vn -0.9164 -0.06421 -0.39507
vn -0.92774 0.00075 -0.37322
vn -0.85883 0.03143 -0.5113
vn -0.8892 -0.38433 -0.24821
vn 0.8892 -0.38433 -0.24821
vn 0.86487 -0.21222 -0.45493
vn 0.72948 0.23313 -0.64304
vn -0.00585 -0.74959 -0.66188
vn -0.00501 -0.8234 -0.56744
vn -0.00329 -0.9281 -0.37232
vn -0.0049 -0.83224 -0.5544
vn 0.00077 -0.99617 0.08745
vn 0.00401 -0.89104 0.4539
vn 0.85883 0.03143 -0.5113
vn -0.66566 0.70662 -0.23998
vn -0.50728 0.69619 -0.50793
vn -0.4966 0.69352 -0.52193
vn 0 0.65537 -0.7553
vn 0.4966 0.69352 -0.52193
vn 0.50728 0.69619 -0.50793
vn 0.66566 0.70662 -0.23998
vn -0.97102 -0.20189 -0.12791
vn -0.06107 -0.38079 -0.92264
vn -0.02722 0.33552 -0.94164
vn -0.20455 -0.36763 -0.9072
vn 0.02904 0.33089 -0.94322
vn -0.31419 -0.23447 -0.91995
vn 0.08657 0.25068 -0.96419
vn -0 0.37019 -0.92896
vn -0 -0.54101 -0.84102
vn -0.30557 -0.90064 -0.30898
vn -0.00554 -0.96217 -0.27241
vn -0.61185 -0.71942 -0.32875
vn -0.74695 -0.56616 -0.3486
vn -0.38617 -0.23957 -0.89077
vn -0.81794 -0.45117 -0.35695
vn -0.31491 -0.2995 -0.90063
vn -0.93383 -0.1829 -0.30741
vn 0.16485 -0.9549 -0.24697
vn 0.06107 -0.38079 -0.92264
vn 0.02722 0.33551 -0.94164
vn 0.20454 -0.36763 -0.9072
vn -0.02904 0.3309 -0.94322
vn 0.30815 -0.284 -0.90796
vn -0.08657 0.25068 -0.96419
vn 0.30557 -0.90064 -0.30898
vn 0.00554 -0.96217 -0.27241
vn 0.42386 -0.84746 -0.3196
vn 0.84066 -0.46847 -0.27171
vn 0.43798 -0.23375 -0.86806
vn 0.88993 -0.32552 -0.31946
vn 0.46258 -0.11527 -0.87905
vn 0.92738 -0.18721 -0.32392
vn 0.52076 0.1514 -0.84017
vn 0.95251 0.13846 -0.27122
vn 0.52647 0.36391 -0.76837
vn -0.16485 -0.9549 -0.24698
vn 0.13698 0.15286 -0.97871
vn 0.17514 -0.20006 -0.964
vn -0.80798 0.13407 -0.57376
vn 0.12153 0.45025 -0.8846
vn -0.40301 0.37748 -0.83372
vn 0.14781 0.35811 -0.9219
vn -0.68683 0.45525 -0.56658
vn 0.16198 0.63249 -0.75744
vn -0.26023 0.70442 -0.66036
vn 0.21364 0.80067 -0.55971
vn -0.58844 0.70957 -0.38762
vn 0.28883 0.37479 -0.88097
vn -0.84523 0.44075 -0.3022
vn -0.68995 0.71489 -0.11358
vn -0.26676 0.88443 -0.3829
vn -0.59237 0.78921 -0.162
vn -0.50707 0.84464 0.17166
vn -0.07436 0.91382 -0.39925
vn 0.14416 0.85273 -0.50207
vn 0.39352 0.67425 -0.62492
vn 0.35297 0.84024 -0.41159
vn -0.9601 0.13788 -0.24332
vn 0.48974 0.4496 -0.747
vn 0.52038 -0.16805 -0.83724
vn 0.52724 -0.17278 -0.83197
vn 0.49444 -0.12971 -0.85948
vn 0.49447 -0.12988 -0.85944
vn 0.49787 -0.09349 -0.8622
vn 0.49958 -0.09072 -0.86151
vn 0.465 -0.09783 -0.87989
vn 0.46566 -0.09754 -0.87957
vn 0.38802 -0.10622 -0.91551
vn 0.38892 -0.10649 -0.91509
vn 0.52284 -0.18709 -0.83164
vn 0.52348 -0.18709 -0.83124
vn 0.38308 -0.13887 -0.91322
vn 0.38249 -0.13799 -0.9136
vn 0.40368 -0.21881 -0.88835
vn 0.40416 -0.21634 -0.88874
vn 0.44408 -0.22439 -0.86743
vn 0.45471 -0.21737 -0.8637
vn 0.051 -0.54859 -0.83453
vn 0.0829 -0.57188 -0.81614
vn -0.07667 -0.2717 -0.95932
vn -0.07873 -0.25318 -0.96421
vn 0.01433 0.09897 -0.99499
vn 0.0549 0.1513 -0.98696
vn 0.41063 -0.64318 -0.6463
vn 0.38772 -0.6445 -0.65901
vn 0.65122 -0.56868 -0.50252
vn 0.65912 -0.56226 -0.49942
vn 0.79774 -0.25517 -0.54634
vn 0.79271 -0.28065 -0.54114
vn 0.70298 0.17429 -0.68952
vn 0.71609 0.15643 -0.68025
vn 0.28112 0.33193 -0.90044
vn 0.28911 0.33493 -0.89679
vn 0.48907 0.35435 -0.79702
vn 0.48368 0.35583 -0.79965
vn 0.34969 0.93685 0.00537
vn 0.35172 0.61303 0.70745
vn 0.33791 0.40898 0.84768
vn -0.13726 0.6734 0.72642
vn -0.0972 0.56421 0.81989
vn -0.26729 0.69364 0.66889
vn -0.29025 0.72969 0.61911
vn -0.28733 0.62459 0.72618
vn -0.2882 0.79721 0.53047
vn -0.27932 0.87493 0.39558
vn -0.10174 0.85651 -0.506
vn -0.27028 0.91286 0.30599
vn 0.11866 0.21539 -0.96929
vn 0.11457 0.21442 -0.97
vn -0.28773 0.63222 0.71938
vn -0.74524 0.3394 0.57395
vn -0.89035 0.10957 0.44189
vn -0.9664 -0.14644 -0.21127
vn -0.87176 -0.1753 0.45749
vn -0.9281 -0.35215 -0.12087
vn -0.90582 -0.04384 -0.42138
vn -0.90582 -0.04384 -0.42138
vn 0.9332 0.19176 -0.30393
vn -0.00035 -0.98035 -0.19725
vn 0.00315 0.20317 -0.97914
vn 0 -0.99677 0.08035
vn -0.93263 0.19177 -0.30567
vn -0.92112 0.35518 0.15932
vn 0 0.99952 -0.03111
vn 0.92112 0.35518 0.15932
vn 0.00016 0.99451 0.1046
vn 0 0.99822 0.05964
vn 0.98518 0.04452 -0.16563
vn -0.98518 0.04452 -0.16563
vn -0 -0.98266 -0.18543
vn 0 0.99591 0.09033
vn 0.90906 0.16731 -0.38161
vn -0.90906 0.16731 -0.38161
vn -0 -0.88696 -0.46185
vn -0.34132 -0.83017 0.44081
vn -0.75276 -0.65495 0.06627
vn -0.26423 -0.96379 -0.0359
vn -0.3379 -0.72939 0.59482
vn -0.55169 -0.83391 0.01515
vn -0.15405 -0.98354 -0.0944
vn 0.32702 -0.91526 0.23529
vn -0.70751 -0.7067 -0.0004
vn -0.48351 -0.87345 0.05754
vn -0.35092 -0.93542 0.04284
vn -0.42075 -0.89499 -0.14821
vn -0.77673 -0.6281 -0.04662
vn -0.70735 -0.69714 -0.11687
vn -0.37439 -0.76964 -0.51719
vn -0.82298 -0.38425 -0.41838
vn -0.05702 -0.98517 -0.16183
vn 0.04891 -0.83507 -0.54797
vn -0.88824 -0.20771 -0.40975
vn -0.77352 -0.45206 -0.44419
vn -0.70267 0.68091 0.20644
vn -0.91396 0.4058 -0.00378
vn -0.87494 0.4833 -0.03001
vn -0.91338 -0.22029 -0.34235
vn -0.97351 -0.228 0.01739
vn -0.93564 0.29255 -0.19747
vn -0.93395 0.30776 -0.18171
vn -0.94549 0.20828 -0.25034
vn -0.94662 0.2058 -0.24811
vn -0.9448 0.20561 -0.25509
vn -0.57155 -0.72355 0.38705
vn -0.50386 -0.79214 0.34444
vn -0.64567 -0.75994 0.07478
vn -0.39068 -0.91458 -0.10444
vn -0.13391 -0.989 0.06276
vn -0.07626 -0.95627 0.28236
vn 0.42427 -0.89931 -0.10601
vn 0.34197 -0.9397 0.00449
vn 0.78034 -0.55263 -0.29271
vn -0.36351 -0.8765 -0.3156
vn -0.18475 -0.75359 -0.63085
vn 0.84857 0.09432 -0.52061
vn 0.84914 0.09401 -0.51974
vn 0.85025 0.09339 -0.51802
vn 0.41925 -0.6724 -0.61
vn 0.64588 -0.37982 -0.66225
vn 0.41199 -0.69774 -0.58602
vn -0.00884 -0.91805 -0.39637
vn -0.03181 -0.91111 -0.41093
vn -0.44309 -0.88446 -0.14626
vn 0.01537 -0.84876 0.52856
vn -0.84869 -0.52633 0.05204
vn 0.61832 -0.1689 0.76757
vn -0.93577 0.31611 -0.15626
vn -0.90778 -0.30429 -0.2887
vn -0.97517 -0.22098 0.01448
vn -0.96426 -0.24998 -0.08786
vn -0.96732 -0.25355 -0.00322
vn -0.86397 0.22361 0.45117
vn -0.62406 0.77933 0.05651
vn -0.60454 0.79147 0.09001
vn -0.89012 0.23031 0.39323
vn -0.59608 0.79027 0.14196
vn -0.15668 0.96261 -0.22099
vn -0.24633 0.93122 -0.26861
vn -0.02148 0.97306 -0.22953
vn -0.81745 0.26639 0.51069
vn 0.3722 0.83261 -0.41015
vn 0.48825 0.74117 -0.46073
vn 0.61886 0.60723 -0.49828
vn 0.89935 -0.0853 -0.42883
vn 0.89158 -0.19829 -0.40714
vn 0.89862 -0.0351 -0.43732
vn -0.77641 -0.44278 0.44847
vn -0.56558 -0.63233 0.52942
vn -0.21154 -0.92894 0.30385
vn 0.00256 -0.95226 0.30529
vn 0.45489 -0.88955 0.04218
vn 0.40887 -0.90221 0.13724
vn 0.43787 -0.89893 -0.01389
vn -0.05933 -0.89998 0.43188
vn -0.60753 -0.45555 0.65068
vn 0.83018 -0.47465 -0.29243
vn 0.79634 -0.53262 -0.28663
vn 0.80464 -0.56296 -0.18875
vn 0.83955 -0.36811 -0.39956
vn 0.47018 0.14324 0.87087
vn 0.50295 0.21887 0.83614
vn 0.50299 0.22794 0.83369
vn 0.46746 0.16349 0.86877
vn 0.47266 0.06901 0.87854
vn 0.47483 0.06711 0.87751
vn 0.47535 0.10189 0.87388
vn 0.48127 0.11244 0.86933
vn 0.3848 0.21507 0.89759
vn 0.50732 0.1663 0.84556
vn 0.48144 0.1425 0.86482
vn 0.36506 0.12437 0.92264
vn 0.34779 0.13729 0.92747
vn 0.21172 0.1931 0.95806
vn 0.21529 0.17398 0.96093
vn 0.22328 0.23184 0.94678
vn 0.22336 0.22375 0.94871
vn 0.38094 0.21664 0.89886
vn -0.87205 0.24899 0.42134
vn -0.64571 0.74314 0.17548
vn -0.69364 0.70564 0.14468
vn -0.85277 0.20084 0.48213
vn -0.69168 -0.44038 0.5724
vn -0.06904 0.98127 -0.17986
vn -0.02095 0.98685 -0.16027
vn 0.54421 0.72722 -0.41832
vn 0.61362 0.5989 -0.51458
vn 0.92983 0.11921 -0.34814
vn 0.93226 0.17534 -0.31645
vn -0.70306 -0.42056 0.57343
vn -0.32177 -0.89773 0.30092
vn -0.34177 -0.89901 0.27383
vn 0.33893 -0.934 -0.11299
vn 0.32638 -0.94273 -0.06883
vn 0.78046 -0.60809 -0.14527
vn 0.82836 -0.54684 -0.12155
vn 0.73636 -0.14708 0.66041
vn 0.75104 -0.15795 0.64108
vn -0.99391 -0.07447 0.0812
vn -0.98542 -0.12947 0.11035
vn -0.94613 0.26123 0.19129
vn -0.98057 -0.03524 0.19297
vn -0.95085 0.27258 -0.14693
vn -0.66494 0.6609 -0.34796
vn -0.94581 0.08492 0.31341
vn -0.95746 -0.11239 0.26579
vn -0.9717 -0.11553 0.20605
vn -0.95358 -0.30081 0.0145
vn -0.84829 0.38172 0.36701
vn -0.7478 0.54164 0.38396
vn -0.59545 0.71771 0.36101
vn -0.31609 0.89179 0.32371
vn -0.95144 -0.30777 0.00669
vn -0.87322 -0.47554 -0.10654
vn -0.6957 -0.70317 -0.14683
vn -0.94408 -0.30752 0.11892
vn -0.67834 -0.73258 -0.05642
vn -0.47811 -0.78569 -0.39256
vn -0.2749 -0.9398 -0.20299
vn -0.26716 -0.82622 -0.49596
vn -0.42061 -0.88215 -0.21188
vn -0.96581 -0.25774 -0.02813
vn -0.95474 -0.27513 0.11306
vn -0.97286 -0.23106 0.01222
vn -0.94592 -0.32132 -0.04469
vn -0.72663 -0.68578 -0.04146
vn -0.9277 -0.34016 0.15385
vn -0.70101 -0.69985 -0.13713
vn -0.47621 -0.83964 -0.26122
vn 0.95571 -0.22997 0.18366
vn 0.95328 -0.26128 0.15164
vn 0.99539 -0.09546 0.00931
vn 0.93527 -0.26977 0.22913
vn 0.94445 -0.32528 0.04698
vn 0.94474 -0.32652 0.02926
vn 0.93383 -0.2698 0.2349
vn 0.96234 -0.26434 -0.0634
vn 0.96438 -0.26085 -0.04396
vn 0.96251 -0.26771 -0.04364
vn 0.95997 -0.2704 -0.07315
vn 0.88363 -0.41738 -0.21211
vn 0.87652 -0.42143 -0.23261
vn 0.93372 -0.19678 0.29906
vn 0.9355 -0.1868 0.29992
vn 0.82968 -0.48219 -0.28129
vn 0.80653 -0.50561 -0.30639
vn 0.95508 -0.24892 -0.16082
vn -0.86487 -0.21222 -0.45493
vn -0.72948 0.23313 -0.64304
vn 0.00329 -0.9281 -0.37232
vn 0.00501 -0.8234 -0.56744
vn 0.00585 -0.74959 -0.66188
vn 0.0049 -0.83224 -0.5544
vn -0.00077 -0.99617 0.08745
vn -0.00401 -0.89104 0.4539
vn 0.97102 -0.20189 -0.12791
vn -0.13698 0.15286 -0.97871
vn -0.13138 0.22203 -0.96615
vn -0.11964 0.31159 -0.94266
vn -0.14058 0.42531 -0.89406
vn 0.43749 0.60109 -0.6688
vn -0.21122 0.58387 -0.78389
vn 0.16641 0.87543 -0.45379
vn -0.33644 0.65661 -0.67503
vn -0.14416 0.85273 -0.50207
vn -0.48974 0.4496 -0.747
vn 0.85019 0.44523 -0.28097
vn 0.70136 0.70414 -0.1108
vn 0.59237 0.78921 -0.162
vn 0.50707 0.84464 0.17166
vn -0.49444 -0.12971 -0.85948
vn -0.52724 -0.17278 -0.83197
vn -0.52038 -0.16805 -0.83724
vn -0.49447 -0.12988 -0.85944
vn -0.49787 -0.09349 -0.8622
vn -0.49958 -0.09072 -0.86151
vn -0.465 -0.09783 -0.87989
vn -0.46566 -0.09754 -0.87957
vn -0.38802 -0.10622 -0.91551
vn -0.38892 -0.10649 -0.91509
vn -0.52284 -0.18709 -0.83164
vn -0.52348 -0.18709 -0.83124
vn -0.38308 -0.13887 -0.91322
vn -0.38249 -0.13799 -0.9136
vn -0.40368 -0.21881 -0.88835
vn -0.40416 -0.21634 -0.88874
vn -0.44408 -0.22439 -0.86743
vn -0.45471 -0.21737 -0.8637
vn 0.07667 -0.2717 -0.95932
vn -0.0829 -0.57188 -0.81614
vn -0.051 -0.54859 -0.83453
vn 0.07873 -0.25318 -0.96421
vn -0.01433 0.09897 -0.99499
vn -0.0549 0.1513 -0.98696
vn -0.41063 -0.64318 -0.6463
vn -0.38772 -0.6445 -0.65901
vn -0.65122 -0.56868 -0.50252
vn -0.65912 -0.56226 -0.49942
vn -0.79774 -0.25517 -0.54634
vn -0.79271 -0.28065 -0.54114
vn -0.70298 0.17429 -0.68952
vn -0.71609 0.15643 -0.68025
vn -0.28112 0.33193 -0.90044
vn -0.28911 0.33493 -0.89679
vn -0.48907 0.35435 -0.79702
vn -0.48368 0.35583 -0.79965
vn 0.30259 -0.74767 0.59112
vn 0.05751 -0.85111 0.52182
vn 0.37022 -0.9261 0.07269
vn -0.11853 -0.93672 0.3294
vn -0.17768 -0.98187 0.06604
vn -0.10444 -0.97422 -0.19998
vn 0.07691 -0.91534 -0.39527
vn 0.32495 -0.8218 -0.46803
vn 0.56996 -0.7185 -0.39863
vn 0.7464 -0.63281 -0.20601
vn 0.8069 -0.58783 0.05815
vn 0.73512 -0.59574 0.32355
vn 0.55066 -0.65409 0.51859
vn -0.2443 -0.55606 0.79443
vn 0.16247 -0.37934 0.91088
vn -0.52934 -0.69893 0.48093
vn -0.62331 -0.781 0.03908
vn -0.51268 -0.76087 -0.3978
vn -0.20819 -0.64967 -0.73116
vn 0.17675 -0.48724 -0.85519
vn 0.60213 -0.33256 -0.72584
vn 0.89871 -0.16464 -0.40647
vn 0.99605 -0.08729 0.0165
vn 0.8729 -0.12648 0.47123
vn 0.56935 -0.21798 0.79267
vn -0.48545 -0.12759 0.8649
vn -0.03661 0.06278 0.99736
vn -0.81008 -0.27877 0.51581
vn -0.92883 -0.37045 0.00686
vn -0.78138 -0.35747 -0.51152
vn -0.42151 -0.23553 -0.8757
vn 0.44948 0.12297 -0.88479
vn 0.00971 -0.07952 -0.99679
vn 0.81893 0.31561 -0.47932
vn 0.91201 0.40877 -0.03376
vn 0.79592 0.37545 0.47491
vn 0.43055 0.24089 0.86983
vn -0.19637 0.50645 0.83961
vn -0.6039 0.33688 0.72237
vn -0.89233 0.196 0.4066
vn -0.99033 0.13643 -0.0252
vn -0.86391 0.13829 -0.48429
vn -0.53608 0.23511 -0.81077
vn 0.21702 0.65811 0.72097
vn -0.57034 0.71859 0.39792
vn -0.32355 0.82237 0.46801
vn -0.74633 0.63288 0.20605
vn -0.80679 0.58797 -0.05824
vn -0.73352 0.59568 -0.32729
vn -0.54379 0.65193 -0.52847
vn -0.28372 0.7352 -0.61562
vn -0.11111 0.33038 -0.93728
vn -0.05931 0.84033 -0.53881
vn 0.24462 0.53322 -0.80984
vn 0.12451 0.93552 -0.3306
vn 0.57055 0.68653 -0.45072
vn 0.64919 0.75979 -0.03559
vn 0.52834 0.76344 0.37152
vn 0.19841 0.97849 -0.05654
vn 0.1207 0.97262 0.19859
vn -0.07343 0.91427 0.3984
vn -0.37111 0.92564 -0.0739
vn -0.01723 -0.69169 0.72199
vn -0.27274 -0.72907 0.62775
vn 0.04995 -0.96746 0.24805
vn -0.44348 -0.79079 0.42187
vn -0.48321 -0.86071 0.16028
vn -0.38128 -0.92014 -0.08926
vn -0.16948 -0.951 -0.25861
vn 0.102 -0.94793 -0.30169
vn 0.35739 -0.91065 -0.20734
vn 0.52842 -0.84898 -0.00126
vn 0.5692 -0.77951 0.26149
vn 0.4688 -0.72078 0.5106
vn 0.25427 -0.68856 0.67914
vn -0.49586 -0.31678 0.80857
vn -0.07035 -0.24975 0.96575
vn -0.77342 -0.42105 0.47386
vn -0.83709 -0.54585 0.03662
vn -0.67671 -0.63417 -0.37402
vn -0.32028 -0.68299 -0.65646
vn 0.12059 -0.67354 -0.72925
vn 0.5433 -0.61339 -0.57322
vn 0.83231 -0.50664 -0.22491
vn 0.90411 -0.38117 0.1931
vn 0.72741 -0.29655 0.61881
vn 0.37734 -0.23708 0.89521
vn -0.91015 0.0624 0.40956
vn -0.59675 0.16896 0.78444
vn -0.12914 0.23925 0.96233
vn -0.99249 -0.07559 -0.09614
vn -0.79238 -0.19301 -0.57869
vn -0.39251 -0.24178 -0.8874
vn 0.92398 -0.04343 -0.37996
vn 0.58597 -0.16863 -0.79259
vn 0.99144 0.09604 0.08844
vn 0.80777 0.19355 0.55682
vn 0.38036 0.24815 0.89092
vn 0.11263 -0.23857 -0.96457
vn -0.12238 0.6767 0.72601
vn -0.54627 0.61649 0.56703
vn -0.82596 0.5157 0.22767
vn -0.88491 0.41973 -0.20192
vn -0.71541 0.30069 -0.63069
vn -0.35086 0.24438 -0.90397
vn -0.53127 0.84687 -0.02376
vn -0.35765 0.91072 0.20657
vn -0.10039 0.94807 0.3018
vn -0.58127 0.78173 -0.22586
vn -0.47814 0.73145 -0.48617
vn -0.24745 0.68302 -0.6872
vn 0.01935 0.68603 -0.72732
vn 0.09357 0.24822 -0.96418
vn 0.26905 0.72861 -0.62987
vn 0.5099 0.30865 -0.80295
vn 0.44627 0.78992 -0.42055
vn 0.79006 0.41899 -0.44749
vn 0.85125 0.52404 -0.0273
vn 0.69253 0.62458 0.36096
vn 0.32525 0.67844 0.65874
vn 0.49994 0.85312 -0.14914
vn 0.39504 0.91413 0.09122
vn 0.17159 0.94992 0.26117
vn -0.05638 0.96669 -0.24965
vn -0.60809 -0.55812 -0.56456
vn -0.8023 -0.14117 -0.57998
vn 0.05181 -0.12289 -0.99107
vn 0.36283 -0.7414 -0.56451
vn 0.63566 -0.65827 -0.40326
vn 0.8927 -0.19486 -0.40634
vn 0.14623 0.83047 -0.53752
vn 0.11043 0.79923 -0.5908
vn -0.11388 0.69286 -0.71202
vn -0.62622 0.34459 -0.69936
vn 0.60697 -0.49219 -0.62397
vn 0.85134 -0.49977 -0.15952
vn 0.1435 -0.88381 -0.4453
vn 0.1919 -0.98027 0.04747
vn 0.62518 0.34419 -0.70049
vn 0.56026 0.16705 -0.8113
vn 0.14949 -0.87507 0.46032
vn 0.80706 -0.49579 0.3207
vn 0.73843 0.51999 -0.42933
vn -0.56216 -0.63286 0.53241
vn -0.57071 -0.80667 0.15354
vn -0.95879 -0.27428 -0.07418
vn -0.80514 -0.26852 -0.52881
vn -0.38288 -0.86478 -0.3249
vn -0.92772 0.10976 0.35676
vn 0.20641 0.88667 -0.41377
vn 0.0918 0.98533 -0.14389
vn -0.62259 0.7501 -0.223
vn -0.74659 0.65444 -0.11959
vn -0.04442 0.99538 -0.08511
vn -0.74223 0.64946 -0.16521
vn 0.09564 -0.9941 0.05119
vn 0.21803 -0.97391 -0.06302
vn 0.76223 -0.59816 -0.2474
vn 0.89664 -0.41971 0.141
vn 0.82446 0.48955 -0.28391
vn 0.49111 0.48907 0.72085
vn 0.87893 -0.43771 -0.18945
vn 0.94074 -0.04951 0.3355
vn -0.3139 -0.79964 -0.5119
vn -0.5652 -0.8161 -0.12058
vn -0.84103 -0.20022 -0.50257
vn -0.99302 -0.11384 0.03073
vn -0.78671 -0.1076 0.60788
vn 0.36158 -0.78457 -0.5037
vn -0.32486 -0.83708 0.44018
vn -0.62119 -0.4989 0.60434
vn 0.72097 -0.16382 0.67332
vn 0.67182 -0.54793 0.49842
vn 0.27676 -0.54882 0.7888
vn -0.18456 -0.44499 0.87631
vn 0.17987 0.14089 0.97355
vn -0.17648 0.16627 0.97016
vn 0.06005 0.02109 0.99797
vn -0.2925 0.23384 0.92723
vn -0.59841 0.28014 0.75061
vn -0.36088 0.52126 0.77334
vn -0.68396 0.05837 0.72718
vn -0.26146 0.55032 0.79296
vn 0.54394 0.07269 0.83597
vn 0.69583 0.67527 -0.2446
vn -0.01665 0.98251 -0.18548
vn -0.06149 0.99609 0.0635
vn -0.73862 0.64007 0.21155
vn -0.67755 0.67106 -0.30101
vn 0.57688 0.53725 0.61528
vn -0.19838 0.76066 0.61809
vn -0.27049 0.23206 0.93434
vn -0.07412 0.04482 0.99624
vn -0.33352 0.2439 0.91065
vn -0.40993 0.18833 0.89246
vn 0.59094 -0.11362 0.79867
vn 0.20672 0.52338 0.82665
vn -0.28316 -0.01938 0.95888
vn -0.1886 -0.3692 0.91001
vn -0.33178 -0.35452 0.87421
vn 0.08686 -0.19089 0.97776
vn 0.14373 0.31016 0.93976
vn -0.33299 -0.17585 0.92639
vn -0.47141 0.0749 0.87873
vn -0.31372 0.08874 0.94536
vn -0.18453 0.14347 0.9723
vn -0.03522 0.5042 0.86287
vn -0.04017 0.38883 0.92043
vn -0.1796 0.25908 0.94901
vn -0.22578 0.25344 0.94063
vn -0.19458 0.21767 0.95643
vn -0.22103 0.18829 0.95692
vn -0.25755 0.06958 0.96376
vn -0.2694 0.06262 0.96099
vn -0.24724 0.22009 0.94363
vn -0.17862 0.24836 0.95206
vn -0.17135 0.26973 0.94757
vn -0.18753 0.27448 0.94313
vn -0.16802 0.19992 0.9653
vn -0.16087 0.1765 0.97107
vn -0.24218 0.00869 0.97019
vn -0.27235 0.11179 0.95568
vn -0.20658 0.05181 0.97706
vn -0.25668 0.15231 0.95442
vn -0.32971 0.12039 0.93638
vn -0.21083 0.05739 0.97584
vn -0.18757 0.10851 0.97624
vn -0.18923 0.07995 0.97867
vn 0.44162 -0.88506 -0.14712
vn 0.56672 -0.82381 -0.01297
vn 0.87445 -0.48075 0.06491
vn 0.89115 -0.43118 0.14117
vn 0.97996 -0.01313 0.19878
vn 0.97233 0.01226 0.2333
vn -0.04931 -0.97514 -0.21602
vn -0.16506 -0.89074 -0.42349
vn -0.59395 -0.72421 -0.35034
vn -0.52372 -0.60898 -0.5957
vn -0.93104 -0.10017 -0.35089
vn -0.83584 -0.13749 -0.53148
vn 0.84396 -0.52527 0.10875
vn 0.45725 -0.86963 -0.18619
vn 0.9411 -0.0607 0.33265
vn -0.01694 -0.899 -0.43761
vn -0.54166 -0.63608 -0.54955
vn -0.90763 -0.05351 -0.41635
vn 0.65901 -0.74443 0.10739
vn 0.62732 -0.72378 -0.28741
vn 0.87992 -0.1227 0.45901
vn 0.34021 -0.69858 -0.62948
vn -0.57315 -0.47011 -0.6712
vn -0.95589 0.15042 -0.25228
vn 0.86945 -0.39442 -0.29748
vn 0.2847 -0.81348 -0.50714
vn -0.58495 -0.67343 -0.45202
vn -0.95534 0.06133 -0.28909
vn 0.74671 -0.51283 0.42359
vn 0.25572 -0.9074 0.33351
vn -0.59182 -0.71281 0.37636
vn -0.93373 0.2581 0.24804
vn 0.86659 -0.49406 -0.07019
vn 0.79141 -0.44946 0.41431
vn 0.891 -0.36539 0.26948
vn 0.86831 -0.38232 0.31601
vn 0.45437 -0.55674 0.6954
vn 0.06663 -0.63174 0.77231
vn -0.60019 -0.37212 0.70802
vn -0.92876 0.26785 0.25624
vn 0.07604 -0.88374 0.46176
vn 0.66639 -0.69843 0.26101
vn -0.73407 -0.60184 0.31453
vn -0.97595 0.16424 -0.14334
vn 0.98417 -0.02181 0.17586
vn 0.66015 -0.71973 0.2149
vn 0.06611 -0.9762 0.20655
vn -0.66965 -0.74092 0.05109
vn -0.97771 0.07191 -0.19726
vn 0.99862 0.02978 0.04315
vn 0.65807 -0.68523 0.31209
vn 0.05886 -0.94447 0.32329
vn -0.69785 -0.70109 0.14655
vn -0.97925 0.1198 -0.16345
vn 0.99161 0.08662 0.09597
vn 0.79388 0.54761 0.26435
vn 0.79017 0.54826 0.27394
vn 0.36076 0.91047 0.20223
vn 0.34299 0.91841 0.1972
vn -0.29265 0.9547 -0.05384
vn -0.24066 0.97033 0.02344
vn -0.81059 0.42824 -0.39945
vn -0.785 0.58877 -0.19268
vn 0.73029 0.4474 0.51625
vn -0.2536 0.87928 0.40319
vn 0.28606 0.78972 0.54269
vn -0.7931 0.60889 0.01591
vn 0.59089 0.52297 0.61429
vn -0.36306 0.84302 0.39687
vn 0.15762 0.82224 0.54688
vn -0.8452 0.52723 0.08754
vn -0.3289 0.94221 0.06378
vn 0.24918 0.96606 0.06815
vn -0.63331 0.77389 -0.00264
vn 0.8334 0.46371 0.30069
vn -0.39298 0.88611 -0.24573
vn 0.40766 0.90402 -0.12868
vn -0.41702 0.84757 -0.32821
vn 0.45294 0.86005 -0.23486
vn -0.40188 0.85199 -0.33558
vn 0.44721 0.86368 -0.23251
vn 0.71479 -0.19669 0.67111
vn 0.4001 -0.20355 0.89358
vn 0.88342 0.32568 0.3369
vn 0.90709 0.0631 0.41618
vn 0.83016 0.46727 0.30412
vn 0.5255 0.58276 0.61987
vn 0.48798 0.66892 0.56073
vn 0.95326 0.24991 0.16985
vn 0.79075 0.57508 0.20973
vn 0.77966 0.61856 0.09751
vn 0.26725 0.93765 0.22225
vn 0.28077 0.90892 0.30826
vn 0.79517 0.46653 0.38736
vn -0.44085 0.79532 0.41608
vn -0.41881 0.87471 0.24387
vn 0.30217 0.94395 0.13287
vn -0.48233 0.86734 0.12281
vn -0.80223 0.51427 0.30323
vn -0.9467 0.05093 0.31806
vn -0.9664 0.21278 0.14424
vn -0.85387 -0.4816 0.19742
vn -0.69253 -0.6223 0.36489
vn -0.88645 -0.45098 0.104
vn -0.51967 -0.76688 0.37662
vn -0.07997 -0.68155 0.72739
vn -0.14136 -0.71051 0.68934
vn -0.6929 -0.63624 0.33925
vn -0.71962 -0.68351 0.12233
vn -0.77677 -0.53143 0.33794
vn -0.60425 -0.18107 0.77595
vn -0.70725 -0.06245 0.7042
vn -0.92344 -0.27611 0.26649
vn -0.8379 -0.33887 0.42788
vn -0.77635 -0.60699 0.16981
vn -0.51851 -0.68661 0.50961
vn -0.41688 -0.87441 0.24823
vn -0.04143 -0.94675 0.3193
vn -0.13363 -0.7585 0.63782
vn 0.51035 -0.73289 0.44991
vn 0.35471 -0.58424 0.72996
vn 0.1754 -0.08184 0.98109
vn 0.7385 -0.06608 0.671
vn 0.90022 -0.2001 0.38672
vn 0.88547 0.3141 0.34247
vn 0.76869 0.27765 0.57622
vn -0.34589 -0.25442 0.90312
vn -0.50165 -0.0334 0.86443
vn -0.11657 0.33631 0.93451
vn 0.01573 0.21294 0.97694
vn 0.60929 0.53447 0.58575
vn 0.3752 0.39038 0.84073
vn 0.29622 0.70212 0.64752
vn -0.03057 0.14877 0.9884
vn 0.62243 0.62899 0.46578
vn -0.07169 0.28876 0.95472
vn -0.45081 0.45101 0.7703
vn -0.456 0.4317 0.77827
vn -0.28754 0.26021 0.92174
vn -0.27557 0.27007 0.92256
vn -0.25657 0.40047 0.87966
vn -0.25574 0.40673 0.87702
vn -0.10193 0.3668 0.9247
vn -0.07505 0.33414 0.93953
vn -0.06929 0.31212 0.94751
vn -0.03377 0.16343 0.98598
vn -0.04494 0.16711 0.98491
vn -0.00381 0.08558 0.99632
vn -0.01101 0.08043 0.9967
vn 0.17862 -0.18152 0.96703
vn 0.10894 -0.15925 0.98121
vn 0.07286 -0.18618 0.97981
vn 0.11812 -0.16168 0.97975
vn 0.08079 -0.16846 0.98239
vn -0.17062 -0.19183 0.96648
vn 0.02789 -0.0977 0.99483
vn 0.01932 -0.10462 0.99432
vn -0.18404 -0.19527 0.96333
vn -0.21377 -0.07814 0.97375
vn -0.06647 -0.11589 0.99104
vn -0.0503 0.09165 0.99452
vn -0.02511 0.09726 0.99494
vn 0.06943 0.26301 0.96229
vn 0.07182 -0.0429 0.99649
vn 0.08495 0.3023 0.94942
vn 0.21803 -0.16907 0.96119
vn 0.37397 -0.13808 0.9171
vn 0.52891 -0.23098 0.81664
vn 0.08354 -0.03384 0.99593
vn 0.98222 0.15648 0.10368
vn 0.92717 -0.34548 0.14493
vn 0.93941 -0.31141 0.14329
vn 0.97527 0.19374 0.10635
vn 0.80556 0.5874 0.07769
vn 0.60152 -0.7813 0.16661
vn 0.58522 -0.79728 0.14786
vn 0.82607 0.5583 0.07688
vn 0.60695 0.79108 0.0762
vn 0.61531 0.78667 0.05032
vn 0.69834 0.71547 0.02036
vn 0.83572 0.5486 0.02478
vn 0.90449 0.42455 0.0408
vn 0.90331 0.42808 0.02771
vn 0.77013 0.63776 -0.01273
vn 0.7271 0.68525 -0.04198
vn 0.25563 0.96678 8E-05
vn 0.22716 0.97386 0.00178
vn 0.63061 0.77223 -0.07746
vn -0.57558 0.81689 0.03749
vn -0.52766 0.84937 -0.0123
vn -0.92368 0.35304 -0.1489
vn -0.97578 0.18147 -0.12217
vn -0.9235 -0.37951 -0.05586
vn -0.90446 -0.42074 0.0702
vn -0.8793 -0.46904 0.08268
vn -0.89005 -0.44461 0.10065
vn -0.92105 -0.22303 -0.31926
vn -0.93038 -0.36382 0.04491
vn -0.92877 -0.36953 0.02871
vn -0.75379 -0.65707 0.00772
vn -0.77986 -0.62595 -0.00276
vn -0.37658 -0.92633 -0.00956
vn -0.40663 -0.91351 -0.01198
vn 0.07768 -0.99447 0.07069
vn 0.02403 -0.99828 0.05347
vn 0.11413 -0.1376 -0.98389
vn 0.11972 -0.14752 -0.98179
vn 0.07066 -0.08401 -0.99396
vn 0.17159 -0.21817 -0.96071
vn 0.15139 -0.15454 -0.97632
vn 0.22865 -0.27328 -0.93436
vn 0.04235 -0.0514 -0.99778
vn 0.01791 -0.0052 -0.99983
vn -0.06186 0.18797 -0.98023
vn -0.00351 -0.01233 -0.99992
vn -0.10783 0.23282 -0.96652
vn 0.44425 -0.87779 0.17924
vn 0.44074 -0.89486 0.07046
vn 0.44417 -0.87941 0.17131
vn 0.44031 -0.89564 0.06293
vn -0.1373 0.29871 -0.94442
vn -0.09079 0.27216 -0.95796
vn -0.05505 0.08987 -0.99443
vn -0.01997 0.16212 -0.98657
vn -0.00364 0.09635 -0.99534
vn -0.01646 0.0865 -0.99612
vn 0.00204 0.01061 -0.99994
vn -0.08685 0.26481 -0.96038
vn -0.09665 0.0466 0.99423
vn -0.08968 0.04959 0.99474
vn -0.25653 -0.1043 0.96089
vn -0.01042 0.12933 0.99155
vn -0.02392 0.08734 0.99589
vn 0.04824 0.16666 0.98483
vn -0.00433 0.0046 0.99998
vn -0.92641 -0.06235 0.37133
vn -0.25121 -0.29274 0.9226
vn -0.52042 -0.40029 0.75427
vn -0.87271 -0.20004 0.44538
vn -0.94872 0.16078 0.27218
vn -0.71626 0.36907 0.59224
vn -0.69359 0.50205 0.51661
vn -0.98514 0.00334 0.17173
vn -0.93534 0.27892 0.21759
vn -0.92209 0.3749 0.09594
vn -0.59856 0.76934 0.22327
vn -0.59964 0.7378 0.30998
vn -0.88811 0.09953 0.44873
vn 0.10794 0.90304 0.41577
vn 0.05799 0.96803 0.24403
vn -0.63359 0.76202 0.13378
vn 0.11438 0.9854 0.12613
vn 0.54308 0.7816 0.30687
vn 0.84651 0.41548 0.33287
vn 0.80262 0.58151 0.13286
vn 0.97776 -0.09845 0.18517
vn 0.85225 -0.48113 0.20537
vn 0.98946 -0.12411 0.07464
vn 0.72892 -0.59669 0.33562
vn 0.30831 -0.59774 0.74004
vn 0.42125 -0.55566 0.71679
vn 0.86197 -0.37372 0.34255
vn 0.90985 -0.39294 0.13333
vn 0.91626 -0.22791 0.32942
vn 0.6209 0.04827 0.7824
vn 0.67259 0.20389 0.71137
vn 0.9624 0.086 0.25766
vn 0.90201 -0.00527 0.43169
vn 0.94556 -0.27423 0.17528
vn 0.73606 -0.4418 0.51285
vn 0.71298 -0.65512 0.24995
vn 0.39156 -0.86263 0.32024
vn 0.40629 -0.65093 0.64127
vn -0.19567 -0.8713 0.45005
vn -0.11441 -0.66896 0.73444
vn -0.13493 -0.14158 0.98069
vn -0.6551 -0.34415 0.67261
vn -0.75628 -0.51237 0.40684
vn -0.94034 -0.03087 0.33884
vn -0.81364 -0.05216 0.57903
vn 0.41391 -0.10496 0.90425
vn 0.47959 0.13719 0.8667
vn -0.02872 0.3484 0.9369
vn -0.10208 0.19854 0.97476
vn -0.76792 0.27996 0.57613
vn -0.49649 0.21687 0.84051
vn -0.55214 0.55084 0.62587
vn -0.02945 0.14649 0.98877
vn -0.82035 0.38673 0.42127
vn 0.25761 0.57229 0.77854
vn 0.24517 0.58853 0.77041
vn -0.04177 0.28966 0.95622
vn 0.16671 0.34971 0.92191
vn 0.15202 0.35422 0.92272
vn 0.08653 0.46792 0.87953
vn 0.08253 0.47305 0.87716
vn -0.04282 0.37844 0.92463
vn -0.05585 0.33695 0.93986
vn -0.05334 0.30912 0.94953
vn -0.02917 0.15142 0.98804
vn -0.02209 0.15311 0.98796
vn -0.01643 0.09271 0.99556
vn -0.00602 0.0928 0.99567
vn -0.04293 -0.08045 0.99583
vn -0.0525 -0.20084 0.97822
vn 0.00331 -0.20088 0.97961
vn -0.04539 -0.19625 0.9795
vn -0.01025 -0.18703 0.9823
vn 0.21801 -0.12314 0.96815
vn 0.02106 -0.10417 0.99434
vn 0.00346 -0.09682 0.9953
vn 0.23174 -0.11516 0.96594
vn 0.19306 -0.00584 0.98117
vn 0.08214 -0.08498 0.99299
vn 0.01214 0.10999 0.99386
vn -0.01271 0.10321 0.99458
vn -0.15927 0.22886 0.96034
vn -0.17984 -0.09009 0.97956
vn -0.18945 0.2572 0.94761
vn -0.04632 -0.06182 0.99701
vn -0.22419 -0.17537 0.95863
vn -0.25936 -0.21908 0.9406
vn -0.12037 -0.05504 0.9912
vn -0.74892 -0.64685 0.14388
vn -0.72474 -0.6735 0.14544
vn -0.97514 -0.19772 0.10004
vn -0.98182 -0.1592 0.10337
vn -0.95238 0.29872 0.06115
vn -0.26056 -0.95097 0.16661
vn -0.24007 -0.9594 0.14803
vn -0.96117 0.26982 0.05778
vn -0.83337 0.55017 0.05297
vn -0.84102 0.54013 0.03073
vn -0.93943 0.342 0.02242
vn -0.97864 0.20508 0.01419
vn -0.99674 0.06324 0.05014
vn -0.99831 0.04387 0.03819
vn -0.91354 0.40675 0.00264
vn -0.86839 0.44116 -0.22643
vn -0.54975 0.83529 0.00796
vn -0.53091 0.84686 -0.03112
vn -0.7126 0.44371 -0.54344
vn 0.2247 0.97371 0.03747
vn 0.16644 0.98595 -0.01411
vn 0.83825 0.53087 -0.12455
vn 0.72016 0.67595 -0.1564
vn 0.99791 -0.03686 -0.05307
vn 0.99524 -0.07445 0.06293
vn 0.99145 -0.11906 0.05335
vn 0.99271 -0.10234 0.06373
vn 0.94323 0.13189 -0.30482
vn 0.99974 0.00334 0.02249
vn 0.99986 0.00831 0.01466
vn 0.94336 -0.33174 0.00353
vn 0.95779 -0.28745 -0.00279
vn 0.69521 -0.71874 -0.00966
vn 0.71809 -0.69584 -0.01213
vn 0.30044 -0.95119 0.07056
vn 0.35059 -0.93499 0.05359
vn -0.04057 -0.10097 -0.99406
vn -0.05476 -0.18173 -0.98182
vn -0.05326 -0.14978 -0.98728
vn -0.07601 -0.26689 -0.96073
vn -0.08119 -0.20016 -0.97639
vn -0.10786 -0.33953 -0.93439
vn -0.02804 -0.02866 -0.9992
vn -0.02738 -0.00211 -0.99962
vn -0.00092 0.18906 -0.98196
vn -0.00507 0.00871 -0.99995
vn -0.00332 0.10781 -0.99417
vn -0.0809 -0.96535 0.24811
vn -0.11026 -0.69233 0.71311
vn -0.07601 -0.97885 0.18993
vn -0.11115 -0.66461 0.73888
vn 0.01541 0.21856 -0.9757
vn 0.01798 0.28284 -0.959
vn 0.03311 0.14996 -0.98814
vn -0.01747 0.08741 -0.99602
vn -0.03313 0.09096 -0.9953
vn -0.04289 0.15804 -0.9865
vn -0.00592 0.00916 -0.99994
vn -0.01957 0.28133 -0.95941
vn 0.25696 0.00086 0.96642
vn 0.071 0.08296 0.99402
vn 0.08542 0.08023 0.99311
vn -0.05993 0.14804 0.98716
vn -0.00901 0.09803 0.99514
vn -0.1262 0.1598 0.97905
vn 0.00226 0.0059 0.99998
vn 0.99644 0.01158 0.08345
vn 0.37586 0.76697 0.52009
vn 0.47037 0.88167 0.03771
vn 0.98621 0.03177 -0.1624
vn 0.9711 0.2253 0.07881
vn 0.35123 0.8813 0.31614
vn 0.37915 0.85408 -0.35608
vn 0.86635 0.19379 -0.46031
vn 0.26188 0.53308 -0.80451
vn 0.47414 0.14814 -0.8679
vn 0.08018 0.04176 -0.9959
vn 0.99268 0.0012 0.12081
vn 0.38071 0.92401 0.0356
vn 0.40002 0.90553 0.1414
vn 0.97894 0.12155 0.16401
vn 0.23063 0.69092 -0.68515
vn 0.48081 -0.86947 -0.11333
vn -0.32292 0.3932 -0.86088
vn -0.95955 0.26301 -0.10047
vn -0.30063 0.94639 0.11818
vn -0.2932 0.95519 -0.04063
vn 0.74846 0.61898 0.23803
vn -0.21158 0.97732 -0.00908
vn 0.74998 0.66125 0.01693
vn 0.74674 0.60235 0.28207
vn -0.31907 0.8571 0.40445
vn -0.9604 0.15987 0.22822
vn -0.95297 0.20854 -0.21989
vn -0.68306 -0.70143 -0.20353
vn -0.63955 -0.64931 -0.41154
vn 0.58511 0.79553 0.1574
vn -0.33906 0.91291 0.22723
vn -0.96729 0.24931 0.04693
vn -0.75327 -0.60052 -0.26825
vn -0.26951 0.91141 -0.31095
vn 0.55053 0.75836 -0.34901
vn -0.80874 0.34611 -0.47554
vn -0.54405 -0.43908 -0.715
vn -0.10272 0.64347 -0.75855
vn 0.376 0.49606 -0.78266
vn -0.40687 0.32425 -0.854
vn -0.18444 -0.22724 -0.95621
vn 0.18331 0.13531 -0.9737
vn -0.49541 -0.85029 -0.17768
vn -0.92859 0.29126 -0.22995
vn -0.76035 -0.62331 -0.1826
vn -0.58984 0.6739 0.44491
vn -0.60807 0.7934 -0.02772
vn -0.98691 -0.15953 -0.02347
vn -0.94706 -0.195 -0.25504
vn -0.58259 0.78758 0.20074
vn -0.99284 0.02652 -0.11649
vn -0.43656 0.77838 -0.45115
vn -0.77406 0.05738 -0.6305
vn -0.17355 0.49107 -0.85366
vn -0.3797 -0.01059 -0.92505
vn -0.98525 -0.1574 -0.06716
vn -0.53857 0.84141 -0.0444
vn -0.56679 0.82271 0.04356
vn -0.99184 -0.11545 -0.05412
vn -0.1364 0.71236 -0.68843
vn -0.72704 -0.4727 -0.49797
vn -0.08702 0.53556 -0.84001
vn -0.06191 0.47077 -0.88008
vn -0.02511 0.76948 -0.63818
vn -0.10032 0.46902 -0.87747
vn -0.03579 0.75299 -0.65706
vn 0.66869 0.67454 0.31282
vn 0.8729 -0.47054 0.12901
vn -0.2337 0.28276 -0.93028
vn -0.17189 0.47296 -0.86415
vn -0.19894 0.59344 -0.7799
vn -0.3653 0.41819 -0.83167
vn -0.56563 0.63035 -0.53172
vn -0.53036 0.79737 -0.28795
vn -0.50001 0.69381 -0.51829
vn -0.6948 0.59167 -0.40887
vn -0.57121 0.72402 -0.38666
vn 0.04053 0.99861 0.03364
vn 0.1124 0.96329 0.2438
vn 0.03694 0.91851 0.39366
vn -0.08516 0.78738 0.61056
vn -0.92127 0.3832 -0.06649
vn -0.1074 0.87635 0.46956
vn -0.92134 0.37998 -0.08212
vn -0.91066 0.37857 0.16546
vn 0.00834 0.96101 0.27637
vn -0.22421 0.83294 0.50591
vn -0.89837 0.06659 0.43416
vn -0.74391 -0.66623 0.05236
vn -0.66524 -0.65312 -0.36178
vn -0.32523 0.87006 0.37044
vn -0.96305 0.2502 0.09963
vn -0.78375 -0.54466 -0.29848
vn -0.78902 0.46194 -0.40504
vn -0.19196 0.97158 -0.13849
vn -0.63913 -0.22012 -0.73692
vn -0.3417 0.52684 -0.77825
vn 0.00658 0.7739 -0.63328
vn -0.26675 0.1951 -0.94381
vn 0.17336 0.45393 -0.87401
vn 0.25676 0.01576 -0.96635
vn 0.61774 0.5258 -0.58475
vn 0.1629 -0.48397 -0.85979
vn -0.26141 -0.805 -0.53258
vn -0.33101 -0.81356 -0.47808
vn -0.31061 -0.8948 -0.32071
vn 0.52317 -0.81901 -0.23561
vn 0.55314 -0.70568 -0.44277
vn 0.42628 -0.75749 -0.49446
vn 0.84222 -0.45688 -0.28622
vn -0.68331 -0.57099 -0.45504
vn 0.6906 -0.3205 -0.64835
vn 0.20448 -0.39768 -0.89445
vn -0.51354 -0.34266 -0.78668
vn -0.03936 -0.40495 -0.91349
vn 0.10479 -0.93873 -0.32833
vn 0.1033 -0.93633 -0.33557
vn 0.10446 -0.9382 -0.32995
vn 0.10307 -0.93597 -0.33667
vn 0.47492 -0.8777 0.06407
vn -0.33181 -0.94331 0.00833
vn -0.26905 -0.96311 0.00537
vn 0.27244 -0.95955 0.07095
vn -0.23457 -0.96051 0.14968
vn -0.35667 -0.93393 0.0235
vn 0.21911 -0.95791 0.18546
vn 0.5391 -0.81777 0.20156
vn 0.5802 -0.80664 0.1127
vn 0.38732 -0.91706 0.09482
vn 0.43466 -0.86254 -0.25902
vn 0.37217 -0.79323 -0.48194
vn 0.37985 -0.78974 -0.48169
vn 0.88818 -0.32345 -0.32635
vn 0.93991 -0.1951 -0.28018
vn -0.05499 -0.86605 -0.49693
vn 0.9794 0.17416 -0.10224
vn -0.0173 -0.59027 -0.80702
vn 0.82912 0.25026 -0.49993
vn 0.39578 -0.33641 -0.85451
vn 0.58094 -0.13419 -0.80281
vn 0.94672 -0.31315 -0.07526
vn 0.89073 -0.38698 0.23843
vn 0.77458 -0.60652 0.17932
vn 0.80741 -0.51305 0.29132
vn 0.88631 -0.17373 0.42926
vn 0.83548 -0.41238 0.3632
vn 0.67127 -0.68683 0.27867
vn -0.34373 -0.92394 -0.16791
vn -0.12779 -0.95212 -0.27773
vn 0.79135 -0.61019 -0.03776
vn 0.79592 -0.52626 -0.29928
vn -0.00143 -0.86613 -0.49982
vn 0.85229 -0.47283 -0.22367
vn -0.16796 -0.93481 -0.31294
vn 0.98966 0.14193 0.02079
vn 0.96779 0.25168 -0.00636
vn 0.37734 0.91254 0.15774
vn 0.23743 0.8863 0.39762
vn 0.50349 -0.79498 -0.33839
vn -0.28686 -0.85567 -0.43075
vn 0.79563 0.57184 0.19995
vn 0.08301 0.9632 0.25563
vn 0.48983 -0.47714 -0.72966
vn 0.00835 -0.5308 -0.84746
vn 0.33822 0.89964 -0.27614
vn 0.7597 0.59011 -0.27319
vn 0.69693 -0.02241 -0.71678
vn 0.29185 -0.11451 -0.94958
vn 0.75274 0.1898 -0.63036
vn 0.37995 0.58282 -0.7183
vn 0.35016 0.27086 -0.89667
vn 0.30829 0.87429 0.37493
vn 0.95771 0.13519 0.25401
vn 0.82181 0.03854 0.56846
vn 0.25704 0.85823 0.44427
vn 0.91408 -0.0543 0.40189
vn 0.97541 0.07997 0.2054
vn 0.83568 0.11919 0.53612
vn 0.87695 -0.01113 0.48045
vn 0.92719 -0.32557 0.18528
vn 0.1383 -0.94597 -0.29328
vn 0.26036 -0.89847 -0.3535
vn 0.97048 -0.20351 -0.12942
vn 0.90933 -0.09257 -0.40565
vn 0.34833 -0.7398 -0.57564
vn 0.88624 0.06844 -0.45814
vn 0.14543 -0.89344 -0.42499
vn 0.76093 0.62796 -0.16327
vn 0.7559 -0.44908 -0.47638
vn 0.07797 -0.86793 -0.49053
vn 0.4473 0.87187 0.19941
vn 0.64986 -0.19248 -0.73528
vn 0.63686 0.28106 -0.71793
vn 0.42027 0.88733 -0.18978
vn 0.75567 0.6539 -0.03713
vn 0.80224 0.5517 0.22812
vn 0.73311 0.36865 0.57153
vn 0.66132 0.40176 0.63343
vn 0.66017 0.4764 0.5807
vn 0.66325 0.58702 0.46424
vn 0.81983 0.20147 0.536
vn 0.83416 -0.09778 0.54279
vn 0.73856 -0.47973 0.4737
vn 0.44074 -0.81837 0.3688
vn 0.05102 -0.97108 0.23323
vn -0.23978 -0.95953 0.14767
vn -0.74284 -0.65433 0.14153
vn 0.40636 -0.8046 0.433
vn 0.01973 -0.97531 0.21997
vn 0.72842 -0.39237 0.56165
vn 0.82694 0.00723 0.56224
vn 0.81315 0.30137 0.49796
vn 0.57959 0.79606 0.17428
vn -0.2833 -0.95874 0.02343
vn -0.81643 -0.32362 -0.47824
vn -0.06498 0.92316 -0.3789
vn 0.73705 -0.64571 -0.19953
vn 0.7361 -0.64507 -0.20503
vn 0.73684 -0.64556 -0.20079
vn 0.73595 -0.64497 -0.20589
vn -0.77191 0.58102 0.25803
vn -0.61401 0.7831 -0.0987
vn -0.95914 -0.27664 -0.05936
vn -0.84504 -0.22804 -0.48363
vn -0.73519 0.6772 -0.0301
vn -0.91719 -0.17657 -0.35718
vn -0.35307 0.71555 -0.60277
vn -0.49935 0.04551 -0.8652
vn 0.06613 0.50626 -0.85984
vn 0.00671 0.21735 -0.97607
vn -0.85337 -0.13331 -0.50398
vn -0.65283 0.73856 -0.16835
vn -0.66447 0.73823 -0.11619
vn -0.89039 -0.23722 -0.38849
vn -0.02612 0.06449 -0.99758
vn -0.72704 -0.56886 -0.38446
vn -0.74553 -0.4731 -0.46943
vn 0.96147 -0.25433 0.1044
vn 0.96146 -0.25433 0.10441
vn 0.96147 -0.25433 0.10441
vn 0.96146 -0.25433 0.10441
vn 0.97331 0.22508 -0.04479
vn 0.97624 0.21647 0.0096
vn 0.97433 0.22298 -0.03107
vn 0.97643 0.21511 0.01788
vn -0.14941 -0.83322 -0.53238
vn 0.86008 -0.48512 -0.1579
vn 0.78068 -0.30935 -0.54299
vn -0.13155 -0.66375 -0.73629
vn 0.90208 0.23344 0.36297
vn 0.83265 0.54814 0.07901
vn -0.04954 0.77508 0.62992
vn 0.08822 -0.75035 -0.65513
vn 0.87234 -0.33288 -0.35806
vn 0.91331 0.37744 0.153
vn 0.17663 0.84906 0.4979
vn -0.03939 0.91228 0.40767
vn 0.67741 0.05738 -0.73337
vn -0.01758 -0.28649 -0.95792
vn 0.71447 0.62225 -0.31991
vn 0.04127 0.99848 -0.03652
vn 0.29729 0.66207 -0.68795
vn 0.2822 0.41253 -0.86613
vn 0.0605 0.81616 0.57465
vn -0.06696 0.25543 -0.96451
vn -0.91224 0.40601 0.05462
vn -0.84364 0.52653 0.10511
vn -0.94542 -0.09847 -0.31063
vn -0.88574 -0.21777 -0.40992
vn -0.70674 -0.472 -0.52701
vn -0.64462 0.69917 0.30925
vn -0.47328 0.86439 -0.16982
vn -0.5501 -0.09557 -0.82961
vn -0.55214 0.60224 -0.57658
vn -0.11214 0.85268 -0.51025
vn -0.56578 0.41941 -0.70993
vn -0.09481 0.58663 -0.80429
vn -0.99706 0.07384 -0.02053
vn -0.99706 0.07384 -0.02053
vn -0.99706 0.07384 -0.02053
vn -0.99706 0.07384 -0.02053
vn -0.05348 -0.82056 -0.56905
vn 0.82737 -0.2238 -0.51515
vn 0.86953 0.49383 0.00688
vn 0.71354 -0.1779 -0.67765
vn -0.11999 -0.92167 -0.36896
vn 0.70536 0.67708 -0.20982
vn -0.91015 -0.41099 -0.05214
vn -0.74708 -0.64543 0.15902
vn 0.14744 -0.14941 -0.97772
vn -0.34086 -0.8447 -0.41267
vn -0.79403 -0.60195 -0.08468
vn -0.55317 -0.8243 0.12053
vn -0.32568 0.89425 0.307
vn 0.37379 0.49212 -0.7862
vn 0.21187 0.92564 -0.31354
vn -0.85454 0.28941 0.43128
vn -0.9037 0.09383 0.41777
vn -0.98765 0.03273 0.15321
vn -0.59307 0.7923 0.14328
vn -0.89427 -0.09805 0.43665
vn -0.54509 0.66803 0.50657
vn -0.17884 0.97591 -0.12492
vn -0.83568 0.53963 -0.10217
vn -0.71218 0.3563 -0.60485
vn -0.62275 0.46806 -0.62698
vn -0.49357 0.6177 -0.61223
vn -0.47037 0.88167 0.03771
vn -0.37586 0.76697 0.52009
vn -0.99644 0.01158 0.08345
vn -0.98621 0.03176 -0.1624
vn -0.9711 0.2253 0.07881
vn -0.35123 0.8813 0.31614
vn -0.37915 0.85408 -0.35608
vn -0.86635 0.19379 -0.46031
vn -0.26188 0.53308 -0.80451
vn -0.47414 0.14814 -0.8679
vn -0.08018 0.04176 -0.9959
vn -0.99268 0.0012 0.12081
vn -0.38071 0.92401 0.03561
vn -0.40002 0.90553 0.1414
vn -0.97894 0.12155 0.16401
vn -0.23063 0.69092 -0.68515
vn -0.48081 -0.86947 -0.11333
vn 0.32292 0.3932 -0.86088
vn 0.95955 0.26301 -0.10047
vn 0.30063 0.94639 0.11818
vn 0.2932 0.95519 -0.04063
vn -0.74846 0.61898 0.23803
vn 0.21158 0.97732 -0.00908
vn -0.74998 0.66125 0.01693
vn -0.74674 0.60235 0.28207
vn 0.31907 0.8571 0.40445
vn 0.9604 0.15987 0.22822
vn 0.95297 0.20854 -0.21989
vn 0.68306 -0.70143 -0.20353
vn 0.63955 -0.64931 -0.41154
vn -0.58511 0.79553 0.1574
vn 0.33906 0.91291 0.22723
vn 0.96729 0.24931 0.04693
vn 0.75327 -0.60052 -0.26825
vn 0.26951 0.91141 -0.31095
vn -0.55053 0.75836 -0.34901
vn 0.80874 0.34611 -0.47554
vn 0.54405 -0.43908 -0.715
vn 0.10272 0.64347 -0.75855
vn -0.376 0.49606 -0.78266
vn 0.40687 0.32425 -0.854
vn 0.18444 -0.22724 -0.95621
vn -0.18331 0.13531 -0.9737
vn 0.49541 -0.85029 -0.17768
vn 0.92859 0.29126 -0.22995
vn 0.76035 -0.62331 -0.1826
vn 0.58984 0.6739 0.44491
vn 0.60807 0.7934 -0.02772
vn 0.98691 -0.15953 -0.02347
vn 0.94706 -0.195 -0.25504
vn 0.58259 0.78758 0.20074
vn 0.99284 0.02652 -0.11649
vn 0.43656 0.77838 -0.45115
vn 0.77406 0.05738 -0.6305
vn 0.17355 0.49107 -0.85366
vn 0.3797 -0.01059 -0.92505
vn 0.53857 0.84141 -0.0444
vn 0.56679 0.82271 0.04355
vn 0.99184 -0.11545 -0.05412
vn 0.98525 -0.1574 -0.06716
vn 0.1364 0.71236 -0.68843
vn 0.72704 -0.4727 -0.49797
vn 0.08702 0.53556 -0.84001
vn 0.06191 0.47077 -0.88008
vn 0.02511 0.76948 -0.63818
vn 0.10032 0.46902 -0.87747
vn 0.03579 0.75299 -0.65706
vn -0.66869 0.67454 0.31282
vn -0.8729 -0.47054 0.12901
vn 0.2337 0.28276 -0.93028
vn 0.17189 0.47296 -0.86415
vn 0.19894 0.59344 -0.7799
vn 0.3653 0.41819 -0.83167
vn 0.56563 0.63035 -0.53172
vn 0.53036 0.79737 -0.28795
vn 0.50001 0.69381 -0.51829
vn 0.6948 0.59167 -0.40887
vn 0.57121 0.72402 -0.38666
vn -0.04053 0.99861 0.03364
vn -0.1124 0.96329 0.2438
vn -0.03694 0.91851 0.39366
vn 0.08516 0.78738 0.61056
vn 0.92127 0.3832 -0.06649
vn 0.1074 0.87635 0.46956
vn 0.92134 0.37998 -0.08212
vn 0.91066 0.37857 0.16546
vn -0.00834 0.96101 0.27637
vn 0.22421 0.83294 0.50591
vn 0.89837 0.06659 0.43416
vn 0.74391 -0.66623 0.05236
vn 0.66524 -0.65312 -0.36178
vn 0.32523 0.87006 0.37044
vn 0.96305 0.2502 0.09963
vn 0.78375 -0.54466 -0.29848
vn 0.78902 0.46194 -0.40504
vn 0.19196 0.97158 -0.13849
vn 0.63913 -0.22012 -0.73692
vn 0.3417 0.52684 -0.77825
vn -0.00658 0.7739 -0.63328
vn 0.26675 0.1951 -0.94381
vn -0.17336 0.45393 -0.87401
vn -0.25676 0.01576 -0.96635
vn -0.61774 0.5258 -0.58475
vn -0.1629 -0.48397 -0.85979
vn 0.26141 -0.805 -0.53258
vn 0.33101 -0.81356 -0.47808
vn 0.31061 -0.8948 -0.32071
vn -0.52317 -0.81901 -0.23561
vn -0.55314 -0.70568 -0.44277
vn -0.42628 -0.75749 -0.49445
vn -0.84222 -0.45688 -0.28622
vn 0.68331 -0.57099 -0.45504
vn -0.6906 -0.3205 -0.64835
vn -0.20448 -0.39768 -0.89445
vn 0.51354 -0.34266 -0.78668
vn 0.03936 -0.40495 -0.91349
vn -0.10446 -0.9382 -0.32995
vn -0.1033 -0.93633 -0.33557
vn -0.10479 -0.93873 -0.32833
vn -0.10307 -0.93597 -0.33667
vn -0.47492 -0.8777 0.06407
vn 0.33181 -0.94331 0.00833
vn 0.26905 -0.96311 0.00537
vn -0.27244 -0.95955 0.07095
vn 0.23457 -0.96051 0.14968
vn 0.35667 -0.93393 0.0235
vn -0.21911 -0.95791 0.18546
vn -0.5391 -0.81777 0.20156
vn -0.5802 -0.80664 0.1127
vn -0.38732 -0.91706 0.09482
vn -0.43466 -0.86254 -0.25902
vn -0.37217 -0.79323 -0.48194
vn -0.37985 -0.78974 -0.48169
vn -0.88818 -0.32345 -0.32635
vn -0.93991 -0.1951 -0.28018
vn 0.05499 -0.86605 -0.49693
vn -0.9794 0.17416 -0.10224
vn 0.0173 -0.59027 -0.80702
vn -0.82912 0.25026 -0.49993
vn -0.39578 -0.33641 -0.85451
vn -0.58094 -0.13419 -0.80281
vn -0.94672 -0.31315 -0.07526
vn -0.89073 -0.38698 0.23843
vn -0.77458 -0.60652 0.17932
vn -0.80741 -0.51305 0.29132
vn -0.88631 -0.17373 0.42926
vn -0.83548 -0.41238 0.3632
vn -0.67127 -0.68683 0.27867
vn 0.34373 -0.92394 -0.16791
vn 0.12779 -0.95212 -0.27773
vn -0.79135 -0.61019 -0.03776
vn -0.79592 -0.52626 -0.29928
vn 0.00143 -0.86613 -0.49982
vn -0.85229 -0.47283 -0.22367
vn 0.16796 -0.93481 -0.31294
vn -0.98966 0.14193 0.02079
vn -0.96779 0.25168 -0.00636
vn -0.37734 0.91254 0.15774
vn -0.23743 0.8863 0.39762
vn -0.50349 -0.79498 -0.33839
vn 0.28686 -0.85567 -0.43075
vn -0.79563 0.57184 0.19995
vn -0.08301 0.9632 0.25563
vn -0.48983 -0.47714 -0.72966
vn -0.00835 -0.5308 -0.84746
vn -0.33822 0.89964 -0.27614
vn -0.7597 0.59011 -0.27319
vn -0.69693 -0.02241 -0.71678
vn -0.29185 -0.11451 -0.94958
vn -0.75274 0.1898 -0.63036
vn -0.37995 0.58282 -0.7183
vn -0.35016 0.27086 -0.89667
vn -0.30829 0.87429 0.37493
vn -0.95771 0.13519 0.25401
vn -0.82181 0.03854 0.56846
vn -0.25704 0.85823 0.44427
vn -0.91408 -0.0543 0.40189
vn -0.97541 0.07997 0.2054
vn -0.83568 0.11919 0.53612
vn -0.87695 -0.01113 0.48045
vn -0.92719 -0.32557 0.18528
vn -0.1383 -0.94597 -0.29328
vn -0.26036 -0.89847 -0.3535
vn -0.97048 -0.20351 -0.12942
vn -0.90933 -0.09257 -0.40565
vn -0.34833 -0.7398 -0.57564
vn -0.88624 0.06844 -0.45814
vn -0.14543 -0.89344 -0.42499
vn -0.76093 0.62796 -0.16327
vn -0.7559 -0.44908 -0.47638
vn -0.07797 -0.86793 -0.49053
vn -0.4473 0.87187 0.19941
vn -0.64986 -0.19248 -0.73528
vn -0.63686 0.28106 -0.71793
vn -0.42027 0.88733 -0.18978
vn -0.75567 0.6539 -0.03713
vn -0.80224 0.5517 0.22812
vn -0.73311 0.36865 0.57153
vn -0.66132 0.40176 0.63343
vn -0.66017 0.4764 0.5807
vn -0.66325 0.58702 0.46424
vn -0.81983 0.20147 0.536
vn -0.83416 -0.09778 0.54279
vn -0.73856 -0.47973 0.4737
vn -0.44074 -0.81837 0.3688
vn -0.05102 -0.97108 0.23323
vn 0.23978 -0.95953 0.14767
vn 0.74284 -0.65433 0.14153
vn -0.40636 -0.8046 0.433
vn -0.01973 -0.97531 0.21997
vn -0.72842 -0.39237 0.56165
vn -0.82694 0.00723 0.56224
vn -0.81315 0.30137 0.49796
vn -0.57959 0.79606 0.17428
vn 0.2833 -0.95874 0.02343
vn 0.81643 -0.32362 -0.47824
vn 0.06498 0.92316 -0.3789
vn -0.73684 -0.64556 -0.20079
vn -0.7361 -0.64507 -0.20503
vn -0.73705 -0.64571 -0.19953
vn -0.73595 -0.64497 -0.20589
vn 0.61401 0.7831 -0.0987
vn 0.77191 0.58102 0.25803
vn 0.95914 -0.27664 -0.05936
vn 0.84504 -0.22804 -0.48363
vn 0.73519 0.6772 -0.0301
vn 0.91719 -0.17657 -0.35718
vn 0.35307 0.71555 -0.60277
vn 0.49935 0.04551 -0.8652
vn -0.06613 0.50626 -0.85984
vn -0.00671 0.21735 -0.97607
vn 0.85337 -0.13331 -0.50398
vn 0.65283 0.73856 -0.16835
vn 0.66447 0.73823 -0.11619
vn 0.89039 -0.23722 -0.38849
vn 0.02612 0.06449 -0.99758
vn 0.72704 -0.56886 -0.38446
vn 0.74553 -0.4731 -0.46943
vn -0.96147 -0.25433 0.10441
vn -0.96146 -0.25433 0.10441
vn -0.96147 -0.25433 0.1044
vn -0.96146 -0.25433 0.10441
vn -0.97433 0.22298 -0.03108
vn -0.97624 0.21647 0.0096
vn -0.97331 0.22508 -0.04479
vn -0.97643 0.21511 0.01788
vn -0.78068 -0.30935 -0.54299
vn -0.86008 -0.48512 -0.1579
vn 0.14941 -0.83322 -0.53238
vn 0.13155 -0.66375 -0.73629
vn -0.90208 0.23344 0.36297
vn -0.83265 0.54814 0.07901
vn 0.04954 0.77508 0.62992
vn -0.08822 -0.75035 -0.65513
vn -0.87234 -0.33288 -0.35806
vn -0.91331 0.37744 0.153
vn -0.17663 0.84906 0.4979
vn 0.03939 0.91228 0.40767
vn -0.67741 0.05738 -0.73337
vn 0.01758 -0.28649 -0.95792
vn -0.71447 0.62225 -0.31991
vn -0.04127 0.99848 -0.03652
vn -0.29729 0.66207 -0.68795
vn -0.2822 0.41253 -0.86613
vn -0.0605 0.81616 0.57465
vn 0.06696 0.25543 -0.96451
vn 0.91224 0.40601 0.05462
vn 0.84364 0.52653 0.10511
vn 0.94542 -0.09847 -0.31063
vn 0.88574 -0.21777 -0.40992
vn 0.70674 -0.472 -0.52701
vn 0.64462 0.69917 0.30925
vn 0.47328 0.86439 -0.16982
vn 0.5501 -0.09557 -0.82961
vn 0.55214 0.60224 -0.57658
vn 0.11214 0.85268 -0.51025
vn 0.56578 0.41941 -0.70993
vn 0.09481 0.58663 -0.80429
vn 0.99706 0.07384 -0.02053
vn 0.99706 0.07384 -0.02053
vn 0.99706 0.07384 -0.02053
vn 0.99706 0.07384 -0.02053
vn 0.05348 -0.82056 -0.56905
vn -0.82737 -0.22379 -0.51515
vn -0.86953 0.49383 0.00688
vn -0.71354 -0.1779 -0.67765
vn 0.11999 -0.92167 -0.36896
vn -0.70536 0.67708 -0.20982
vn 0.91015 -0.41099 -0.05214
vn 0.74708 -0.64543 0.15902
vn -0.14744 -0.14941 -0.97772
vn 0.34086 -0.8447 -0.41267
vn 0.79403 -0.60195 -0.08468
vn 0.55317 -0.8243 0.12053
vn 0.32568 0.89425 0.307
vn -0.37379 0.49212 -0.7862
vn -0.21187 0.92564 -0.31354
vn 0.85454 0.28941 0.43128
vn 0.9037 0.09383 0.41777
vn 0.98765 0.03273 0.15321
vn 0.59307 0.7923 0.14328
vn 0.89427 -0.09805 0.43665
vn 0.54509 0.66803 0.50657
vn 0.17884 0.97591 -0.12492
vn 0.83568 0.53963 -0.10217
vn 0.71218 0.3563 -0.60485
vn 0.62275 0.46806 -0.62698
vn 0.49357 0.6177 -0.61223
vn 0.00197 -0.9952 -0.09787
vn -0.02548 -0.82644 -0.56245
vn 0.25489 -0.95974 -0.11806
vn 0.16258 -0.90914 0.38344
vn 0.38904 -0.92092 -0.02375
vn -0.20876 -0.78005 -0.58987
vn 0.18827 -0.62617 -0.75662
vn 0.04874 -0.57721 -0.81514
vn 0.27786 -0.582 -0.76424
vn 0.39571 -0.91429 0.08657
vn 0.33161 -0.92464 -0.18727
vn 0.51914 -0.56095 -0.64485
vn 0.31884 -0.93717 -0.1416
vn 0.42059 -0.87511 -0.23932
vn 0.71302 -0.5353 -0.45282
vn 0.75519 -0.65169 -0.07062
vn 0.31143 -0.9414 -0.12952
vn 0.72141 -0.66256 0.20146
vn 0.43808 -0.8965 -0.06609
vn 0.50806 -0.81579 0.27635
vn 0.77974 -0.62204 0.07115
vn 0.65385 -0.37298 0.6583
vn 0.23619 -0.50352 0.83107
vn 0.8596 -0.32419 0.39496
vn 0.54647 -0.27961 0.78942
vn 0.61581 -0.41665 0.66872
vn 0.53699 -0.51507 0.66809
vn 0.27327 -0.32302 0.90608
vn 0.09556 0.05109 0.99411
vn 0.2525 -0.71573 0.65113
vn 0.67832 -0.72808 0.09888
vn 0.26891 -0.73492 0.62256
vn 0.17641 -0.64784 0.74107
vn 0.14092 -0.88947 0.43472
vn -0.5243 -0.15829 0.83669
vn 0.02187 -0.13524 0.99057
vn 0.59636 -0.73558 0.32136
vn 0.36741 -0.88127 0.29728
vn 0.8024 -0.57995 -0.14076
vn 0.92848 -0.36572 -0.06464
vn 0.73704 -0.67265 -0.06564
vn 0.93825 -0.15381 -0.30987
vn 0.38595 -0.85162 0.35467
vn 0.60212 -0.76062 -0.24272
vn 0.755 -0.38818 -0.52849
vn 0.86832 -0.11311 -0.48294
vn 0.2802 -0.82941 -0.48328
vn 0.30765 -0.42679 -0.85041
vn 0.2176 -0.88807 -0.40495
vn 0.36811 -0.83277 0.41352
vn 0.56454 -0.36044 -0.74255
vn 0.70937 -0.05041 -0.70304
vn 0.37538 -0.49686 -0.78244
vn 0.58022 -0.24955 -0.77529
vn 0.71901 -0.02424 -0.69458
vn 0.9524 0.00297 -0.30482
vn 0.8508 0.02585 -0.52485
vn 0.70349 0.12342 -0.69991
vn 0.02761 -0.23297 -0.97209
vn -0.08557 -0.35484 -0.931
vn 0.02579 -0.36784 -0.92953
vn 0.13275 -0.64533 -0.75228
vn 0.76737 -0.22733 -0.59955
vn 0.78755 0.08727 -0.61004
vn 0.25069 -0.8916 -0.37711
vn 0.89231 -0.17329 -0.41683
vn 0.41592 -0.90868 -0.03612
vn 0.94368 -0.09325 -0.31744
vn 0.31409 -0.93499 0.16477
vn 0.98123 -0.00362 -0.1928
vn 0.73315 -0.46857 0.49289
vn 0.95327 0.05043 -0.29787
vn 0.83598 -0.50138 -0.22306
vn 0.51939 -0.57153 0.63529
vn -0.2252 -0.52427 0.82123
vn 0.0827 -0.30489 0.94879
vn 0.39222 -0.64023 0.66051
vn 0.40884 -0.85384 -0.32219
vn 0.21592 0.02603 0.97607
vn 0.25354 -0.76956 0.58608
vn 0.20959 -0.90665 -0.36615
vn 0.13945 -0.04767 0.98908
vn 0.18082 -0.77476 0.60585
vn 0.17902 -0.87326 -0.45317
vn 0.07179 -0.05913 0.99567
vn -0.0038 -0.75966 0.65031
vn 0.00786 -0.85874 -0.51236
vn 0.00287 -0.06371 0.99796
vn 0.19033 -0.53697 -0.82185
vn -0.02471 -0.19725 -0.98004
vn 0.01927 -0.35589 -0.93433
vn 0.01588 -0.28033 -0.95977
vn 0.24143 0.09869 0.96539
vn -0.17225 0.07581 0.98213
vn -0.57492 -0.23553 0.78358
vn 0.04789 0.30889 0.94989
vn 0.02286 0.32862 0.94418
vn 0.01281 0.24018 0.97064
vn 0.15797 -0.64801 -0.74507
vn 0.28215 -0.84781 -0.449
vn 0.10573 -0.80475 -0.58412
vn 0.01165 -0.78168 -0.62358
vn 0.38444 -0.89196 -0.23793
vn 0.63001 -0.45051 -0.63256
vn 0.22463 -0.95483 -0.19451
vn 0.0214 -0.99949 -0.02378
vn 0.40564 -0.29599 -0.86478
vn 0.46852 0.15717 -0.86936
vn 0.14169 -0.43894 -0.88727
vn 0.01312 -0.67314 -0.7394
vn 0.17777 0.2262 -0.95772
vn 0.27343 0.28263 -0.91943
vn 0.0586 0.14229 -0.98809
vn -0.00016 0.04429 -0.99902
vn 0.52307 0.2249 -0.82208
vn 0.61064 -0.26868 -0.74493
vn 0.64406 0.27219 -0.71491
vn 0.45927 0.45519 -0.76281
vn 0.34657 0.5086 -0.78817
vn 0.60748 -0.25794 -0.75129
vn 0.70361 0.17791 -0.68795
vn 0.73688 0.34838 -0.57934
vn -3E-05 0.202 -0.97938
vn 0.07943 0.23226 -0.96941
vn 0.77361 0.41955 -0.47487
vn 0.90364 0.29631 -0.30925
vn 0.82911 0.20076 -0.5218
vn 0.02471 0.3408 -0.93981
vn 0.08954 0.40216 -0.91118
vn 0.28579 0.44313 -0.84969
vn 0.65679 0.59892 -0.45818
vn 0.68665 0.41438 -0.59733
vn 0.57859 0.53778 -0.61321
vn 0.12541 0.38552 -0.91414
vn 0.34535 0.48811 -0.80155
vn 0.01351 0.39168 -0.92
vn 0.3338 0.48884 -0.80599
vn 0.1871 0.2033 -0.96107
vn 0.32703 0.2331 -0.91581
vn 0.00036 0.18591 -0.98257
vn 0.4523 0.25502 -0.85463
vn 0.15126 0.06327 -0.98647
vn 0.36742 0.11011 -0.92351
vn 0.01029 0.02858 -0.99954
vn 0.60434 0.28021 -0.74583
vn 0.71989 0.52988 -0.44831
vn -0.13432 0.40915 -0.90253
vn -0.08257 0.42846 -0.89978
vn -0.41022 0.45867 -0.78825
vn -0.38043 0.29863 -0.87527
vn -0.0749 0.21211 -0.97437
vn -0.19182 0.16378 -0.96767
vn -0.60437 0.10541 -0.7897
vn -0.42223 -0.36656 -0.82907
vn -0.75765 -0.55617 -0.34153
vn -0.44649 -0.86957 -0.21094
vn -0.62118 -0.65254 -0.43397
vn -0.29273 -0.81433 -0.50118
vn -0.27189 -0.3438 -0.89882
vn -0.09512 -0.22477 -0.96976
vn -0.46047 -0.68659 -0.56264
vn -0.85387 -0.42198 -0.30469
vn -0.38914 -0.69159 0.6085
vn -0.49126 -0.45662 0.74173
vn -0.5963 -0.26805 0.75669
vn -0.96628 -0.003 -0.25749
vn -0.99323 -0.11159 -0.0324
vn -0.26261 -0.78122 0.56633
vn -0.94027 -0.19515 -0.27893
vn -0.096 -0.9285 -0.35871
vn -0.8791 -0.26957 -0.39307
vn 0.0063 -0.8239 -0.5667
vn -0.72502 -0.46824 -0.50507
vn 0.05304 -0.71363 -0.69851
vn -0.61833 -0.43792 -0.65261
vn 0.12743 -0.44878 -0.88451
vn -0.48609 -0.34454 -0.80313
vn -0.17004 -0.26524 -0.94907
vn -0.64127 -0.27112 -0.71782
vn -0.48287 -0.45839 -0.74614
vn -0.10248 -0.28795 -0.95215
vn -0.42935 -0.73163 -0.5295
vn -0.6255 -0.77962 -0.03072
vn -0.48466 -0.87455 -0.01619
vn -0.44054 -0.75293 0.4889
vn -0.47601 -0.83928 0.26274
vn -0.52859 -0.71668 0.45494
vn -0.45019 -0.86492 0.22191
vn -0.80552 -0.53992 0.24419
vn -0.33002 -0.93027 -0.16026
vn -0.69835 -0.67759 -0.23062
vn -0.91177 -0.40463 -0.07031
vn -0.37151 -0.89051 -0.26262
vn -0.72445 -0.51397 -0.45936
vn -0.41154 -0.83056 -0.37525
vn -0.58616 -0.39953 -0.70484
vn -0.46854 -0.80566 -0.36246
vn -0.33862 -0.45204 -0.82522
vn -0.03489 -0.63378 -0.77273
vn -0.1542 -0.98785 -0.01949
vn -0.28794 -0.92229 0.2578
vn -0.45348 -0.66414 -0.59437
vn -0.46505 -0.81843 0.33749
vn -0.65709 -0.68686 -0.31059
vn -0.25558 -0.89433 -0.36723
vn -0.43847 -0.89708 0.0547
vn -0.64029 -0.7681 0.00717
vn -0.50668 -0.84649 0.16347
vn -0.86763 -0.48878 -0.09118
vn -0.79488 -0.55421 0.24702
vn -0.95765 -0.2862 -0.03153
vn -0.25267 -0.9543 0.15956
vn 0.01052 -0.93675 -0.34983
vn 0.02453 -0.89119 0.45296
vn -0.77566 -0.49452 -0.39218
vn 0.02827 -0.54801 0.83599
vn -0.38706 -0.55337 0.73754
vn -0.53094 -0.46676 0.70728
vn -0.8099 -0.4029 0.42631
vn -0.87395 -0.48164 -0.06503
vn -0.75221 -0.46826 -0.46358
vn -0.5204 -0.30396 -0.79799
vn -0.24148 -0.34318 -0.9077
vn -0.14414 -0.59827 -0.78823
vn 0.71914 -0.5828 -0.3784
vn 0.98746 -0.14397 0.06482
vn 0.92126 0.018 0.38853
vn 0.83378 -0.01719 0.55183
vn 0.52208 -0.18429 0.83275
vn 0.07092 -0.3158 0.94617
vn -0.02604 -0.60298 0.79733
vn -0.01401 -0.40686 0.91338
vn 0.0873 -0.85304 0.51449
vn 0.02837 -0.90471 0.42508
vn 0.3288 -0.27929 0.90215
vn 0.11741 -0.306 0.94476
vn 0.59436 -0.14918 0.79024
vn 0.35742 -0.03 0.93346
vn 0.16902 -0.01422 0.98551
vn 0.60303 -0.0031 0.79771
vn 0.85185 0.0373 0.52245
vn -0.05782 -0.57955 0.81288
vn -0.06061 -0.86991 0.48947
vn -0.01758 -0.35037 0.93645
vn -0.02201 -0.03764 0.99905
vn -0.0229 -0.98552 0.16803
vn -0.00652 -0.99882 0.04809
vn 0.02491 -0.9988 0.04226
vn 0.29672 -0.9525 0.06856
vn 0.3022 -0.94356 -0.13552
vn 0.04032 -0.98866 0.14464
vn -0.03821 -0.99905 0.02105
vn 0.19547 -0.98017 0.03248
vn 0.22806 -0.97303 0.03455
vn 0.33077 -0.93215 0.14727
vn 0.13772 -0.80642 -0.57509
vn -0.00941 -0.24 -0.97073
vn 0.00271 -0.99849 -0.05496
vn -0.01486 -0.75443 -0.65621
vn -0.00792 -0.1874 -0.98225
vn -0.02774 -0.11533 -0.99294
vn -0.03135 -0.06358 -0.99748
vn -0.17806 -0.06125 -0.98211
vn -0.00686 -0.1062 -0.99432
vn -0.18885 -0.79989 -0.56966
vn -0.32069 -0.94712 0.01106
vn -0.287 -0.84 -0.46047
vn -0.35574 -0.93312 0.05237
vn -0.10312 -0.3539 -0.92958
vn 0.00738 -0.12869 -0.99166
vn 0.0351 -0.27698 -0.96023
vn -0.36196 -0.9283 0.08508
vn -0.03102 -0.22751 -0.97328
vn -0.53071 -0.8475 -0.00969
vn 0.03558 -0.99918 -0.01939
vn -0.05898 -0.1644 -0.98463
vn 0.02562 -0.09137 -0.99549
vn -0.01164 -0.09234 -0.99566
vn 0.6941 -0.38785 -0.60646
vn -0.20305 -0.9778 -0.05169
vn -0.50196 -0.83262 -0.23404
vn -0.40198 -0.9065 -0.12908
vn -0.28276 -0.9483 -0.14411
vn -0.15455 -0.9202 0.35964
vn -0.17146 -0.65114 0.73933
vn -0.25787 -0.59853 0.75846
vn -0.61817 -0.34767 0.70498
vn -0.17539 -0.43881 0.8813
vn -0.1285 -0.46917 0.87371
vn -0.46418 -0.30758 0.83062
vn -0.83725 -0.02153 0.54639
vn -0.88851 0.10666 0.44628
vn -0.40187 -0.28363 0.87066
vn -0.1611 -0.31356 0.9358
vn -0.58745 -0.24079 0.77261
vn -0.36697 -0.01518 0.93011
vn -0.18201 -0.01957 0.9831
vn -0.61389 0.02811 0.78889
vn -0.80001 -0.01075 0.59989
vn -0.99575 0.04362 0.08107
vn -0.90998 0.12067 0.39671
vn -0.91716 -0.02179 0.39792
vn -0.9825 0.03079 0.18369
vn -0.89537 -0.05141 0.44235
vn -0.9913 0.09715 0.08882
vn -0.99946 0.02271 -0.0238
vn -0.98473 0.05605 -0.16483
vn -0.99966 -0.02584 -0.00192
vn -0.99682 0.04415 0.06638
vn -0.96721 0.02895 -0.25233
vn -0.99317 -0.06116 -0.09939
vn -0.94385 0.06008 -0.32488
vn -0.92066 -0.2171 -0.32442
vn -0.80968 -0.05013 -0.58472
vn -0.67824 -0.10969 -0.72661
vn -0.93838 -0.33197 -0.09611
vn -0.8776 -0.47491 -0.0654
vn -0.81526 -0.16798 -0.5542
vn -0.98494 -0.14125 -0.09969
vn -0.99799 -0.05807 -0.02527
vn -0.78175 0.05438 -0.62122
vn -0.73987 0.07852 -0.66815
vn -0.91104 0.04267 -0.41011
vn -0.82539 0.08233 -0.55853
vn -0.7222 0.20385 -0.66096
vn -0.92177 0.17585 -0.34556
vn -0.92699 0.28515 -0.24368
vn -0.79232 0.39364 -0.46613
vn -0.73219 0.28978 -0.61638
vn -0.48447 0.20915 -0.84944
vn -0.53226 -0.05083 -0.84505
vn -0.62201 -0.07857 -0.77906
vn -0.7144 0.09121 -0.69377
vn -0.58969 0.2606 -0.76443
vn -0.48128 0.26922 -0.8342
vn -0.33385 0.43101 -0.83832
vn -0.36387 0.46719 -0.80581
vn -0.32736 0.40118 -0.85551
vn -0.18575 0.19978 -0.96207
vn -0.32686 0.22606 -0.91764
vn -0.44422 0.24429 -0.86197
vn -0.5695 0.5601 -0.60163
vn -0.6551 0.60967 -0.44626
vn -0.72244 0.37001 -0.5841
vn -0.6089 0.22761 -0.75989
vn -0.86099 0.03339 -0.50752
vn -0.75679 0.18225 -0.62773
vn -0.46505 0.22826 -0.85535
vn -0.73079 0.48562 -0.47971
vn -0.71499 0.54631 -0.43627
vn -0.55233 0.49582 -0.67015
vn -0.60546 0.29166 -0.74051
vn -0.37094 0.10625 -0.92256
vn -0.15182 0.06739 -0.98611
vn -0.12907 -0.82911 -0.54398
vn 0.34515 -0.77643 -0.52727
vn 0.28503 -0.50408 -0.81527
vn 0.54309 -0.44341 -0.71305
vn 0.71236 -0.5628 -0.41928
vn 0.88267 -0.46293 -0.0812
vn 0.99865 0.03641 0.03709
vn 0.98273 0.11034 0.14858
vn 0.99461 0.07666 0.06975
vn 0.99726 0.06708 -0.03113
vn 0.99111 0.00292 -0.13301
vn 0.99098 0.02295 -0.13202
vn 0.92022 0.05655 -0.3873
vn 0.99902 -0.04246 0.01236
vn 0.72561 0.16572 -0.66785
vn 0.98433 0.04732 -0.16985
vn 0.74729 0.17544 -0.64092
vn 0.99524 -0.04837 0.0846
vn 0.54666 0.33735 -0.76639
vn 0.71985 0.23996 -0.65133
vn 0.96964 0.18818 -0.15614
vn 0.98383 0.13208 0.12095
vn 0.42085 0.27735 -0.86369
vn 0.97074 0.06965 0.2298
vn 0.96919 0.12625 0.21152
vn 0.96202 0.04881 0.26857
vn 0.86885 0.01724 0.49477
vn 0.57485 0.50859 -0.641
vn 0.74414 0.47364 -0.47108
vn 0.76 0.30089 -0.57608
vn 0.24168 0.31342 0.91835
vn 0.45512 0.26181 0.85107
vn 0.69763 0.28802 0.65602
vn 0.89986 0.24666 0.35974
vn -0.00507 0.29624 0.9551
vn 0.26442 0.64241 0.7193
vn 0.55833 0.61885 0.55253
vn 0.74343 0.60594 0.28309
vn 0.93555 0.31196 0.16559
vn 0.00042 0.6509 0.75917
vn 0.93754 0.34612 -0.03488
vn 0.70019 0.4688 -0.53848
vn 0.37561 0.41198 -0.83017
vn 0.7429 0.65368 -0.14422
vn 0.45705 0.6821 -0.57083
vn 0.262 0.61714 -0.74195
vn 0.4733 0.85495 0.21225
vn 0.52823 0.83602 -0.14846
vn 0.36437 0.92439 -0.11289
vn 0.16625 0.98169 -0.09302
vn 0.23438 0.90907 0.34448
vn 0.31445 0.79259 -0.52242
vn 0.12272 0.8561 -0.50203
vn 0.00149 0.91524 0.40291
vn -0.00016 0.99729 -0.07352
vn -0.23033 0.90985 0.34514
vn -0.26144 0.63899 0.72342
vn -0.26101 0.28716 0.92164
vn -0.53643 0.30894 0.78537
vn -0.7416 0.24104 0.62604
vn -0.88663 0.19474 0.41948
vn -0.53204 0.65348 0.53842
vn -0.70656 0.61914 0.3427
vn -0.9101 0.34 0.23688
vn -0.94026 0.3398 -0.02113
vn -0.73669 0.46116 -0.49459
vn -0.37396 0.46508 -0.80241
vn -0.75322 0.65616 -0.04591
vn -0.47257 0.72576 -0.49995
vn -0.26985 0.63877 -0.72052
vn -0.44314 0.86872 0.22127
vn -0.17243 0.98076 -0.09159
vn -0.36823 0.92665 -0.07562
vn -0.53759 0.83795 -0.09404
vn -0.31452 0.8282 -0.46385
vn -0.15226 0.85949 -0.48796
vn -0.01153 0.86046 -0.50939
vn -0.00618 0.78792 -0.61575
vn 0.09583 0.69582 -0.71179
vn -0.09616 0.71031 -0.69729
vn 0.28445 0.72547 -0.62672
vn 0.49392 0.61021 -0.61943
vn 0.76607 0.54288 -0.34413
vn 0.91953 0.20645 -0.33444
vn 0.74587 0.2686 -0.60953
vn 0.66678 0.34346 -0.66139
vn 0.40021 0.15278 -0.9036
vn 0.14438 -0.01315 -0.98943
vn 0.02058 -0.04774 -0.99865
vn -0.11999 -0.01607 -0.99265
vn -0.40042 0.16053 -0.90216
vn -0.66825 0.35807 -0.65209
vn -0.74218 0.28032 -0.60877
vn -0.90304 0.25252 -0.34749
vn -0.74649 0.55622 -0.36519
vn -0.47321 0.61337 -0.63234
vn -0.27702 0.72221 -0.63377
vn -0.56667 0.70334 -0.42917
vn -0.4838 0.78233 -0.39229
vn 0.00636 0.92043 -0.39086
vn 0.49684 0.78396 -0.37222
vn 0.58215 0.70336 -0.4079
vn 0.01066 -0.98168 -0.19025
vn 0.16195 -0.94826 -0.2731
vn 0.35569 -0.93451 0.0135
vn 0.0293 -0.99083 -0.13194
vn -0.88638 -0.3603 -0.29072
vn -0.82202 -0.50974 -0.25385
vn -0.81306 -0.55746 -0.16782
vn -0.79095 -0.58751 0.17096
vn -0.9839 -0.13986 -0.11129
vn -0.98698 -0.16084 -0.00266
vn -0.97577 -0.12854 -0.17707
vn -0.9801 -0.17703 -0.08978
vn -0.94452 -0.26039 0.2002
vn -0.85084 -0.25182 -0.46115
vn -0.27275 -0.11271 -0.95546
vn -0.32104 -0.58843 -0.74208
vn -0.32088 -0.81749 -0.47828
vn -0.14734 -0.11087 -0.98285
vn 0.01915 -0.11383 -0.99332
vn -0.03267 -0.03013 -0.99901
vn 0.00946 -0.22331 -0.9747
vn -0.02249 -0.02145 -0.99952
vn 0.04057 -0.2881 -0.95674
vn 0.00746 -0.49809 -0.86709
vn -0.2971 -0.85707 -0.42092
vn -0.01874 -0.84993 -0.52657
vn -0.37569 -0.92207 0.09298
vn -0.02368 -0.99728 0.06974
vn -0.30081 -0.62503 0.72032
vn -0.01642 -0.67513 0.73752
vn -0.17219 -0.33705 0.92561
vn -0.00581 -0.26179 0.96511
vn -0.08411 -0.00948 0.99641
vn 0.0142 0.17062 0.98523
vn 0.08254 -0.23848 -0.96763
vn -0.00824 -0.04006 -0.99916
vn 0.0213 -0.11555 -0.99307
vn 0.00865 -0.22058 -0.97533
vn -0.01419 -0.13098 -0.99128
vn 0.03045 -0.29707 -0.95437
vn 0.0655 -0.13421 -0.98879
vn 0.6125 -0.78354 0.10447
vn 0.35808 -0.65055 0.66974
vn 0.45321 -0.4815 0.75018
vn 0.96333 -0.26052 0.06424
vn 0.75624 -0.61151 -0.23271
vn 0.99847 0.02266 0.05034
vn 0.81786 -0.43696 -0.37438
vn 0.53674 -0.19289 0.8214
vn 0.4211 -0.31114 0.85198
vn 0.61108 -0.04341 0.79037
vn 0.30038 -0.09589 0.94899
vn 0.34315 -0.63241 -0.69448
vn 0.92892 -0.05968 -0.36545
vn 0.34495 -0.16983 -0.92313
vn 0.99372 0.09242 -0.06302
vn -0.41853 -0.44993 0.78892
vn 0.05019 0.46765 0.88249
vn -0.17398 -0.29143 -0.94064
vn 0.73113 -0.53916 -0.41803
vn 0.71997 -0.57716 -0.38539
vn 0.80671 -0.57905 -0.11801
vn 0.68984 -0.5934 0.41472
vn -0.03879 -0.31842 0.94715
vn 0.10624 0.09049 0.99021
vn 0.03988 0.16195 0.98599
vn -0.11182 -0.05264 0.99233
vn -0.27789 -0.782 0.5579
vn -0.28188 -0.80108 -0.52803
vn -0.17326 -0.794 0.58271
vn -0.17595 -0.87015 -0.4603
vn -0.04282 -0.10341 0.99372
vn -0.04204 -0.29091 -0.95583
vn 0.31875 0.47879 0.81802
vn 0.17684 0.51696 0.83755
vn -0.0562 0.31269 0.94819
vn 0.01568 0.28792 0.95753
vn -0.11502 -0.81987 -0.56088
vn -0.22842 -0.95328 -0.19771
vn -0.14655 -0.40165 -0.90399
vn -0.08227 0.12304 -0.98899
vn -0.97944 0.16834 0.11116
vn 0.05146 0.49392 0.86799
vn 0.01135 0.51092 0.85956
vn 0.00527 0.51228 0.8588
vn -0.0153 0.47502 0.87984
vn 0.01617 0.59867 0.80083
vt 0.37592 0.46523
vt 0.36455 0.47927
vt 0.37849 0.48124
vt 0.35685 0.50566
vt 0.37361 0.50402
vt 0.35144 0.5029
vt 0.35914 0.47651
vt 0.38702 0.48045
vt 0.38337 0.50705
vt 0.36942 0.49555
vt 0.38161 0.47768
vt 0.36767 0.47571
vt 0.37796 0.50428
vt 0.36279 0.49849
vt 0.43315 0.56283
vt 0.43604 0.53934
vt 0.41595 0.53869
vt 0.45324 0.53718
vt 0.4081 0.48623
vt 0.43667 0.49412
vt 0.46172 0.48445
vt 0.43315 0.50264
vt 0.41306 0.51619
vt 0.43026 0.51807
vt 0.45035 0.51468
vt 0.42963 0.4885
vt 0.40458 0.48342
vt 0.4582 0.48164
vt 0.48531 0.5366
vt 0.48344 0.52543
vt 0.47268 0.52439
vt 0.46883 0.50048
vt 0.48335 0.50451
vt 0.49628 0.5254
vt 0.50081 0.50039
vt 0.49835 0.52433
vt 0.50325 0.49921
vt 0.48542 0.50869
vt 0.47476 0.52332
vt 0.48759 0.5233
vt 0.48824 0.50216
vt 0.47127 0.4993
vt 0.52853 0.49929
vt 0.5204 0.5032
vt 0.53021 0.4936
vt 0.52519 0.53969
vt 0.53431 0.53073
vt 0.54215 0.49555
vt 0.55086 0.53066
vt 0.54771 0.49359
vt 0.55642 0.5287
vt 0.53847 0.51964
vt 0.53966 0.49537
vt 0.52596 0.50124
vt 0.54544 0.52681
vt 0.53076 0.53773
vt 0.53996 0.52292
vt 0.5331 0.51423
vt 0.52561 0.51179
vt 0.52038 0.48823
vt 0.53017 0.49412
vt 0.54575 0.51367
vt 0.54415 0.49045
vt 0.5509 0.51067
vt 0.5493 0.48745
vt 0.53606 0.49616
vt 0.53076 0.50879
vt 0.54341 0.50823
vt 0.54047 0.48812
vt 0.52554 0.48523
vt 0.70953 0.34732
vt 0.71163 0.33964
vt 0.69844 0.34813
vt 0.73862 0.33693
vt 0.73272 0.34958
vt 0.73509 0.32772
vt 0.71221 0.33547
vt 0.71002 0.33632
vt 0.72912 0.32812
vt 0.7712 0.34089
vt 0.76372 0.35403
vt 0.77412 0.33248
vt 0.80169 0.3491
vt 0.79839 0.35769
vt 0.8025 0.3433
vt 0.81251 0.35781
vt 0.70693 0.34198
vt 0.72648 0.33438
vt 0.72539 0.35195
vt 0.70577 0.35038
vt 0.75477 0.35305
vt 0.75665 0.33946
vt 0.76676 0.33175
vt 0.79313 0.34685
vt 0.79842 0.34236
vt 0.79196 0.35525
vt 0.73582 0.29959
vt 0.73817 0.3061
vt 0.7294 0.29932
vt 0.73846 0.31006
vt 0.73621 0.30992
vt 0.73267 0.30574
vt 0.75217 0.30942
vt 0.74754 0.29835
vt 0.75285 0.31679
vt 0.74803 0.31753
vt 0.76662 0.30838
vt 0.76173 0.29658
vt 0.76707 0.31696
vt 0.76123 0.3189
vt 0.776 0.30456
vt 0.77363 0.29684
vt 0.77568 0.31049
vt 0.7754 0.29985
vt 0.72978 0.29914
vt 0.73625 0.30059
vt 0.74092 0.31127
vt 0.75314 0.31335
vt 0.74847 0.30266
vt 0.76436 0.30272
vt 0.76724 0.30932
vt 0.77203 0.31232
vt 0.71239 0.06922
vt 0.71767 0.07102
vt 0.71684 0.07309
vt 0.72366 0.07198
vt 0.7228 0.07335
vt 0.7282 0.07001
vt 0.73724 0.08755
vt 0.74048 0.09078
vt 0.73906 0.09206
vt 0.74459 0.09363
vt 0.74343 0.09436
vt 0.74876 0.09374
vt 0.71774 0.12968
vt 0.72449 0.13683
vt 0.72107 0.13746
vt 0.72054 0.14027
vt 0.7183 0.13975
vt 0.71891 0.14357
vt 0.71648 0.14363
vt 0.72061 0.14811
vt 0.71994 0.14878
vt 0.72989 0.15338
vt 0.73517 0.13037
vt 0.73796 0.13792
vt 0.73604 0.13896
vt 0.74115 0.14489
vt 0.73964 0.14521
vt 0.74683 0.15279
vt 0.74087 0.1197
vt 0.74423 0.12332
vt 0.74271 0.12486
vt 0.74786 0.12643
vt 0.7466 0.12732
vt 0.75372 0.12889
vt 0.73851 0.10701
vt 0.743 0.10972
vt 0.7426 0.10819
vt 0.74487 0.10701
vt 0.74442 0.10594
vt 0.75138 0.11148
vt 0.7059 0.12944
vt 0.69912 0.13972
vt 0.7021 0.14053
vt 0.7002 0.14607
vt 0.70256 0.14604
vt 0.70443 0.15087
vt 0.70542 0.14914
vt 0.71158 0.1531
vt 0.69196 0.13179
vt 0.68676 0.13795
vt 0.68774 0.13858
vt 0.68612 0.14401
vt 0.68697 0.14411
vt 0.67838 0.15243
vt 0.6871 0.11016
vt 0.68404 0.12185
vt 0.68605 0.12202
vt 0.67993 0.12884
vt 0.68117 0.13009
vt 0.67375 0.12947
vt 0.69141 0.08951
vt 0.68603 0.09647
vt 0.68658 0.09771
vt 0.67989 0.09996
vt 0.68068 0.10181
vt 0.67434 0.10105
vt 0.6876 0.07122
vt 0.68169 0.07477
vt 0.68168 0.0759
vt 0.67645 0.07428
vt 0.67619 0.07599
vt 0.67204 0.0725
vt 0.69947 0.11117
vt 0.696 0.11525
vt 0.69663 0.11685
vt 0.69559 0.11674
vt 0.69613 0.11812
vt 0.69518 0.11416
vt 0.75079 0.06936
vt 0.74705 0.07032
vt 0.74721 0.07283
vt 0.74881 0.07061
vt 0.74834 0.06891
vt 0.75002 0.06338
vt 0.22877 0.16451
vt 0.21166 0.15465
vt 0.20465 0.18863
vt 0.22426 0.1912
vt 0.24279 0.17055
vt 0.23151 0.13532
vt 0.21642 0.12658
vt 0.25387 0.14069
vt 0.26871 0.17248
vt 0.2521 0.18707
vt 0.276 0.14319
vt 0.28706 0.1401
vt 0.2855 0.17062
vt 0.26858 0.19263
vt 0.28555 0.20625
vt 0.23783 0.10369
vt 0.222 0.09895
vt 0.25845 0.10852
vt 0.28081 0.11124
vt 0.29044 0.11027
vt 0.24426 0.07294
vt 0.22956 0.06834
vt 0.26307 0.07773
vt 0.28448 0.0936
vt 0.29574 0.09553
vt 0.24277 0.02755
vt 0.22429 0.03256
vt 0.2673 0.06605
vt 0.28596 0.0738
vt 0.3031 0.08881
vt 0.31065 0.08361
vt 0.27473 0.02558
vt 0.31019 0.06067
vt 0.30856 0.07249
vt 0.31091 0.02499
vt 0.35258 0.06716
vt 0.33177 0.08
vt 0.33663 0.09322
vt 0.32491 0.0974
vt 0.3331 0.1195
vt 0.34134 0.11986
vt 0.33741 0.14501
vt 0.34564 0.14537
vt 0.34066 0.17395
vt 0.3489 0.17128
vt 0.34168 0.20597
vt 0.34991 0.2003
vt 0.36877 0.16795
vt 0.36978 0.19348
vt 0.38653 0.16359
vt 0.38683 0.18908
vt 0.40029 0.15971
vt 0.40268 0.19118
vt 0.36551 0.14254
vt 0.38579 0.13818
vt 0.3974 0.13484
vt 0.36105 0.11703
vt 0.3797 0.11267
vt 0.38987 0.10936
vt 0.37445 0.08457
vt 0.35665 0.09002
vt 0.38627 0.08116
vt 0.36803 0.02992
vt 0.38752 0.03265
vt 0.34406 0.02673
vt 0.27786 0.32224
vt 0.26785 0.31751
vt 0.27088 0.29618
vt 0.2737 0.35451
vt 0.26291 0.34841
vt 0.30073 0.36025
vt 0.30629 0.3312
vt 0.28148 0.29288
vt 0.32815 0.36285
vt 0.33208 0.33363
vt 0.33858 0.36021
vt 0.34633 0.32983
vt 0.34049 0.30406
vt 0.33301 0.31256
vt 0.32751 0.29761
vt 0.30967 0.29679
vt 0.3517 0.29943
vt 0.26936 0.38513
vt 0.25893 0.3807
vt 0.29543 0.39039
vt 0.32026 0.39332
vt 0.32967 0.39225
vt 0.26506 0.41503
vt 0.25499 0.40091
vt 0.28973 0.42204
vt 0.31217 0.42553
vt 0.31997 0.42609
vt 0.26096 0.43383
vt 0.24826 0.41729
vt 0.26756 0.45712
vt 0.30842 0.46067
vt 0.31768 0.46553
vt 0.23507 0.42059
vt 0.23527 0.4325
vt 0.21014 0.43483
vt 0.20276 0.4564
vt 0.18098 0.40932
vt 0.16007 0.41258
vt 0.15354 0.38211
vt 0.14155 0.38169
vt 0.13266 0.3541
vt 0.14636 0.35449
vt 0.13467 0.32648
vt 0.1455 0.32543
vt 0.13416 0.29312
vt 0.14514 0.29071
vt 0.16646 0.32053
vt 0.16527 0.28544
vt 0.18992 0.31543
vt 0.18873 0.28072
vt 0.20328 0.31152
vt 0.20282 0.27711
vt 0.17031 0.35143
vt 0.19376 0.34671
vt 0.2064 0.34334
vt 0.17557 0.37905
vt 0.19885 0.37433
vt 0.20856 0.37071
vt 0.2044 0.40417
vt 0.21437 0.39959
vt 0.22228 0.41664
vt 0.19147 0.2567
vt 0.17116 0.26142
vt 0.14314 0.26676
vt 0.15375 0.24029
vt 0.13594 0.25252
vt 0.17898 0.23194
vt 0.20054 0.25308
vt 0.19163 0.22735
vt 0.12392 0.24413
vt 0.13787 0.22429
vt 0.1651 0.21429
vt 0.18064 0.20988
vt 0.10623 0.15866
vt 0.07209 0.16172
vt 0.09971 0.22912
vt 0.14503 0.15763
vt 0.16649 0.15525
vt 0.05007 0.09807
vt 0.1025 0.12533
vt 0.14503 0.12484
vt 0.16951 0.11862
vt 0.05322 0.08521
vt 0.10183 0.10674
vt 0.14231 0.11118
vt 0.16742 0.10089
vt 0.06794 0.20348
vt 0.04067 0.1479
vt 0.01561 0.08426
vt 0.02175 0.07265
vt 0.18524 0.11306
vt 0.18283 0.15231
vt 0.19 0.20779
vt 0.19879 0.22802
vt 0.18735 0.08695
vt 0.08777 0.24875
vt 0.11716 0.26456
vt 0.12782 0.27344
vt 0.13394 0.41221
vt 0.16872 0.45964
vt 0.1402 0.46743
vt 0.23515 0.45589
vt 0.3179 0.08832
vt 0.10136 0.09395
vt 0.05633 0.0795
vt 0.14086 0.09573
vt 0.16392 0.08235
vt 0.01279 0.05751
vt 0.17333 0.07431
vt 0.05404 0.05174
vt 0.10481 0.06874
vt 0.13562 0.07249
vt 0.15454 0.0655
vt 0.01736 0.03717
vt 0.1641 0.05109
vt 0.46951 0.32242
vt 0.48057 0.31223
vt 0.43666 0.27034
vt 0.4496 0.26154
vt 0.50638 0.37626
vt 0.49656 0.38875
vt 0.50904 0.39484
vt 0.49665 0.40399
vt 0.40957 0.26647
vt 0.43604 0.33023
vt 0.45826 0.38891
vt 0.45493 0.40341
vt 0.39327 0.32853
vt 0.38041 0.26471
vt 0.39689 0.39078
vt 0.40131 0.40497
vt 0.36418 0.37968
vt 0.36521 0.36565
vt 0.37 0.31988
vt 0.36539 0.26484
vt 0.38919 0.23653
vt 0.41426 0.23743
vt 0.37283 0.24229
vt 0.35765 0.2466
vt 0.39997 0.21657
vt 0.38381 0.21875
vt 0.3628 0.22216
vt 0.40976 0.22089
vt 0.40696 0.20733
vt 0.34093 0.22816
vt 0.49305 0.42137
vt 0.51008 0.41341
vt 0.5049 0.42762
vt 0.49507 0.44412
vt 0.45656 0.42621
vt 0.45546 0.44531
vt 0.40266 0.41821
vt 0.3979 0.42637
vt 0.37077 0.41477
vt 0.36688 0.39921
vt 0.22875 0.21485
vt 0.20888 0.20767
vt 0.23882 0.1875
vt 0.26212 0.217
vt 0.24517 0.20899
vt 0.27759 0.21282
vt 0.34463 0.25338
vt 0.34556 0.2752
vt 0.32848 0.25442
vt 0.33111 0.27532
vt 0.31835 0.25503
vt 0.32083 0.27594
vt 0.29617 0.25448
vt 0.29545 0.27776
vt 0.27876 0.25316
vt 0.28048 0.27601
vt 0.30918 0.27775
vt 0.30604 0.25528
vt 0.261 0.25214
vt 0.25799 0.27255
vt 0.24599 0.25041
vt 0.24413 0.26982
vt 0.98207 0.4897
vt 0.9861 0.4884
vt 0.97977 0.50165
vt 0.99056 0.47559
vt 0.98025 0.47456
vt 0.97924 0.49772
vt 0.97466 0.50711
vt 0.99134 0.46235
vt 0.97026 0.47146
vt 0.97775 0.48718
vt 0.99576 0.4661
vt 0.98866 0.45782
vt 0.96626 0.45627
vt 0.97986 0.4306
vt 0.99075 0.45256
vt 0.98623 0.43149
vt 0.97473 0.41125
vt 0.97656 0.41191
vt 0.97055 0.42989
vt 0.96748 0.4104
vt 0.97111 0.4039
vt 0.96599 0.39436
vt 0.93318 0.7031
vt 0.92738 0.70627
vt 0.93045 0.69193
vt 0.92628 0.71457
vt 0.92494 0.71159
vt 0.9197 0.71561
vt 0.91992 0.71714
vt 0.91207 0.71845
vt 0.91209 0.71979
vt 0.9042 0.71705
vt 0.90436 0.71552
vt 0.89774 0.71442
vt 0.89902 0.71145
vt 0.8965 0.7061
vt 0.91217 0.7126
vt 0.92 0.7112
vt 0.92754 0.70822
vt 0.90428 0.71112
vt 0.89342 0.69173
vt 0.89088 0.70287
vt 0.89663 0.70805
vt 0.931 0.7024
vt 0.93069 0.69116
vt 0.92598 0.70795
vt 0.93089 0.67845
vt 0.91989 0.71026
vt 0.91213 0.71156
vt 0.90433 0.71017
vt 0.8982 0.7078
vt 0.89306 0.7022
vt 0.89323 0.69095
vt 0.8929 0.67825
vt 0.98709 0.47545
vt 0.99374 0.46557
vt 0.99207 0.46185
vt 0.98471 0.43065
vt 0.97606 0.41195
vt 0.97046 0.40419
vt 0.93441 0.69849
vt 0.93082 0.70006
vt 0.94025 0.6819
vt 0.94322 0.68483
vt 0.94897 0.67136
vt 0.94505 0.66214
vt 0.93949 0.66973
vt 0.96384 0.64578
vt 0.96167 0.65079
vt 0.93551 0.68282
vt 0.9304 0.68099
vt 0.92558 0.70065
vt 0.91236 0.70166
vt 0.92133 0.67481
vt 0.93116 0.67221
vt 0.91264 0.66796
vt 0.92116 0.65136
vt 0.93098 0.65269
vt 0.91274 0.65289
vt 0.93382 0.62491
vt 0.92212 0.62474
vt 0.91283 0.62499
vt 0.92943 0.58659
vt 0.92017 0.58676
vt 0.91286 0.58801
vt 0.93702 0.66768
vt 0.93721 0.64802
vt 0.94122 0.62327
vt 0.93606 0.58554
vt 0.94003 0.58678
vt 0.94217 0.61901
vt 0.9382 0.64518
vt 0.94221 0.58684
vt 0.94278 0.58466
vt 0.93691 0.6552
vt 0.9387 0.65727
vt 0.93198 0.56704
vt 0.9215 0.56695
vt 0.94262 0.56774
vt 0.93862 0.56689
vt 0.94489 0.57501
vt 0.94508 0.56881
vt 0.91294 0.56766
vt 0.90445 0.56686
vt 0.9056 0.58668
vt 0.90356 0.62464
vt 0.90434 0.65127
vt 0.90385 0.67471
vt 0.89912 0.7005
vt 0.89462 0.6808
vt 0.894 0.672
vt 0.89429 0.65249
vt 0.89174 0.62469
vt 0.88938 0.68257
vt 0.88551 0.66944
vt 0.89629 0.58641
vt 0.88802 0.66742
vt 0.88781 0.64776
vt 0.88403 0.62297
vt 0.88953 0.58529
vt 0.88535 0.58649
vt 0.8845 0.6816
vt 0.87981 0.66179
vt 0.87555 0.67097
vt 0.8812 0.6845
vt 0.89003 0.69825
vt 0.89374 0.69986
vt 0.86067 0.64523
vt 0.86237 0.65025
vt 0.87678 0.67344
vt 0.88232 0.68767
vt 0.888 0.69408
vt 0.86987 0.64378
vt 0.86615 0.63588
vt 0.85747 0.64423
vt 0.86402 0.63177
vt 0.86035 0.65007
vt 0.85677 0.64021
vt 0.87044 0.63063
vt 0.86847 0.62625
vt 0.87532 0.63996
vt 0.88398 0.65822
vt 0.87478 0.6208
vt 0.8767 0.62392
vt 0.88203 0.63904
vt 0.87746 0.62431
vt 0.87749 0.62106
vt 0.88642 0.64163
vt 0.88262 0.64161
vt 0.88634 0.6449
vt 0.88775 0.65415
vt 0.8862 0.65699
vt 0.9362 0.69434
vt 0.9369 0.68548
vt 0.94182 0.68799
vt 0.94735 0.67382
vt 0.94012 0.67398
vt 0.94162 0.67089
vt 0.95577 0.64602
vt 0.93744 0.66335
vt 0.95263 0.642
vt 0.93642 0.65442
vt 0.94766 0.6324
vt 0.93809 0.64191
vt 0.9469 0.62468
vt 0.94686 0.62143
vt 0.93609 0.66546
vt 0.93431 0.65768
vt 0.93416 0.66682
vt 0.93299 0.65333
vt 0.93331 0.66351
vt 0.93199 0.65858
vt 0.93588 0.63615
vt 0.92971 0.62977
vt 0.93956 0.60578
vt 0.94301 0.58298
vt 0.94248 0.57974
vt 0.93446 0.59521
vt 0.93824 0.56749
vt 0.92554 0.60865
vt 0.92077 0.58718
vt 0.9229 0.5987
vt 0.92686 0.55091
vt 0.94673 0.5645
vt 0.94702 0.56982
vt 0.94735 0.5641
vt 0.94106 0.55148
vt 0.94362 0.56055
vt 0.94325 0.56624
vt 0.92747 0.53747
vt 0.98941 0.45704
vt 0.99142 0.4526
vt 0.95871 0.64252
vt 0.9518 0.64276
vt 0.9634 0.64125
vt 0.94743 0.64026
vt 0.94093 0.65853
vt 0.95023 0.63238
vt 0.95395 0.63914
vt 0.94272 0.63936
vt 0.94808 0.62431
vt 0.95165 0.62689
vt 0.95 0.62121
vt 0.95542 0.62203
vt 0.94216 0.64193
vt 0.76704 0.91143
vt 0.78141 0.92556
vt 0.76589 0.91772
vt 0.78547 0.90037
vt 0.76638 0.89472
vt 0.79696 0.91989
vt 0.80902 0.90386
vt 0.80442 0.89041
vt 0.79214 0.8772
vt 0.77438 0.87927
vt 0.77471 0.86085
vt 0.76165 0.90705
vt 0.96441 0.64107
vt 0.96365 0.65063
vt 0.96881 0.63767
vt 0.96381 0.64581
vt 0.96576 0.63578
vt 0.96677 0.62761
vt 0.9649 0.62977
vt 0.96408 0.63522
vt 0.96152 0.62236
vt 0.96364 0.64182
vt 0.96213 0.62253
vt 0.95716 0.64764
vt 0.95819 0.64259
vt 0.95215 0.64144
vt 0.95517 0.63774
vt 0.94773 0.63119
vt 0.94974 0.62952
vt 0.94909 0.62363
vt 0.96776 0.62151
vt 0.96077 0.6162
vt 0.9793 0.57127
vt 0.9853 0.5789
vt 0.99055 0.58894
vt 0.97665 0.62586
vt 0.95434 0.60499
vt 0.97093 0.56881
vt 0.96095 0.62232
vt 0.95496 0.60394
vt 0.95686 0.60944
vt 0.96117 0.61761
vt 0.97488 0.58555
vt 0.98206 0.59131
vt 0.9674 0.62405
vt 0.97315 0.62858
vt 0.98758 0.59258
vt 0.97003 0.5801
vt 0.96747 0.57223
vt 0.98711 0.57801
vt 0.9921 0.59004
vt 0.98914 0.59369
vt 0.98266 0.59272
vt 0.97388 0.5868
vt 0.98039 0.57021
vt 0.96962 0.56648
vt 0.96431 0.57049
vt 0.96826 0.58106
vt 0.99238 0.56649
vt 0.99776 0.57652
vt 0.99594 0.58207
vt 0.98583 0.55767
vt 0.97698 0.55367
vt 0.96749 0.55677
vt 0.98884 0.57976
vt 0.97833 0.57296
vt 0.96969 0.56578
vt 0.96497 0.456
vt 0.96897 0.47119
vt 0.96941 0.42962
vt 0.96619 0.4106
vt 0.9647 0.39409
vt 0.97665 0.48619
vt 0.92559 0.55023
vt 0.92685 0.53813
vt 0.92017 0.58644
vt 0.80736 0.44415
vt 0.83097 0.44415
vt 0.80736 0.45859
vt 0.83652 0.45858
vt 0.83713 0.41908
vt 0.80736 0.41908
vt 0.83266 0.40101
vt 0.80736 0.40033
vt 0.83059 0.38532
vt 0.80732 0.38508
vt 0.80736 0.47283
vt 0.84718 0.47283
vt 0.83456 0.38099
vt 0.80746 0.38055
vt 0.86874 0.38226
vt 0.78376 0.44415
vt 0.77821 0.45858
vt 0.77759 0.41908
vt 0.78207 0.40101
vt 0.78413 0.38532
vt 0.76755 0.47283
vt 0.78037 0.38073
vt 0.74586 0.38189
vt 0.82561 0.46803
vt 0.82901 0.46962
vt 0.83141 0.46146
vt 0.80736 0.48063
vt 0.83483 0.47509
vt 0.85408 0.48408
vt 0.80736 0.48834
vt 0.8549 0.49229
vt 0.80736 0.49705
vt 0.84734 0.49927
vt 0.83117 0.50512
vt 0.80736 0.50712
vt 0.76065 0.48408
vt 0.75983 0.49229
vt 0.76738 0.49927
vt 0.7799 0.47509
vt 0.78356 0.50512
vt 0.78571 0.46962
vt 0.78912 0.46803
vt 0.78331 0.46146
vt 0.84871 0.47378
vt 0.85078 0.48378
vt 0.84441 0.49271
vt 0.82929 0.497
vt 0.80736 0.50016
vt 0.78544 0.497
vt 0.77031 0.49271
vt 0.76395 0.48378
vt 0.76602 0.47378
vt 0.83238 0.46961
vt 0.83819 0.47508
vt 0.92137 0.5667
vt 0.93093 0.56678
vt 0.93698 0.56665
vt 0.91292 0.56735
vt 0.92891 0.58016
vt 0.91962 0.58008
vt 0.9348 0.58003
vt 0.93671 0.58079
vt 0.94063 0.56742
vt 0.93827 0.58633
vt 0.94288 0.56839
vt 0.94002 0.58677
vt 0.91202 0.58071
vt 0.90452 0.56661
vt 0.89489 0.56659
vt 0.89388 0.56683
vt 0.88874 0.56639
vt 0.88714 0.56662
vt 0.89682 0.57998
vt 0.90617 0.58001
vt 0.89084 0.57979
vt 0.88719 0.58043
vt 0.88495 0.56712
vt 0.88713 0.58605
vt 0.88258 0.56807
vt 0.88525 0.58647
vt 0.88126 0.56793
vt 0.88495 0.58693
vt 0.88076 0.56711
vt 0.91373 0.58072
vt 0.94257 0.5746
vt 0.94438 0.56401
vt 0.94477 0.56936
vt 0.94504 0.5635
vt 0.94086 0.56535
vt 0.93756 0.58861
vt 0.93643 0.56733
vt 0.94106 0.55936
vt 0.93921 0.5526
vt 0.94015 0.58723
vt 0.99116 0.5667
vt 0.99577 0.57531
vt 0.99421 0.58007
vt 0.98811 0.57809
vt 0.97909 0.57225
vt 0.98553 0.55912
vt 0.97166 0.56609
vt 0.96977 0.55835
vt 0.97793 0.55569
vt 0.98164 0.5763
vt 0.98226 0.57746
vt 0.98205 0.57811
vt 0.98088 0.57527
vt 0.97985 0.5748
vt 0.97874 0.57516
vt 0.979 0.57621
vt 0.98123 0.57784
vt 0.98 0.57705
vt 0.96261 0.64157
vt 0.96478 0.63558
vt 0.96311 0.63502
vt 0.96393 0.62957
vt 0.96054 0.62217
vt 0.96337 0.62969
vt 0.09281 0.37131
vt 0.05138 0.37197
vt 0.0516 0.32068
vt 0.05138 0.43878
vt 0.01061 0.37197
vt 0.0238 0.43878
vt 0.07896 0.43878
vt 0.05138 0.50526
vt 0.0638 0.50526
vt 0.03897 0.50526
vt 0.05138 0.50526
vt 0.05138 0.53015
vt 0.07379 0.53015
vt 0.02897 0.53015
vt 0.91616 0.50165
vt 0.90983 0.4884
vt 0.91385 0.4897
vt 0.90536 0.47559
vt 0.91568 0.47456
vt 0.91669 0.49772
vt 0.92127 0.50711
vt 0.90459 0.46235
vt 0.92567 0.47146
vt 0.91818 0.48718
vt 0.90016 0.4661
vt 0.90727 0.45782
vt 0.92966 0.45627
vt 0.91607 0.4306
vt 0.90517 0.45256
vt 0.9097 0.4315
vt 0.92119 0.41125
vt 0.91937 0.41191
vt 0.92537 0.42989
vt 0.92845 0.4104
vt 0.92482 0.4039
vt 0.92994 0.39436
vt 0.90884 0.47545
vt 0.90218 0.46557
vt 0.90386 0.46185
vt 0.91121 0.43065
vt 0.91987 0.41195
vt 0.92547 0.40419
vt 0.88709 0.68521
vt 0.88391 0.67367
vt 0.88243 0.67057
vt 0.86812 0.64555
vt 0.88661 0.66308
vt 0.87126 0.64156
vt 0.87634 0.63201
vt 0.88797 0.6652
vt 0.88989 0.65744
vt 0.87025 0.60454
vt 0.86928 0.60348
vt 0.85337 0.56817
vt 0.87625 0.6308
vt 0.87507 0.62323
vt 0.87423 0.62911
vt 0.86865 0.63727
vt 0.87162 0.64101
vt 0.86562 0.64209
vt 0.86661 0.64715
vt 0.86018 0.64525
vt 0.90652 0.45704
vt 0.90451 0.4526
vt 0.84764 0.62517
vt 0.85547 0.61788
vt 0.83353 0.58809
vt 0.8391 0.57811
vt 0.86136 0.61074
vt 0.8452 0.57055
vt 0.85652 0.57163
vt 0.83603 0.59176
vt 0.85056 0.62792
vt 0.84131 0.59055
vt 0.85622 0.62345
vt 0.86246 0.61708
vt 0.84851 0.58487
vt 0.86694 0.60896
vt 0.85356 0.57947
vt 0.83198 0.58917
vt 0.8374 0.5772
vt 0.83448 0.59285
vt 0.84065 0.59195
vt 0.84942 0.58613
vt 0.84423 0.56948
vt 0.8548 0.56586
vt 0.85972 0.56992
vt 0.85524 0.58045
vt 0.82628 0.57559
vt 0.83201 0.56563
vt 0.82761 0.58116
vt 0.83873 0.55687
vt 0.84741 0.55297
vt 0.85646 0.55617
vt 0.83444 0.57893
vt 0.84496 0.57224
vt 0.85381 0.56515
vt 0.88274 0.61869
vt 0.88305 0.58653
vt 0.8823 0.58434
vt 0.88803 0.65494
vt 0.87893 0.56831
vt 0.87839 0.5674
vt 0.88188 0.58265
vt 0.88494 0.60549
vt 0.88039 0.56846
vt 0.88298 0.56741
vt 0.88827 0.63589
vt 0.89403 0.62958
vt 0.88967 0.59497
vt 0.88222 0.57941
vt 0.88602 0.5672
vt 0.89826 0.6085
vt 0.90327 0.58708
vt 0.90106 0.59858
vt 0.89733 0.55075
vt 0.8908 0.65311
vt 0.88971 0.66658
vt 0.89048 0.66328
vt 0.89176 0.65837
vt 0.87872 0.56395
vt 0.88338 0.55117
vt 0.89683 0.53731
vt 0.92696 0.47119
vt 0.93095 0.456
vt 0.92652 0.42962
vt 0.92974 0.4106
vt 0.93123 0.39409
vt 0.91928 0.48619
vt 0.89867 0.55008
vt 0.89753 0.53797
vt 0.90392 0.58635
vt 0.78235 0.46961
vt 0.77654 0.47508
vt 0.88106 0.56396
vt 0.88531 0.55231
vt 0.88723 0.58834
vt 0.888 0.56707
vt 0.82825 0.57441
vt 0.83317 0.56585
vt 0.82939 0.57918
vt 0.83526 0.57727
vt 0.84429 0.57152
vt 0.83894 0.55833
vt 0.85189 0.56544
vt 0.85417 0.55773
vt 0.84639 0.55498
vt 0.84171 0.5767
vt 0.84238 0.57554
vt 0.84187 0.57735
vt 0.84316 0.57452
vt 0.84417 0.57407
vt 0.84523 0.57444
vt 0.84492 0.57549
vt 0.84266 0.57709
vt 0.84389 0.57631
vt 0.78802 0.24513
vt 0.77582 0.24197
vt 0.78875 0.22075
vt 0.76684 0.23312
vt 0.76348 0.22095
vt 0.76664 0.20874
vt 0.77548 0.19974
vt 0.78763 0.19637
vt 0.79983 0.19954
vt 0.80221 0.20933
vt 0.80557 0.2215
vt 0.80241 0.23371
vt 0.80017 0.24177
vt 0.76018 0.26321
vt 0.78561 0.26298
vt 0.74462 0.24788
vt 0.74313 0.2211
vt 0.74862 0.19988
vt 0.76391 0.18436
vt 0.78486 0.17855
vt 0.79948 0.18495
vt 0.81504 0.20028
vt 0.82087 0.22135
vt 0.81539 0.24251
vt 0.80005 0.25809
vt 0.75519 0.26777
vt 0.78059 0.26935
vt 0.73722 0.25008
vt 0.73217 0.22115
vt 0.73951 0.19672
vt 0.75713 0.17893
vt 0.79898 0.17948
vt 0.78179 0.17248
vt 0.81721 0.19697
vt 0.82245 0.22131
vt 0.81745 0.24573
vt 0.79871 0.26372
vt 0.77826 0.26296
vt 0.75327 0.26321
vt 0.73938 0.24677
vt 0.73621 0.2211
vt 0.74169 0.19994
vt 0.75775 0.18466
vt 0.79941 0.2571
vt 0.75953 0.24768
vt 0.77605 0.24513
vt 0.75486 0.23312
vt 0.7515 0.22095
vt 0.75466 0.20874
vt 0.76367 0.1998
vt 0.77602 0.19653
vt 0.77991 0.17911
vt 0.78789 0.19963
vt 0.79997 0.18435
vt 0.79683 0.20839
vt 0.8078 0.20029
vt 0.81249 0.22136
vt 0.80808 0.24251
vt 0.8002 0.22055
vt 0.79703 0.23277
vt 0.7882 0.24177
vt 0.77492 0.22075
vt 0.80881 0.20839
vt 0.81217 0.22055
vt 0.80901 0.23277
vt 0.76451 0.2575
vt 0.74895 0.24217
vt 0.80608 0.18401
vt 0.82164 0.19934
vt 0.82746 0.22041
vt 0.82199 0.24157
vt 0.80665 0.25715
vt 0.73987 0.24548
vt 0.75783 0.26317
vt 0.82381 0.19603
vt 0.80558 0.17853
vt 0.82905 0.22037
vt 0.82405 0.24479
vt 0.80531 0.26278
vt 0.75759 0.2575
vt 0.74203 0.24217
vt 0.76385 0.24197
vt 0.8144 0.19935
vt 0.81909 0.22042
vt 0.81467 0.24157
vt 0.44342 0.33568
vt 0.45682 0.30344
vt 0.4533 0.34393
vt 0.47045 0.3127
vt 0.42782 0.33199
vt 0.41839 0.37389
vt 0.42008 0.33261
vt 0.39528 0.33446
vt 0.38941 0.29947
vt 0.42404 0.29689
vt 0.37242 0.29889
vt 0.38312 0.33404
vt 0.40285 0.3431
vt 0.41752 0.34347
vt 0.42047 0.31206
vt 0.39118 0.30648
vt 0.44353 0.31317
vt 0.43694 0.34822
vt 0.45155 0.33218
vt 0.38802 0.34324
vt 0.44333 0.34842
vt 0.45652 0.31897
vt 0.59428 0.12278
vt 0.60466 0.13932
vt 0.51945 0.11836
vt 0.52563 0.13798
vt 0.64394 0.15963
vt 0.64364 0.13501
vt 0.53901 0.15456
vt 0.6059 0.16193
vt 0.65042 0.17911
vt 0.48372 0.19331
vt 0.4747 0.17091
vt 0.45445 0.20745
vt 0.43776 0.18236
vt 0.4655 0.13873
vt 0.46575 0.23679
vt 0.50759 0.00742
vt 0.50357 0.02599
vt 0.46315 0.00624
vt 0.45718 0.02127
vt 0.56947 0.0095
vt 0.5755 0.02796
vt 0.64935 0.03208
vt 0.65655 0.01545
vt 0.50734 0.04137
vt 0.44943 0.04421
vt 0.57923 0.04235
vt 0.65066 0.04579
vt 0.54477 0.17278
vt 0.60689 0.17734
vt 0.65472 0.20819
vt 0.60275 0.19208
vt 0.65801 0.25259
vt 0.49064 0.21799
vt 0.48516 0.24738
vt 0.50836 0.24939
vt 0.55992 0.19011
vt 0.53161 0.198
vt 0.51188 0.21327
vt 0.59823 0.20466
vt 0.56189 0.20381
vt 0.59048 0.21964
vt 0.5625 0.21673
vt 0.62088 0.25823
vt 0.5398 0.2137
vt 0.58145 0.23244
vt 0.56343 0.23113
vt 0.60647 0.2588
vt 0.5452 0.2273
vt 0.63656 0.25691
vt 0.70701 0.25886
vt 0.44484 0.06317
vt 0.50569 0.05702
vt 0.58169 0.05903
vt 0.649 0.0564
vt 0.50124 0.07725
vt 0.44055 0.08312
vt 0.51501 0.06481
vt 0.64717 0.06634
vt 0.54593 0.07868
vt 0.51512 0.08841
vt 0.58653 0.07182
vt 0.6399 0.073
vt 0.48281 0.09275
vt 0.45933 0.11583
vt 0.43704 0.10748
vt 0.50108 0.10199
vt 0.4935 0.11816
vt 0.56784 0.08953
vt 0.53349 0.0949
vt 0.57983 0.08127
vt 0.63003 0.07985
vt 0.53186 0.10489
vt 0.53573 0.11409
vt 0.52383 0.22801
vt 0.53854 0.23894
vt 0.52872 0.25037
vt 0.54066 0.25598
vt 0.56702 0.24474
vt 0.57771 0.24954
vt 0.58767 0.25605
vt 0.55704 0.24519
vt 0.55668 0.2534
vt 0.55833 0.26278
vt 0.58023 0.11638
vt 0.58647 0.1067
vt 0.59071 0.09911
vt 0.59773 0.09297
vt 0.60803 0.08893
vt 0.61773 0.0851
vt 0.65114 0.32466
vt 0.65556 0.29277
vt 0.65934 0.324
vt 0.6634 0.29168
vt 0.66665 0.32177
vt 0.66978 0.28836
vt 0.64536 0.29356
vt 0.63887 0.32768
vt 0.63625 0.29278
vt 0.62862 0.32809
vt 0.62711 0.28983
vt 0.61824 0.32869
vt 0.6588 0.35318
vt 0.65013 0.35048
vt 0.66659 0.35524
vt 0.63523 0.35122
vt 0.62282 0.35192
vt 0.61467 0.35163
vt 0.64641 0.38578
vt 0.63786 0.38694
vt 0.655 0.3863
vt 0.62982 0.3866
vt 0.62047 0.38638
vt 0.61289 0.38099
vt 0.63667 0.39318
vt 0.62994 0.39328
vt 0.62101 0.39412
vt 0.61452 0.39512
vt 0.63779 0.40144
vt 0.63034 0.40374
vt 0.62192 0.40436
vt 0.61477 0.40201
vt 0.64149 0.39269
vt 0.64381 0.40115
vt 0.64789 0.39654
vt 0.64855 0.4031
vt 0.63933 0.40715
vt 0.63124 0.40897
vt 0.62326 0.41016
vt 0.61499 0.40985
vt 0.6338 0.41515
vt 0.64175 0.41297
vt 0.62539 0.41542
vt 0.61642 0.41607
vt 0.64863 0.41042
vt 0.64707 0.44605
vt 0.63695 0.44803
vt 0.6263 0.44764
vt 0.62101 0.4454
vt 0.65328 0.443
vt 0.6491 0.4741
vt 0.63897 0.47608
vt 0.62832 0.47569
vt 0.61886 0.4743
vt 0.66024 0.47005
vt 0.53614 0.32253
vt 0.53224 0.2895
vt 0.54544 0.32169
vt 0.54384 0.28913
vt 0.55238 0.3175
vt 0.55033 0.28902
vt 0.56326 0.32093
vt 0.5583 0.28903
vt 0.5713 0.32276
vt 0.56646 0.28809
vt 0.5789 0.32512
vt 0.57379 0.28992
vt 0.54709 0.35907
vt 0.53955 0.35834
vt 0.56994 0.3592
vt 0.5571 0.35976
vt 0.58336 0.3582
vt 0.59017 0.35647
vt 0.55348 0.38428
vt 0.54772 0.38198
vt 0.57418 0.38652
vt 0.56421 0.3863
vt 0.58058 0.38515
vt 0.5894 0.38416
vt 0.57423 0.40223
vt 0.56438 0.40139
vt 0.5821 0.39355
vt 0.55565 0.39566
vt 0.54955 0.39217
vt 0.5894 0.39249
vt 0.58913 0.40112
vt 0.57395 0.41029
vt 0.56392 0.4091
vt 0.54906 0.41415
vt 0.54961 0.40099
vt 0.58907 0.40757
vt 0.58665 0.4155
vt 0.57314 0.43781
vt 0.55963 0.43763
vt 0.54916 0.43959
vt 0.58395 0.44225
vt 0.5712 0.46546
vt 0.5577 0.46528
vt 0.54487 0.46823
vt 0.58166 0.46983
vt 0.8785 0.23709
vt 0.8879 0.1992
vt 0.85569 0.21574
vt 0.85332 0.23803
vt 0.83706 0.21781
vt 0.85151 0.1898
vt 0.83734 0.19751
vt 0.83644 0.24086
vt 0.84932 0.27878
vt 0.83928 0.27915
vt 0.87356 0.32632
vt 0.87986 0.3149
vt 0.86033 0.27397
vt 0.91146 0.31956
vt 0.91372 0.33265
vt 0.86944 0.33321
vt 0.91426 0.34838
vt 0.93367 0.32125
vt 0.94386 0.30177
vt 0.95776 0.31741
vt 0.95567 0.26175
vt 0.9393 0.25411
vt 0.96918 0.26318
vt 0.93438 0.22682
vt 0.9158 0.22494
vt 0.91126 0.18972
vt 0.93422 0.20186
vt 0.95511 0.23187
vt 0.9591 0.21
vt 0.92778 0.18408
vt 0.92783 0.1657
vt 0.95492 0.15765
vt 0.94488 0.14228
vt 0.95295 0.12121
vt 0.93293 0.1113
vt 0.93903 0.09087
vt 0.90585 0.07458
vt 0.90694 0.09488
vt 0.86671 0.07438
vt 0.872 0.09141
vt 0.87289 0.12061
vt 0.84683 0.1075
vt 0.83329 0.09052
vt 0.81705 0.12708
vt 0.83628 0.1332
vt 0.90989 0.12513
vt 0.91874 0.1452
vt 0.87844 0.15322
vt 0.88323 0.17475
vt 0.83683 0.15707
vt 0.85035 0.14837
vt 0.84588 0.17616
vt 0.87688 0.13615
vt 0.83428 0.16929
vt 0.84258 0.03286
vt 0.82312 0.03719
vt 0.82196 0.03817
vt 0.81371 0.03876
vt 0.81108 0.03931
vt 0.8159 0.03577
vt 0.81122 0.03694
vt 0.82539 0.03321
vt 0.82321 0.03373
vt 0.84207 0.03308
vt 0.86805 0.03009
vt 0.86656 0.03026
vt 0.88145 0.02976
vt 0.87936 0.02989
vt 0.88821 0.02949
vt 0.93655 0.03318
vt 0.94816 0.03387
vt 0.94061 0.03367
vt 0.95197 0.03426
vt 0.90985 0.03119
vt 0.9468 0.03379
vt 0.94213 0.03352
vt 0.91 0.03169
vt 0.88267 0.02975
vt 0.88531 0.03
vt 0.85517 0.03035
vt 0.8553 0.03037
vt 0.8377 0.03222
vt 0.91645 0.03275
vt 0.83798 0.03163
vt 0.88649 0.02951
vt 0.90014 0.03173
vt 0.89843 0.03207
vt 0.91892 0.03272
vt 0.81853 0.02854
vt 0.84071 0.02588
vt 0.86858 0.0247
vt 0.80799 0.02946
vt 0.88062 0.02491
vt 0.88676 0.02508
vt 0.90032 0.02801
vt 0.91913 0.02884
vt 0.94765 0.02742
vt 0.91907 0.02583
vt 0.95237 0.02788
vt 0.93707 0.02574
vt 0.90969 0.02914
vt 0.88423 0.02428
vt 0.90896 0.02561
vt 0.85564 0.02361
vt 0.83806 0.02411
vt 0.82256 0.02569
vt 0.80973 0.02768
vt 0.65914 0.82017
vt 0.65269 0.82058
vt 0.65419 0.83941
vt 0.65972 0.84128
vt 0.65272 0.80527
vt 0.64579 0.80628
vt 0.6483 0.79827
vt 0.65519 0.79711
vt 0.65642 0.79163
vt 0.65956 0.79176
vt 0.66556 0.79077
vt 0.65795 0.84923
vt 0.65137 0.84623
vt 0.65197 0.85297
vt 0.65816 0.85512
vt 0.64584 0.87864
vt 0.65734 0.87919
vt 0.63601 0.88094
vt 0.63755 0.84789
vt 0.62123 0.84855
vt 0.62026 0.8415
vt 0.612 0.84565
vt 0.6209 0.83547
vt 0.61456 0.83667
vt 0.61445 0.81557
vt 0.62052 0.81985
vt 0.63682 0.81477
vt 0.63888 0.83372
vt 0.64801 0.8142
vt 0.65092 0.83579
vt 0.6108 0.79993
vt 0.61775 0.80145
vt 0.63704 0.80065
vt 0.64931 0.79835
vt 0.61943 0.79283
vt 0.61347 0.79163
vt 0.63614 0.79213
vt 0.64682 0.79072
vt 0.6243 0.78535
vt 0.62062 0.78547
vt 0.63397 0.78496
vt 0.6399 0.78467
vt 0.6302 0.78341
vt 0.65428 0.84396
vt 0.63831 0.84076
vt 0.65103 0.85026
vt 0.66299 0.82081
vt 0.66504 0.8397
vt 0.6793 0.82077
vt 0.68135 0.84192
vt 0.65755 0.80541
vt 0.67582 0.80553
vt 0.65828 0.79795
vt 0.67451 0.79819
vt 0.66199 0.79188
vt 0.67079 0.79217
vt 0.6821 0.85009
vt 0.66221 0.84655
vt 0.66177 0.85326
vt 0.68007 0.85583
vt 0.65506 0.88112
vt 0.67974 0.88017
vt 0.6443 0.8797
vt 0.63471 0.88155
vt 0.64116 0.89061
vt 0.62244 0.88258
vt 0.62063 0.88157
vt 0.61388 0.85176
vt 0.61148 0.88589
vt 0.61024 0.88544
vt 0.61014 0.88606
vt 0.59715 0.88801
vt 0.59895 0.88954
vt 0.5782 0.89279
vt 0.5823 0.91324
vt 0.61868 0.90673
vt 0.61329 0.95324
vt 0.59579 0.95407
vt 0.58489 0.95533
vt 0.57309 0.91885
vt 0.56679 0.89982
vt 0.55421 0.87639
vt 0.56727 0.87192
vt 0.55188 0.87253
vt 0.56596 0.86642
vt 0.5632 0.86107
vt 0.5516 0.86511
vt 0.55346 0.8566
vt 0.56462 0.85431
vt 0.57332 0.85051
vt 0.57256 0.85699
vt 0.55317 0.84574
vt 0.5641 0.84208
vt 0.5741 0.83771
vt 0.56327 0.83691
vt 0.55335 0.83945
vt 0.57192 0.83312
vt 0.56167 0.83276
vt 0.55599 0.83408
vt 0.56667 0.83057
vt 0.56071 0.8311
vt 0.56616 0.8298
vt 0.55585 0.83368
vt 0.57074 0.8322
vt 0.52777 0.56433
vt 0.55425 0.57996
vt 0.53696 0.5964
vt 0.55201 0.60031
vt 0.53657 0.61032
vt 0.5556 0.60938
vt 0.57712 0.60836
vt 0.57784 0.59824
vt 0.58253 0.57566
vt 0.5988 0.5954
vt 0.5994 0.57352
vt 0.58557 0.56381
vt 0.55348 0.56784
vt 0.60087 0.55862
vt 0.60545 0.54857
vt 0.58463 0.55306
vt 0.60064 0.54103
vt 0.58403 0.54247
vt 0.55431 0.55637
vt 0.55942 0.54672
vt 0.55128 0.53497
vt 0.53491 0.54382
vt 0.5692 0.52967
vt 0.58919 0.52895
vt 0.34782 0.49063
vt 0.39276 0.49608
vt 0.34433 0.50469
vt 0.38985 0.50714
vt 0.60177 0.60303
vt 0.60113 0.61018
vt 0.57827 0.61534
vt 0.55694 0.61892
vt 0.53825 0.62279
vt 0.54739 0.66171
vt 0.56194 0.6467
vt 0.58283 0.64025
vt 0.60559 0.63397
vt 0.57515 0.69048
vt 0.55994 0.70158
vt 0.59788 0.6821
vt 0.62861 0.67632
vt 0.62891 0.63172
vt 0.6264 0.59475
vt 0.61185 0.60593
vt 0.61308 0.59494
vt 0.62472 0.58752
vt 0.62593 0.58071
vt 0.61394 0.57999
vt 0.62728 0.55241
vt 0.61196 0.55929
vt 0.65548 0.55082
vt 0.65512 0.57609
vt 0.67485 0.57334
vt 0.67214 0.55396
vt 0.62641 0.54278
vt 0.60933 0.54685
vt 0.66257 0.53976
vt 0.67751 0.53757
vt 0.62771 0.53452
vt 0.6129 0.53075
vt 0.67488 0.52502
vt 0.6614 0.53115
vt 0.63348 0.52676
vt 0.62628 0.52209
vt 0.65337 0.52535
vt 0.66446 0.51825
vt 0.6469 0.51979
vt 0.67467 0.58487
vt 0.65391 0.58291
vt 0.65278 0.59058
vt 0.6736 0.59513
vt 0.65377 0.62779
vt 0.67703 0.62793
vt 0.65987 0.67178
vt 0.69383 0.67202
vt 0.69609 0.62717
vt 0.70137 0.59877
vt 0.67959 0.60098
vt 0.67905 0.5945
vt 0.70293 0.59213
vt 0.70244 0.58474
vt 0.68143 0.58462
vt 0.70541 0.5619
vt 0.6848 0.56758
vt 0.72173 0.56282
vt 0.72636 0.58573
vt 0.733 0.58782
vt 0.73413 0.56781
vt 0.69961 0.54929
vt 0.68718 0.54996
vt 0.73064 0.55087
vt 0.73945 0.55255
vt 0.70099 0.54277
vt 0.69109 0.53642
vt 0.74361 0.53974
vt 0.73015 0.54306
vt 0.70574 0.53683
vt 0.69801 0.52849
vt 0.72337 0.53682
vt 0.73697 0.53217
vt 0.71873 0.52823
vt 0.7346 0.59606
vt 0.72686 0.59312
vt 0.723 0.59967
vt 0.73143 0.60407
vt 0.71647 0.62802
vt 0.73118 0.63045
vt 0.72142 0.67662
vt 0.74413 0.64081
vt 0.75371 0.60934
vt 0.73588 0.6054
vt 0.73662 0.59987
vt 0.75308 0.60144
vt 0.75573 0.59221
vt 0.74041 0.59283
vt 0.75556 0.58482
vt 0.73898 0.58594
vt 0.76964 0.58685
vt 0.74894 0.57792
vt 0.73995 0.57722
vt 0.7668 0.57963
vt 0.75032 0.57189
vt 0.73971 0.56943
vt 0.75141 0.55923
vt 0.74339 0.5619
vt 0.75892 0.55751
vt 0.76562 0.57162
vt 0.76617 0.55682
vt 0.7738 0.55962
vt 0.77993 0.56219
vt 0.78334 0.57543
vt 0.78351 0.59156
vt 0.76973 0.59669
vt 0.78081 0.60681
vt 0.76977 0.60378
vt 0.76637 0.61341
vt 0.77716 0.61939
vt 0.7567 0.64721
vt 0.7678 0.65391
vt 0.74162 0.67891
vt 0.76028 0.68356
vt 0.72981 0.71949
vt 0.71149 0.71451
vt 0.69261 0.71133
vt 0.65975 0.71307
vt 0.63458 0.71689
vt 0.60787 0.72334
vt 0.58662 0.73144
vt 0.57271 0.73534
vt 0.75 0.72278
vt 0.63704 0.77033
vt 0.60999 0.7779
vt 0.66211 0.76445
vt 0.688 0.75958
vt 0.70511 0.75695
vt 0.71823 0.75809
vt 0.59626 0.78205
vt 0.588 0.78535
vt 0.73941 0.76166
vt 0.42005 0.4709
vt 0.45943 0.48811
vt 0.41402 0.4845
vt 0.45492 0.50251
vt 0.5751 0.8356
vt 0.58608 0.83083
vt 0.58731 0.84785
vt 0.57582 0.85423
vt 0.60036 0.82802
vt 0.60268 0.84483
vt 0.60366 0.82998
vt 0.60689 0.84811
vt 0.57221 0.8206
vt 0.58456 0.81512
vt 0.60097 0.81189
vt 0.60508 0.81417
vt 0.58407 0.80997
vt 0.57285 0.81429
vt 0.59828 0.80717
vt 0.60166 0.8085
vt 0.58432 0.80729
vt 0.57792 0.80947
vt 0.5925 0.80565
vt 0.61036 0.85538
vt 0.59459 0.8061
vt 0.58586 0.80685
vt 0.60474 0.85063
vt 0.58937 0.85365
vt 0.5747 0.86179
vt 0.5912 0.85979
vt 0.57761 0.86676
vt 0.60508 0.85706
vt 0.6098 0.86074
vt 0.57644 0.89202
vt 0.58526 0.8927
vt 0.57573 0.86822
vt 0.57318 0.86809
vt 0.57532 0.86233
vt 0.57281 0.86335
vt 0.57034 0.85696
vt 0.57088 0.849
vt 0.57309 0.83746
vt 0.40853 0.4968
vt 0.45207 0.51538
vt 0.40252 0.50993
vt 0.4467 0.52827
vt 0.44587 0.54302
vt 0.47471 0.5662
vt 0.43754 0.55847
vt 0.46549 0.57734
vt 0.56118 0.83164
vt 0.6749 0.84898
vt 0.6625 0.84968
vt 0.6677 0.8623
vt 0.68057 0.86262
vt 0.65019 0.85659
vt 0.65446 0.86973
vt 0.65028 0.86279
vt 0.67075 0.83435
vt 0.65807 0.83545
vt 0.64392 0.84339
vt 0.64246 0.85023
vt 0.65408 0.87748
vt 0.65639 0.83138
vt 0.66749 0.8299
vt 0.64414 0.83826
vt 0.64298 0.84366
vt 0.64827 0.8345
vt 0.65535 0.83053
vt 0.65385 0.8843
vt 0.66155 0.82945
vt 0.65836 0.85432
vt 0.66487 0.87276
vt 0.67067 0.84741
vt 0.67812 0.86533
vt 0.67152 0.83798
vt 0.65047 0.84979
vt 0.64993 0.84327
vt 0.66816 0.83304
vt 0.6531 0.83622
vt 0.6474 0.83739
vt 0.66018 0.83225
vt 0.65432 0.83252
vt 0.43338 0.53827
vt 0.40121 0.519
vt 0.43052 0.55265
vt 0.39338 0.5289
vt 0.68358 0.86762
vt 0.66732 0.86621
vt 0.65407 0.87365
vt 0.66826 0.872
vt 0.68301 0.87284
vt 0.65629 0.87872
vt 0.68319 0.87767
vt 0.68095 0.88657
vt 0.67264 0.8791
vt 0.6809 0.88678
vt 0.68174 0.90385
vt 0.68196 0.92205
vt 0.67203 0.91726
vt 0.66278 0.95253
vt 0.65717 0.89061
vt 0.65525 0.88078
vt 0.64445 0.89192
vt 0.66994 0.88511
vt 0.66898 0.89329
vt 0.66805 0.9129
vt 0.65119 0.91362
vt 0.66648 0.93256
vt 0.64421 0.93649
vt 0.63322 0.91754
vt 0.63739 0.9524
vt 0.66032 0.99526
vt 0.63545 0.99083
vt 0.61154 0.98836
vt 0.59417 0.98671
vt 0.58312 0.98699
vt 0.41582 0.79369
vt 0.40667 0.83314
vt 0.40684 0.79433
vt 0.40654 0.7672
vt 0.40027 0.79167
vt 0.39988 0.82708
vt 0.39566 0.85337
vt 0.38022 0.84775
vt 0.3584 0.86368
vt 0.36977 0.88504
vt 0.32991 0.87135
vt 0.32463 0.85605
vt 0.30348 0.85076
vt 0.29177 0.83312
vt 0.30304 0.83007
vt 0.29016 0.79783
vt 0.27598 0.80483
vt 0.29683 0.76464
vt 0.27788 0.77289
vt 0.29706 0.74758
vt 0.40369 0.86721
vt 0.39843 0.89282
vt 0.3602 0.90413
vt 0.31222 0.76925
vt 0.32657 0.75218
vt 0.31896 0.74635
vt 0.3152 0.73961
vt 0.34932 0.7298
vt 0.35018 0.73624
vt 0.37903 0.73456
vt 0.38389 0.72768
vt 0.39875 0.75085
vt 0.38752 0.75478
vt 0.39583 0.77199
vt 0.37324 0.74411
vt 0.35227 0.74346
vt 0.41347 0.74802
vt 0.41749 0.76241
vt 0.4048 0.73057
vt 0.42256 0.75036
vt 0.43042 0.79181
vt 0.419 0.7296
vt 0.34827 0.72042
vt 0.37072 0.71183
vt 0.39911 0.71169
vt 0.41836 0.71482
vt 0.34254 0.71128
vt 0.3616 0.70308
vt 0.32167 0.71744
vt 0.31888 0.7272
vt 0.38905 0.70154
vt 0.41003 0.69752
vt 0.36568 0.69404
vt 0.38302 0.69102
vt 0.39804 0.684
vt 0.43046 0.72387
vt 0.43438 0.70459
vt 0.4174 0.6882
vt 0.33762 0.70245
vt 0.34065 0.69287
vt 0.31724 0.70533
vt 0.36057 0.6803
vt 0.37625 0.67931
vt 0.39995 0.67007
vt 0.36083 0.66788
vt 0.37555 0.66306
vt 0.35917 0.65382
vt 0.37397 0.64964
vt 0.35747 0.63959
vt 0.3805 0.63121
vt 0.35602 0.6289
vt 0.36426 0.61893
vt 0.34971 0.61615
vt 0.34581 0.62282
vt 0.34774 0.63128
vt 0.34027 0.62872
vt 0.33104 0.62123
vt 0.33018 0.61676
vt 0.32972 0.62761
vt 0.30572 0.6259
vt 0.30715 0.61733
vt 0.30372 0.63404
vt 0.28203 0.62944
vt 0.28031 0.61958
vt 0.2789 0.64045
vt 0.25904 0.63094
vt 0.25957 0.62172
vt 0.25874 0.63752
vt 0.33115 0.60752
vt 0.30942 0.60914
vt 0.278 0.61303
vt 0.25958 0.61538
vt 0.31295 0.64331
vt 0.32742 0.63606
vt 0.33513 0.63734
vt 0.29679 0.64716
vt 0.27669 0.64951
vt 0.25932 0.64964
vt 0.3056 0.60308
vt 0.3272 0.59836
vt 0.27594 0.60835
vt 0.25958 0.61004
vt 0.31325 0.58935
vt 0.33154 0.58309
vt 0.28743 0.59402
vt 0.25905 0.59324
vt 0.31811 0.58374
vt 0.3258 0.57626
vt 0.28661 0.58103
vt 0.25926 0.57923
vt 0.31172 0.57529
vt 0.31715 0.56869
vt 0.28546 0.5737
vt 0.25925 0.57361
vt 0.33853 0.57694
vt 0.34882 0.59638
vt 0.35713 0.59239
vt 0.34288 0.5727
vt 0.36377 0.58114
vt 0.35146 0.60533
vt 0.36291 0.60635
vt 0.38056 0.60578
vt 0.25925 0.56379
vt 0.28629 0.56687
vt 0.39058 0.60313
vt 0.39055 0.63824
vt 0.39531 0.65197
vt 0.26026 0.55572
vt 0.28929 0.55614
vt 0.31753 0.56143
vt 0.40527 0.60276
vt 0.41084 0.64188
vt 0.37119 0.57059
vt 0.28879 0.54398
vt 0.31783 0.55309
vt 0.25984 0.54558
vt 0.34451 0.56371
vt 0.28683 0.53482
vt 0.32166 0.54249
vt 0.26123 0.53204
vt 0.34676 0.55288
vt 0.29123 0.52241
vt 0.32578 0.53236
vt 0.26273 0.52102
vt 0.35474 0.54243
vt 0.3916 0.56945
vt 0.23455 0.54423
vt 0.23428 0.55783
vt 0.19817 0.56531
vt 0.19966 0.57253
vt 0.23418 0.56652
vt 0.20392 0.58007
vt 0.1935 0.5845
vt 0.20228 0.58734
vt 0.19341 0.59412
vt 0.20504 0.59181
vt 0.18661 0.60282
vt 0.21101 0.60697
vt 0.18427 0.6108
vt 0.21527 0.61114
vt 0.18362 0.61832
vt 0.16909 0.62318
vt 0.18565 0.62586
vt 0.1725 0.63045
vt 0.1626 0.63334
vt 0.15878 0.62243
vt 0.14991 0.62488
vt 0.15584 0.64337
vt 0.14244 0.6497
vt 0.15259 0.6562
vt 0.13354 0.66227
vt 0.15402 0.66894
vt 0.1429 0.67708
vt 0.15464 0.68044
vt 0.14239 0.68412
vt 0.15338 0.69175
vt 0.13793 0.69607
vt 0.15268 0.70348
vt 0.12397 0.70931
vt 0.14092 0.71375
vt 0.17363 0.71083
vt 0.169 0.71986
vt 0.13525 0.73453
vt 0.16749 0.73201
vt 0.14259 0.73979
vt 0.16607 0.73879
vt 0.18893 0.7479
vt 0.19421 0.74233
vt 0.20802 0.7705
vt 0.21685 0.77427
vt 0.22082 0.79775
vt 0.21027 0.79291
vt 0.21611 0.8314
vt 0.20605 0.82071
vt 0.19447 0.84239
vt 0.18959 0.83464
vt 0.15573 0.85482
vt 0.15486 0.84414
vt 0.1285 0.83367
vt 0.21142 0.84238
vt 0.18386 0.86084
vt 0.118 0.84341
vt 0.14946 0.86398
vt 0.1035 0.81626
vt 0.11863 0.81494
vt 0.11643 0.78976
vt 0.10712 0.78852
vt 0.11867 0.75809
vt 0.10888 0.7515
vt 0.11544 0.86379
vt 0.09677 0.84358
vt 0.12521 0.78835
vt 0.1283 0.8159
vt 0.13201 0.76609
vt 0.11514 0.72757
vt 0.14797 0.75273
vt 0.16474 0.7506
vt 0.18034 0.75655
vt 0.19355 0.7716
vt 0.19738 0.7919
vt 0.19567 0.81328
vt 0.18128 0.82969
vt 0.15425 0.83237
vt 0.1365 0.82705
vt 0.41689 0.83831
vt 0.42361 0.84161
vt 0.42654 0.86852
vt 0.42645 0.88613
vt 0.38653 0.91229
vt 0.34276 0.92191
vt 0.30587 0.89567
vt 0.30553 0.91935
vt 0.32705 0.88094
vt 0.30323 0.87355
vt 0.35721 0.94598
vt 0.3089 0.95533
vt 0.39864 0.93051
vt 0.3621 0.98201
vt 0.31058 0.9902
vt 0.4012 0.9724
vt 0.4309 0.95403
vt 0.25331 0.9106
vt 0.25478 0.87202
vt 0.25437 0.95814
vt 0.2535 0.991
vt 0.25132 0.85201
vt 0.25541 0.83771
vt 0.25494 0.81947
vt 0.25918 0.79771
vt 0.26259 0.78419
vt 0.25242 0.80594
vt 0.24989 0.79616
vt 0.25694 0.79326
vt 0.26983 0.75925
vt 0.29651 0.73525
vt 0.29414 0.71564
vt 0.28976 0.70872
vt 0.25451 0.74353
vt 0.25536 0.71664
vt 0.25521 0.70944
vt 0.28679 0.69316
vt 0.31558 0.69312
vt 0.33008 0.69369
vt 0.2557 0.69405
vt 0.22383 0.71677
vt 0.22218 0.74213
vt 0.19902 0.71696
vt 0.19729 0.73178
vt 0.20033 0.71011
vt 0.17954 0.70503
vt 0.1711 0.69608
vt 0.21927 0.75189
vt 0.22725 0.70919
vt 0.23408 0.76167
vt 0.21772 0.76443
vt 0.18181 0.69611
vt 0.2036 0.69646
vt 0.22772 0.69569
vt 0.16789 0.68955
vt 0.22492 0.76998
vt 0.23369 0.78416
vt 0.24142 0.78881
vt 0.23128 0.80508
vt 0.20672 0.86836
vt 0.19851 0.89681
vt 0.1564 0.89111
vt 0.1193 0.88695
vt 0.16435 0.91864
vt 0.20454 0.91838
vt 0.13318 0.90743
vt 0.10352 0.9073
vt 0.08137 0.87543
vt 0.15194 0.94097
vt 0.20916 0.9557
vt 0.11856 0.9272
vt 0.16005 0.98543
vt 0.20524 0.9887
vt 0.11978 0.97513
vt 0.07894 0.95594
vt 0.05525 0.83315
vt 0.05894 0.87616
vt 0.0691 0.91616
vt 0.01807 0.85893
vt 0.04358 0.92049
vt 0.04032 0.79336
vt 0.011 0.79751
vt 0.01372 0.7507
vt 0.04691 0.75014
vt 0.0635 0.76797
vt 0.06342 0.73858
vt 0.08453 0.74815
vt 0.08576 0.72436
vt 0.09788 0.72562
vt 0.10433 0.70938
vt 0.11951 0.69395
vt 0.09834 0.74985
vt 0.09841 0.78643
vt 0.12633 0.679
vt 0.08521 0.81015
vt 0.0823 0.78104
vt 0.10275 0.68145
vt 0.09594 0.69785
vt 0.11306 0.66899
vt 0.07315 0.7113
vt 0.08041 0.68435
vt 0.11716 0.64305
vt 0.12747 0.62816
vt 0.12845 0.60391
vt 0.14538 0.60304
vt 0.15788 0.60995
vt 0.16589 0.6172
vt 0.17035 0.6017
vt 0.18075 0.58379
vt 0.1683 0.58083
vt 0.15884 0.59991
vt 0.15495 0.57293
vt 0.20238 0.55447
vt 0.18251 0.55516
vt 0.23691 0.5348
vt 0.20128 0.54134
vt 0.17878 0.54553
vt 0.14408 0.56296
vt 0.1077 0.60304
vt 0.09078 0.64001
vt 0.06829 0.67394
vt 0.05746 0.71638
vt 0.02804 0.71009
vt 0.04238 0.66999
vt 0.08306 0.59727
vt 0.11337 0.56803
vt 0.06176 0.63363
vt 0.15427 0.54047
vt 0.17766 0.53472
vt 0.23584 0.52125
vt 0.39521 0.81879
vt 0.37757 0.83695
vt 0.35455 0.84211
vt 0.33317 0.83771
vt 0.31325 0.81838
vt 0.30756 0.79412
vt 0.4338 0.82367
vt 0.45375 0.84052
vt 0.45667 0.79366
vt 0.43936 0.78795
vt 0.43592 0.74795
vt 0.45868 0.74496
vt 0.45205 0.7144
vt 0.45859 0.77227
vt 0.44036 0.68992
vt 0.47565 0.74275
vt 0.45843 0.68845
vt 0.47088 0.80166
vt 0.43438 0.66207
vt 0.48439 0.69971
vt 0.49443 0.74399
vt 0.49587 0.80708
vt 0.46278 0.65211
vt 0.48559 0.86174
vt 0.44105 0.88217
vt 0.4587 0.91264
vt 0.42771 0.91863
vt 0.443 0.62443
vt 0.42466 0.59716
vt 0.41266 0.66605
vt 0.83473 0.97115
vt 0.83862 0.99639
vt 0.81121 0.96585
vt 0.81178 0.99162
vt 0.79257 0.98316
vt 0.79258 0.95743
vt 0.77986 0.97269
vt 0.7737 0.93961
vt 0.87313 0.97396
vt 0.87332 0.99941
vt 0.83779 0.93932
vt 0.81478 0.93068
vt 0.79175 0.91448
vt 0.77114 0.90739
vt 0.87256 0.94084
vt 0.76026 0.95302
vt 0.75249 0.92655
vt 0.74958 0.89385
vt 0.76792 0.87732
vt 0.75288 0.86895
vt 0.77457 0.85809
vt 0.76367 0.84718
vt 0.79319 0.84243
vt 0.77685 0.83228
vt 0.7833 0.87425
vt 0.79152 0.85686
vt 0.8125 0.83925
vt 0.8188 0.89911
vt 0.80139 0.87347
vt 0.81748 0.87926
vt 0.84256 0.88579
vt 0.84326 0.9102
vt 0.81089 0.85092
vt 0.83718 0.85197
vt 0.87239 0.91253
vt 0.87245 0.88827
vt 0.90153 0.91015
vt 0.90732 0.93909
vt 0.91097 0.97096
vt 0.90801 0.99468
vt 0.9334 0.9904
vt 0.93991 0.9615
vt 0.95151 0.98207
vt 0.97123 0.97165
vt 0.96497 0.95189
vt 0.97624 0.93851
vt 0.93266 0.92683
vt 0.95631 0.91596
vt 0.97999 0.91276
vt 0.9871 0.95536
vt 0.9958 0.92327
vt 0.99476 0.90014
vt 0.98486 0.88156
vt 0.99259 0.87486
vt 0.97622 0.85801
vt 0.98827 0.85003
vt 0.95072 0.84132
vt 0.96774 0.83009
vt 0.96636 0.87993
vt 0.95625 0.85705
vt 0.92831 0.84229
vt 0.92615 0.89801
vt 0.90247 0.88623
vt 0.9283 0.88265
vt 0.94568 0.87963
vt 0.93651 0.85572
vt 0.90868 0.85346
vt 0.87261 0.85031
vt 0.8732 0.83708
vt 0.83739 0.83875
vt 0.90898 0.83863
vt 0.83479 0.83128
vt 0.81671 0.82648
vt 0.79385 0.82157
vt 0.82461 0.81048
vt 0.80653 0.8102
vt 0.82703 0.80028
vt 0.83025 0.79352
vt 0.81453 0.7967
vt 0.83911 0.78363
vt 0.82648 0.77798
vt 0.84999 0.77483
vt 0.84273 0.76099
vt 0.86235 0.77161
vt 0.86204 0.75406
vt 0.87372 0.76958
vt 0.87588 0.75204
vt 0.88809 0.75397
vt 0.88511 0.77154
vt 0.90137 0.75968
vt 0.89747 0.77466
vt 0.9141 0.76657
vt 0.90831 0.7834
vt 0.92924 0.78035
vt 0.9191 0.79371
vt 0.93902 0.79931
vt 0.92068 0.80298
vt 0.92041 0.81066
vt 0.9476 0.81662
vt 0.92926 0.82769
vt 0.91246 0.83055
vt 0.91609 0.81634
vt 0.90687 0.82058
vt 0.87316 0.82779
vt 0.8433 0.82232
vt 0.83376 0.81663
vt 0.2504 0.78807
vt 0.25586 0.77145
vt 0.25449 0.76604
vt 0.24564 0.7645
vt 0.33865 0.68199
vt 0.34655 0.66833
vt 0.34853 0.65644
vt 0.35096 0.64088
vt 0.32607 0.67815
vt 0.32355 0.68676
vt 0.33615 0.66938
vt 0.3366 0.65868
vt 0.33815 0.64841
vt 0.54527 0.97829
vt 0.54701 0.98019
vt 0.54336 0.98172
vt 0.54477 0.97585
vt 0.54329 0.98219
vt 0.53705 0.98159
vt 0.53829 0.98234
vt 0.52992 0.98258
vt 0.53012 0.98277
vt 0.52233 0.97603
vt 0.52233 0.97472
vt 0.54522 0.96966
vt 0.52233 0.9693
vt 0.54592 0.9625
vt 0.52233 0.9609
vt 0.54607 0.95665
vt 0.52233 0.95424
vt 0.54539 0.95161
vt 0.52233 0.95069
vt 0.54309 0.94902
vt 0.52233 0.94786
vt 0.52233 0.98238
vt 0.52233 0.98309
vt 0.51453 0.98286
vt 0.51477 0.98021
vt 0.50652 0.98296
vt 0.50288 0.98042
vt 0.50039 0.98171
vt 0.49695 0.96256
vt 0.49875 0.95781
vt 0.49608 0.95732
vt 0.49562 0.96249
vt 0.49586 0.96802
vt 0.49575 0.9673
vt 0.49523 0.97285
vt 0.49699 0.95446
vt 0.49927 0.95266
vt 0.49924 0.9521
vt 0.50145 0.94967
vt 0.49786 0.97784
vt 0.49608 0.97503
vt 0.49616 0.97928
vt 0.4958 0.97157
vt 0.50453 0.9501
vt 0.51096 0.95264
vt 0.49651 0.98171
vt 0.16522 0.68137
vt 0.16433 0.6701
vt 0.16387 0.65716
vt 0.16552 0.64326
vt 0.16925 0.63854
vt 0.17777 0.63667
vt 0.18873 0.63481
vt 0.21414 0.64083
vt 0.21239 0.62752
vt 0.21121 0.61874
vt 0.23603 0.63047
vt 0.23753 0.61981
vt 0.23789 0.64095
vt 0.24008 0.61365
vt 0.18863 0.6417
vt 0.20206 0.64682
vt 0.22036 0.64968
vt 0.23992 0.65019
vt 0.24214 0.60812
vt 0.23376 0.59448
vt 0.23429 0.58355
vt 0.23484 0.57423
vt 0.0657 0.79953
vt 0.5178 0.95326
vt 0.52233 0.95343
vt 0.52686 0.9531
vt 0.53369 0.95182
vt 0.54014 0.95102
usemtl mat2
f 1/1/1 2/2/2 3/3/3
f 3/3/3 2/2/2 4/4/4
f 3/3/3 4/4/4 5/5/5
f 2/2/2 6/6/6 4/4/4
f 2/2/2 7/7/7 6/6/6
f 1/1/1 7/7/7 2/2/2
f 8/8/8 3/3/3 5/5/5
f 1/1/1 3/3/3 8/8/8
f 8/8/8 5/5/5 9/9/9
f 10/10/10 5/5/5 4/4/4
f 10/10/10 9/9/9 5/5/5
f 1/1/1 11/11/11 12/12/12
f 12/12/12 11/11/11 13/13/13
f 12/12/12 13/13/13 14/14/14
f 7/7/7 12/12/12 14/14/14
f 1/1/1 12/12/12 7/7/7
f 7/7/7 14/14/14 6/6/6
f 11/11/11 9/9/9 13/13/13
f 11/11/11 8/8/8 9/9/9
f 1/1/1 8/8/8 11/11/11
f 10/10/10 14/14/14 13/13/13
f 10/10/10 6/6/6 14/14/14
f 10/10/10 13/13/13 9/9/9
f 10/10/10 4/4/4 6/6/6
f 15/15/15 16/16/16 17/17/17
f 15/15/15 18/18/18 16/16/16
f 16/16/16 19/19/19 17/17/17
f 16/16/16 20/20/20 19/19/19
f 18/18/18 20/20/20 16/16/16
f 18/18/18 21/21/21 20/20/20
f 22/22/22 19/19/19 20/20/20
f 15/15/15 17/17/17 23/23/23
f 15/15/15 23/23/23 24/24/24
f 15/15/15 24/24/24 25/25/25
f 23/23/23 26/26/26 24/24/24
f 23/23/23 27/27/27 26/26/26
f 17/17/17 27/27/27 23/23/23
f 24/24/24 26/26/26 28/28/28
f 24/24/24 28/28/28 25/25/25
f 25/25/25 28/28/28 21/21/21
f 25/25/25 21/21/21 18/18/18
f 22/22/22 26/26/26 27/27/27
f 22/22/22 28/28/28 26/26/26
f 15/15/15 25/25/25 18/18/18
f 22/22/22 21/21/21 28/28/28
f 17/17/17 19/19/19 27/27/27
f 22/22/22 27/27/27 19/19/19
f 22/22/22 20/20/20 21/21/21
f 29/29/29 30/30/30 31/31/31
f 30/30/30 32/32/32 31/31/31
f 30/30/30 33/33/33 32/32/32
f 34/34/34 33/33/33 30/30/30
f 29/29/29 34/34/34 30/30/30
f 34/34/34 35/35/35 33/33/33
f 36/36/36 35/35/35 34/34/34
f 29/29/29 36/36/36 34/34/34
f 36/36/36 37/37/37 35/35/35
f 38/38/38 32/32/32 33/33/33
f 38/38/38 35/35/35 37/37/37
f 38/38/38 33/33/33 35/35/35
f 29/29/29 39/39/39 40/40/40
f 29/29/29 40/40/40 36/36/36
f 39/39/39 41/41/41 40/40/40
f 39/39/39 42/42/42 41/41/41
f 31/31/31 42/42/42 39/39/39
f 29/29/29 31/31/31 39/39/39
f 31/31/31 32/32/32 42/42/42
f 40/40/40 41/41/41 37/37/37
f 40/40/40 37/37/37 36/36/36
f 38/38/38 42/42/42 32/32/32
f 38/38/38 41/41/41 42/42/42
f 38/38/38 37/37/37 41/41/41
f 43/43/43 44/44/44 45/45/45
f 43/43/43 44/44/44 46/46/46
f 43/43/43 46/46/46 47/47/47
f 48/48/48 43/43/43 47/47/47
f 48/48/48 43/43/43 45/45/45
f 48/48/48 47/47/47 49/49/49
f 50/50/50 48/48/48 49/49/49
f 50/50/50 49/49/49 51/51/51
f 52/52/52 47/47/47 46/46/46
f 52/52/52 51/51/51 49/49/49
f 52/52/52 49/49/49 47/47/47
f 50/50/50 48/48/48 45/45/45
f 53/53/53 50/50/50 45/45/45
f 54/54/54 53/53/53 55/55/55
f 54/54/54 55/55/55 56/56/56
f 44/44/44 54/54/54 56/56/56
f 44/44/44 54/54/54 45/45/45
f 44/44/44 56/56/56 46/46/46
f 53/53/53 51/51/51 55/55/55
f 52/52/52 46/46/46 56/56/56
f 52/52/52 56/56/56 55/55/55
f 52/52/52 55/55/55 51/51/51
f 54/54/54 53/53/53 45/45/45
f 53/53/53 50/50/50 51/51/51
f 57/57/57 58/58/58 59/59/59
f 58/58/58 60/60/60 59/59/59
f 58/58/58 61/61/61 60/60/60
f 62/62/62 61/61/61 58/58/58
f 57/57/57 62/62/62 58/58/58
f 62/62/62 63/63/63 61/61/61
f 64/64/64 63/63/63 62/62/62
f 64/64/64 65/65/65 63/63/63
f 66/66/66 61/61/61 63/63/63
f 57/57/57 67/67/67 68/68/68
f 67/67/67 69/69/69 68/68/68
f 67/67/67 70/70/70 69/69/69
f 59/59/59 70/70/70 67/67/67
f 57/57/57 59/59/59 67/67/67
f 59/59/59 60/60/60 70/70/70
f 68/68/68 69/69/69 65/65/65
f 68/68/68 65/65/65 64/64/64
f 57/57/57 68/68/68 64/64/64
f 66/66/66 69/69/69 70/70/70
f 66/66/66 70/70/70 60/60/60
f 66/66/66 65/65/65 69/69/69
f 57/57/57 64/64/64 62/62/62
f 66/66/66 60/60/60 61/61/61
f 66/66/66 63/63/63 65/65/65
f 71/71/71 72/72/72 73/73/73
f 74/74/74 72/72/72 71/71/71
f 75/75/75 74/74/74 71/71/71
f 74/74/74 76/76/76 72/72/72
f 76/76/76 77/77/77 72/72/72
f 72/72/72 77/77/77 73/73/73
f 77/77/77 78/78/78 73/73/73
f 76/76/76 79/79/79 77/77/77
f 79/79/79 78/78/78 77/77/77
f 80/80/80 74/74/74 75/75/75
f 81/81/81 80/80/80 75/75/75
f 80/80/80 82/82/82 74/74/74
f 82/82/82 76/76/76 74/74/74
f 83/83/83 80/80/80 81/81/81
f 84/84/84 83/83/83 81/81/81
f 83/83/83 85/85/85 80/80/80
f 85/85/85 82/82/82 80/80/80
f 83/83/83 84/84/84 86/86/86
f 85/85/85 83/83/83 86/86/86
f 78/78/78 87/87/87 73/73/73
f 88/88/88 87/87/87 78/78/78
f 79/79/79 88/88/88 78/78/78
f 88/88/88 89/89/89 87/87/87
f 89/89/89 90/90/90 87/87/87
f 87/87/87 90/90/90 73/73/73
f 91/91/91 89/89/89 88/88/88
f 92/92/92 91/91/91 88/88/88
f 92/92/92 88/88/88 79/79/79
f 93/93/93 92/92/92 79/79/79
f 94/94/94 92/92/92 93/93/93
f 95/95/95 94/94/94 93/93/93
f 95/95/95 93/93/93 82/82/82
f 94/94/94 96/96/96 92/92/92
f 96/96/96 91/91/91 92/92/92
f 94/94/94 95/95/95 86/86/86
f 96/96/96 94/94/94 86/86/86
f 95/95/95 85/85/85 86/86/86
f 85/85/85 95/95/95 82/82/82
f 82/82/82 93/93/93 76/76/76
f 93/93/93 79/79/79 76/76/76
f 97/97/97 98/98/98 99/99/99
f 98/98/98 100/100/100 99/99/99
f 100/100/100 101/101/101 99/99/99
f 101/101/101 102/102/102 99/99/99
f 103/103/103 98/98/98 97/97/97
f 104/104/104 103/103/103 97/97/97
f 103/103/103 105/105/105 98/98/98
f 105/105/105 100/100/100 98/98/98
f 105/105/105 106/106/106 100/100/100
f 106/106/106 101/101/101 100/100/100
f 107/107/107 103/103/103 104/104/104
f 108/108/108 107/107/107 104/104/104
f 107/107/107 109/109/109 103/103/103
f 109/109/109 105/105/105 103/103/103
f 109/109/109 110/110/110 105/105/105
f 111/111/111 107/107/107 108/108/108
f 112/112/112 111/111/111 108/108/108
f 111/111/111 113/113/113 107/107/107
f 113/113/113 109/109/109 107/107/107
f 111/111/111 112/112/112 114/114/114
f 110/110/110 106/106/106 105/105/105
f 102/102/102 115/115/115 99/99/99
f 116/116/116 115/115/115 102/102/102
f 117/117/117 116/116/116 102/102/102
f 117/117/117 102/102/102 101/101/101
f 106/106/106 117/117/117 101/101/101
f 118/118/118 117/117/117 106/106/106
f 118/118/118 119/119/119 117/117/117
f 119/119/119 116/116/116 117/117/117
f 120/120/120 119/119/119 118/118/118
f 121/121/121 120/120/120 118/118/118
f 121/121/121 118/118/118 110/110/110
f 122/122/122 121/121/121 110/110/110
f 121/121/121 122/122/122 114/114/114
f 120/120/120 121/121/121 114/114/114
f 122/122/122 113/113/113 114/114/114
f 113/113/113 122/122/122 109/109/109
f 122/122/122 110/110/110 109/109/109
f 113/113/113 111/111/111 114/114/114
f 110/110/110 118/118/118 106/106/106
f 123/123/123 124/124/124 125/125/125
f 125/125/125 124/124/124 123/123/123
f 126/126/126 125/125/125 124/124/124
f 124/124/124 125/125/125 126/126/126
f 125/125/125 126/126/126 127/127/127
f 127/127/127 126/126/126 125/125/125
f 127/127/127 126/126/126 128/128/128
f 128/128/128 126/126/126 127/127/127
f 129/129/129 130/130/130 131/131/131
f 131/131/131 130/130/130 129/129/129
f 132/132/132 131/131/131 130/130/130
f 130/130/130 131/131/131 132/132/132
f 131/131/131 132/132/132 133/133/133
f 133/133/133 132/132/132 131/131/131
f 133/133/133 132/132/132 134/134/134
f 134/134/134 132/132/132 133/133/133
f 135/135/135 136/136/136 137/137/137
f 137/137/137 136/136/136 135/135/135
f 138/138/125 137/137/137 136/136/136
f 136/136/136 137/137/137 138/138/125
f 137/137/137 138/138/125 139/139/138
f 138/138/125 137/137/137 139/139/138
f 140/140/139 139/139/138 138/138/125
f 139/139/138 140/140/139 138/138/125
f 139/139/138 140/140/139 141/141/139
f 141/141/139 140/140/139 139/139/138
f 141/141/139 140/140/139 142/142/140
f 142/142/140 140/140/139 141/141/139
f 141/141/139 142/142/140 143/143/140
f 143/143/140 142/142/140 141/141/139
f 143/143/140 142/142/140 144/144/140
f 144/144/140 142/142/140 143/143/140
f 145/145/141 146/146/142 147/147/143
f 147/147/143 146/146/142 145/145/141
f 148/148/144 147/147/143 146/146/142
f 146/146/142 147/147/143 148/148/144
f 147/147/143 148/148/144 149/149/142
f 149/149/142 148/148/144 147/147/143
f 149/149/142 148/148/144 150/150/145
f 150/150/145 148/148/144 149/149/142
f 151/151/146 152/152/147 153/153/124
f 153/153/124 152/152/147 151/151/146
f 154/154/148 153/153/124 152/152/147
f 152/152/147 153/153/124 154/154/148
f 153/153/124 154/154/148 155/155/149
f 155/155/149 154/154/148 153/153/124
f 155/155/149 154/154/148 156/156/150
f 156/156/150 154/154/148 155/155/149
f 157/157/151 158/158/152 159/159/153
f 159/159/153 158/158/152 157/157/151
f 160/160/154 159/159/153 158/158/152
f 158/158/152 159/159/153 160/160/154
f 159/159/153 160/160/154 161/161/155
f 161/161/155 160/160/154 159/159/153
f 161/161/155 160/160/154 162/162/156
f 162/162/156 160/160/154 161/161/155
f 163/163/157 164/164/158 165/165/159
f 165/165/159 164/164/158 163/163/157
f 166/166/160 165/165/159 164/164/158
f 164/164/158 165/165/159 166/166/160
f 165/165/159 166/166/160 167/167/160
f 166/166/160 165/165/159 167/167/160
f 167/167/160 168/168/161 166/166/160
f 168/168/161 167/167/160 166/166/160
f 167/167/160 168/168/161 169/169/162
f 169/169/162 168/168/161 167/167/160
f 169/169/162 168/168/161 170/170/163
f 170/170/163 168/168/161 169/169/162
f 171/171/164 172/172/165 173/173/152
f 173/173/152 172/172/165 171/171/164
f 174/174/166 173/173/152 172/172/165
f 172/172/165 173/173/152 174/174/166
f 173/173/152 174/174/166 175/175/167
f 175/175/167 174/174/166 173/173/152
f 175/175/167 174/174/166 176/176/168
f 176/176/168 174/174/166 175/175/167
f 177/177/169 178/178/125 179/179/170
f 179/179/170 178/178/125 177/177/169
f 180/180/171 179/179/170 178/178/125
f 178/178/125 179/179/170 180/180/171
f 179/179/170 180/180/171 181/181/172
f 181/181/172 180/180/171 179/179/170
f 181/181/172 180/180/171 182/182/173
f 182/182/173 180/180/171 181/181/172
f 183/183/174 184/184/152 185/185/175
f 185/185/175 184/184/152 183/183/174
f 186/186/176 185/185/175 184/184/152
f 184/184/152 185/185/175 186/186/176
f 185/185/175 186/186/176 187/187/125
f 187/187/125 186/186/176 185/185/175
f 187/187/125 186/186/176 188/188/177
f 188/188/177 186/186/176 187/187/125
f 189/189/178 190/190/130 191/191/179
f 191/191/179 190/190/130 189/189/178
f 192/192/180 191/191/179 190/190/130
f 190/190/130 191/191/179 192/192/180
f 191/191/179 192/192/180 193/193/181
f 193/193/181 192/192/180 191/191/179
f 193/193/181 192/192/180 194/194/182
f 194/194/182 192/192/180 193/193/181
f 195/195/183 196/196/153 197/197/184
f 197/197/184 196/196/153 195/195/183
f 198/198/185 197/197/184 196/196/153
f 196/196/153 197/197/184 198/198/185
f 197/197/184 198/198/185 199/199/125
f 199/199/125 198/198/185 197/197/184
f 199/199/125 198/198/185 200/200/186
f 200/200/186 198/198/185 199/199/125
f 201/201/187 202/202/188 203/203/161
f 203/203/161 202/202/188 201/201/187
f 204/204/152 205/205/189 206/206/190
f 206/206/190 205/205/189 204/204/152
f 203/203/161 205/205/189 204/204/152
f 204/204/152 205/205/189 203/203/161
f 205/205/189 203/203/161 202/202/188
f 202/202/188 203/203/161 205/205/189
f 207/207/191 208/208/192 209/209/193
f 210/210/194 207/207/191 209/209/193
f 211/211/195 207/207/191 210/210/194
f 207/207/191 212/212/196 208/208/192
f 212/212/196 213/213/197 208/208/192
f 214/214/198 212/212/196 207/207/191
f 211/211/195 214/214/198 207/207/191
f 215/215/199 214/214/198 211/211/195
f 215/215/199 211/211/195 216/216/200
f 215/215/199 217/217/201 214/214/198
f 218/218/202 217/217/201 215/215/199
f 219/219/203 218/218/202 215/215/199
f 219/219/203 215/215/199 220/220/204
f 220/220/204 215/215/199 216/216/200
f 221/221/205 219/219/203 220/220/204
f 212/212/196 222/222/206 213/213/197
f 222/222/206 223/223/207 213/213/197
f 224/224/208 222/222/206 212/212/196
f 214/214/198 224/224/208 212/212/196
f 225/225/209 224/224/208 214/214/198
f 217/217/201 225/225/209 214/214/198
f 226/226/210 225/225/209 217/217/201
f 218/218/202 226/226/210 217/217/201
f 222/222/206 227/227/211 223/223/207
f 227/227/211 228/228/212 223/223/207
f 229/229/213 227/227/211 222/222/206
f 224/224/208 229/229/213 222/222/206
f 230/230/214 229/229/213 224/224/208
f 225/225/209 230/230/214 224/224/208
f 231/231/215 230/230/214 225/225/209
f 226/226/210 231/231/215 225/225/209
f 227/227/211 232/232/216 228/228/212
f 232/232/216 233/233/217 228/228/212
f 234/234/218 232/232/216 227/227/211
f 229/229/213 234/234/218 227/227/211
f 235/235/219 234/234/218 229/229/213
f 230/230/214 235/235/219 229/229/213
f 236/236/220 235/235/219 230/230/214
f 231/231/215 236/236/220 230/230/214
f 237/237/221 235/235/219 236/236/220
f 238/238/222 232/232/216 234/234/218
f 239/239/223 234/234/218 235/235/219
f 240/240/224 239/239/223 235/235/219
f 239/239/223 241/241/225 234/234/218
f 241/241/225 238/238/222 234/234/218
f 239/239/223 242/242/226 241/241/225
f 243/243/227 242/242/226 239/239/223
f 240/240/224 243/243/227 239/239/223
f 242/242/226 243/243/227 244/244/228
f 244/244/228 243/243/227 245/245/229
f 244/244/228 245/245/229 246/246/230
f 247/247/231 244/244/228 246/246/230
f 247/247/231 246/246/230 248/248/232
f 249/249/233 247/247/231 248/248/232
f 249/249/233 248/248/232 250/250/234
f 251/251/235 249/249/233 250/250/234
f 251/251/235 250/250/234 252/252/236
f 253/253/237 251/251/235 252/252/236
f 254/254/238 251/251/235 253/253/237
f 255/255/239 254/254/238 253/253/237
f 256/256/240 254/254/238 255/255/239
f 257/257/241 256/256/240 255/255/239
f 258/258/242 256/256/240 257/257/241
f 259/259/243 258/258/242 257/257/241
f 260/260/244 249/249/233 251/251/235
f 254/254/238 260/260/244 251/251/235
f 261/261/245 260/260/244 254/254/238
f 256/256/240 261/261/245 254/254/238
f 262/262/246 261/261/245 256/256/240
f 258/258/242 262/262/246 256/256/240
f 263/263/247 247/247/231 249/249/233
f 260/260/244 263/263/247 249/249/233
f 264/264/248 263/263/247 260/260/244
f 261/261/245 264/264/248 260/260/244
f 265/265/249 264/264/248 261/261/245
f 262/262/246 265/265/249 261/261/245
f 264/264/248 266/266/250 263/263/247
f 266/266/250 267/267/251 263/263/247
f 263/263/247 267/267/251 247/247/231
f 267/267/251 244/244/228 247/247/231
f 268/268/252 266/266/250 264/264/248
f 265/265/249 268/268/252 264/264/248
f 267/267/251 242/242/226 244/244/228
f 266/266/250 242/242/226 267/267/251
f 266/266/250 269/269/253 242/242/226
f 270/270/254 269/269/253 266/266/250
f 268/268/252 270/270/254 266/266/250
f 242/242/226 269/269/253 271/271/255
f 242/242/226 271/271/255 241/241/225
f 272/272/256 273/273/203 274/274/205
f 272/272/256 275/275/257 273/273/203
f 275/275/257 276/276/202 273/273/203
f 277/277/258 275/275/257 272/272/256
f 278/278/259 277/277/258 272/272/256
f 278/278/259 272/272/256 279/279/260
f 280/280/261 277/277/258 278/278/259
f 281/281/262 280/280/261 278/278/259
f 282/282/197 280/280/261 281/281/262
f 283/283/192 282/282/197 281/281/262
f 283/283/192 281/281/262 284/284/263
f 284/284/263 281/281/262 285/285/264
f 285/285/264 281/281/262 278/278/259
f 285/285/264 278/278/259 286/286/265
f 286/286/265 278/278/259 287/287/266
f 287/287/266 278/278/259 279/279/260
f 288/288/193 283/283/192 284/284/263
f 275/275/257 289/289/267 276/276/202
f 289/289/267 290/290/210 276/276/202
f 291/291/268 289/289/267 275/275/257
f 277/277/258 291/291/268 275/275/257
f 292/292/269 291/291/268 277/277/258
f 280/280/261 292/292/269 277/277/258
f 293/293/207 292/292/269 280/280/261
f 282/282/197 293/293/207 280/280/261
f 289/289/267 294/294/270 290/290/210
f 294/294/270 295/295/215 290/290/210
f 296/296/271 294/294/270 289/289/267
f 291/291/268 296/296/271 289/289/267
f 297/297/272 296/296/271 291/291/268
f 292/292/269 297/297/272 291/291/268
f 298/298/212 297/297/272 292/292/269
f 293/293/207 298/298/212 292/292/269
f 294/294/270 299/299/273 295/295/215
f 299/299/273 300/300/220 295/295/215
f 301/301/274 299/299/273 294/294/270
f 296/296/271 301/301/274 294/294/270
f 302/302/275 301/301/274 296/296/271
f 297/297/272 302/302/275 296/296/271
f 303/303/217 302/302/275 297/297/272
f 298/298/212 303/303/217 297/297/272
f 300/300/220 299/299/273 304/304/221
f 299/299/273 301/301/274 305/305/276
f 304/304/221 299/299/273 305/305/276
f 304/304/221 305/305/276 306/306/277
f 305/305/276 307/307/278 306/306/277
f 306/306/277 307/307/278 308/308/279
f 308/308/279 307/307/278 309/309/280
f 308/308/279 309/309/280 310/310/281
f 310/310/281 309/309/280 311/311/249
f 310/310/281 311/311/249 312/312/246
f 313/313/282 310/310/281 312/312/246
f 313/313/282 312/312/246 314/314/242
f 315/315/283 313/313/282 314/314/242
f 315/315/283 314/314/242 316/316/243
f 317/317/284 315/315/283 316/316/243
f 318/318/285 315/315/283 317/317/284
f 319/319/286 318/318/285 317/317/284
f 320/320/287 318/318/285 319/319/286
f 321/321/288 320/320/287 319/319/286
f 322/322/234 320/320/287 321/321/288
f 323/323/236 322/322/234 321/321/288
f 324/324/289 313/313/282 315/315/283
f 318/318/285 324/324/289 315/315/283
f 325/325/290 324/324/289 318/318/285
f 320/320/287 325/325/290 318/318/285
f 326/326/232 325/325/290 320/320/287
f 322/322/234 326/326/232 320/320/287
f 324/324/289 327/327/291 313/313/282
f 327/327/291 310/310/281 313/313/282
f 328/328/292 327/327/291 324/324/289
f 325/325/290 328/328/292 324/324/289
f 329/329/230 328/328/292 325/325/290
f 326/326/232 329/329/230 325/325/290
f 327/327/291 308/308/279 310/310/281
f 330/330/293 308/308/279 327/327/291
f 328/328/292 330/330/293 327/327/291
f 331/331/229 330/330/293 328/328/292
f 329/329/230 331/331/229 328/328/292
f 330/330/293 306/306/277 308/308/279
f 332/332/294 306/306/277 330/330/293
f 331/331/229 332/332/294 330/330/293
f 321/321/288 333/333/295 323/323/236
f 333/333/295 321/321/288 334/334/296
f 319/319/286 334/334/296 321/321/288
f 334/334/296 319/319/286 335/335/297
f 317/317/284 335/335/297 319/319/286
f 336/336/298 334/334/296 335/335/297
f 335/335/297 337/337/299 336/336/298
f 338/338/300 333/333/295 334/334/296
f 334/334/296 336/336/298 338/338/300
f 333/333/295 338/338/300 339/339/301
f 339/339/301 323/323/236 333/333/295
f 340/340/302 339/339/301 338/338/300
f 341/341/303 336/336/298 337/337/299
f 336/336/298 341/341/303 342/342/304
f 343/343/305 338/338/300 336/336/298
f 336/336/298 342/342/304 343/343/305
f 338/338/300 343/343/305 340/340/302
f 344/344/306 340/340/302 343/343/305
f 342/342/304 345/345/307 343/343/305
f 345/345/307 342/342/304 346/346/308
f 347/347/309 346/346/308 342/342/304
f 341/341/303 347/347/309 342/342/304
f 348/348/310 343/343/305 345/345/307
f 343/343/305 348/348/310 344/344/306
f 349/349/311 344/344/306 348/348/310
f 346/346/308 350/350/312 345/345/307
f 351/351/313 345/345/307 350/350/312
f 345/345/307 351/351/313 348/348/310
f 352/352/314 348/348/310 351/351/313
f 348/348/310 352/352/314 349/349/311
f 353/353/315 349/349/311 352/352/314
f 350/350/312 354/354/316 351/351/313
f 355/355/317 351/351/313 354/354/316
f 351/351/313 355/355/317 352/352/314
f 356/356/318 352/352/314 355/355/317
f 352/352/314 356/356/318 353/353/315
f 357/357/319 353/353/315 356/356/318
f 347/347/309 358/358/320 346/346/308
f 359/359/321 346/346/308 358/358/320
f 346/346/308 359/359/321 350/350/312
f 360/360/322 350/350/312 359/359/321
f 350/350/312 360/360/322 354/354/316
f 361/361/323 354/354/316 360/360/322
f 353/353/315 362/362/324 349/349/311
f 363/363/325 349/349/311 362/362/324
f 349/349/311 363/363/325 344/344/306
f 364/364/326 344/344/306 363/363/325
f 344/344/306 364/364/326 340/340/302
f 365/365/327 340/340/302 364/364/326
f 362/362/324 353/353/315 366/366/328
f 357/357/319 366/366/328 353/353/315
f 365/365/327 339/339/301 340/340/302
f 358/358/320 347/347/309 367/367/329
f 347/347/309 341/341/303 367/367/329
f 341/341/303 368/368/330 367/367/329
f 337/337/299 368/368/330 341/341/303
f 368/368/330 337/337/299 369/369/331
f 335/335/297 369/369/331 337/337/299
f 369/369/331 335/335/297 316/316/243
f 317/317/284 316/316/243 335/335/297
f 309/309/280 370/370/252 311/311/249
f 309/309/280 371/371/332 370/370/252
f 371/371/332 372/372/254 370/370/252
f 307/307/278 371/371/332 309/309/280
f 305/305/276 373/373/333 307/307/278
f 305/305/276 301/301/274 373/373/333
f 243/243/227 374/374/294 245/245/229
f 374/374/294 243/243/227 237/237/221
f 243/243/227 240/240/224 237/237/221
f 240/240/224 235/235/219 237/237/221
f 375/375/334 355/355/335 376/376/336
f 354/354/337 376/376/336 355/355/335
f 355/355/335 375/375/334 356/356/338
f 377/377/339 356/356/338 375/375/334
f 356/356/338 377/377/339 357/357/340
f 378/378/341 357/357/340 377/377/339
f 354/354/337 361/361/342 376/376/336
f 379/379/343 376/376/336 361/361/342
f 378/378/341 380/380/344 357/357/340
f 366/366/345 357/357/340 380/380/344
f 376/376/336 381/381/346 375/375/334
f 382/382/347 375/375/334 381/381/346
f 375/375/334 382/382/347 377/377/339
f 383/383/348 377/377/339 382/382/347
f 377/377/339 383/383/348 378/378/341
f 384/384/349 378/378/341 383/383/348
f 378/378/341 384/384/349 380/380/344
f 381/381/346 376/376/336 385/385/350
f 379/379/343 385/385/350 376/376/336
f 386/386/351 380/380/344 384/384/349
f 387/387/352 388/388/321 389/389/353
f 390/390/320 389/389/353 388/388/321
f 388/388/321 387/387/352 391/391/322
f 392/392/354 391/391/322 387/387/352
f 391/391/322 392/392/354 393/393/323
f 394/394/355 393/393/323 392/392/354
f 389/389/353 395/395/356 387/387/352
f 396/396/357 387/387/352 395/395/356
f 387/387/352 396/396/357 392/392/354
f 397/397/358 392/392/354 396/396/357
f 392/392/354 397/397/358 394/394/355
f 398/398/359 394/394/355 397/397/358
f 399/399/360 396/396/357 395/395/356
f 395/395/356 400/400/361 399/399/360
f 401/401/362 397/397/358 396/396/357
f 396/396/357 399/399/360 401/401/362
f 397/397/358 401/401/362 398/398/359
f 402/402/363 398/398/359 401/401/362
f 402/402/363 401/401/362 403/403/328
f 401/401/362 404/404/324 403/403/328
f 401/401/362 399/399/360 404/404/324
f 399/399/360 405/405/325 404/404/324
f 399/399/360 400/400/361 405/405/325
f 400/400/361 406/406/326 405/405/325
f 395/395/356 407/407/364 400/400/361
f 407/407/364 395/395/356 408/408/329
f 389/389/353 408/408/329 395/395/356
f 408/408/329 389/389/353 390/390/320
f 409/409/365 400/400/361 407/407/364
f 400/400/361 409/409/365 406/406/326
f 409/409/365 410/410/327 406/406/326
f 408/408/329 411/411/366 407/407/364
f 412/412/367 407/407/364 411/411/366
f 407/407/364 412/412/367 409/409/365
f 413/413/368 409/409/365 412/412/367
f 409/409/365 413/413/368 410/410/327
f 414/414/330 411/411/366 408/408/329
f 415/415/331 411/411/366 414/414/330
f 415/415/331 259/259/243 411/411/366
f 413/413/368 416/416/301 410/410/327
f 413/413/368 253/253/237 416/416/301
f 253/253/237 252/252/236 416/416/301
f 255/255/239 253/253/237 413/413/368
f 255/255/239 413/413/368 412/412/367
f 411/411/366 259/259/243 257/257/241
f 411/411/366 257/257/241 412/412/367
f 257/257/241 255/255/239 412/412/367
f 417/417/369 418/418/343 394/394/370
f 393/393/342 394/394/370 418/418/343
f 418/418/343 417/417/369 419/419/350
f 420/420/371 419/419/350 417/417/369
f 394/394/370 398/398/372 417/417/369
f 421/421/373 417/417/369 398/398/372
f 417/417/369 421/421/373 420/420/371
f 422/422/374 420/420/371 421/421/373
f 398/398/372 402/402/375 421/421/373
f 423/423/376 421/421/373 402/402/375
f 421/421/373 423/423/376 422/422/374
f 424/424/377 422/422/374 423/423/376
f 424/424/377 423/423/376 425/425/351
f 423/423/376 426/426/344 425/425/351
f 423/423/376 402/402/375 426/426/344
f 402/402/375 403/403/345 426/426/344
f 304/304/221 306/306/277 332/332/294
f 427/427/378 210/210/379 428/428/380
f 209/209/381 428/428/380 210/210/379
f 210/210/379 427/427/378 211/211/382
f 429/429/383 211/211/382 427/427/378
f 430/430/384 220/220/385 431/431/386
f 216/216/387 431/431/386 220/220/385
f 220/220/385 430/430/384 221/221/388
f 432/432/389 221/221/388 430/430/384
f 433/433/380 434/434/381 435/435/390
f 436/436/391 435/435/390 434/434/381
f 435/435/390 436/436/391 437/437/392
f 436/436/391 438/438/393 437/437/392
f 439/439/394 440/440/395 441/441/396
f 442/442/397 441/441/396 440/440/395
f 440/440/395 439/439/394 443/443/398
f 444/444/399 443/443/398 439/439/394
f 443/443/398 444/444/399 438/438/393
f 437/437/392 438/438/393 444/444/399
f 445/445/400 446/446/401 447/447/389
f 448/448/388 447/447/389 446/446/401
f 442/442/397 446/446/401 441/441/396
f 446/446/401 445/445/400 441/441/396
f 431/431/402 216/216/200 429/429/403
f 211/211/195 429/429/403 216/216/200
f 449/449/404 450/450/405 451/451/406
f 450/450/405 449/449/404 452/452/407
f 453/453/408 452/452/407 449/449/404
f 451/451/406 454/454/409 449/449/404
f 454/454/409 451/451/406 455/455/410
f 452/452/407 453/453/408 456/456/411
f 456/456/411 453/453/408 457/457/412
f 457/457/412 453/453/408 458/458/413
f 458/458/413 449/449/404 454/454/409
f 449/449/404 458/458/413 453/453/408
f 456/456/411 459/459/414 452/452/407
f 460/460/415 456/456/411 457/457/412
f 461/461/416 460/460/415 457/457/412
f 460/460/415 461/461/416 462/462/417
f 460/460/415 462/462/417 463/463/418
f 464/464/419 463/463/418 462/462/417
f 462/462/417 465/465/420 464/464/419
f 466/466/421 464/464/419 465/465/420
f 467/467/422 462/462/417 461/461/416
f 462/462/417 467/467/422 465/465/420
f 468/468/423 465/465/420 467/467/422
f 465/465/420 469/469/424 466/466/421
f 469/469/424 465/465/420 468/468/423
f 468/468/423 470/470/425 469/469/424
f 471/471/426 472/472/406 473/473/405
f 474/474/427 472/472/406 471/471/426
f 474/474/427 475/475/410 472/472/406
f 475/475/410 474/474/427 476/476/428
f 477/477/429 476/476/428 474/474/427
f 476/476/428 477/477/429 478/478/430
f 479/479/431 478/478/430 477/477/429
f 480/480/432 478/478/430 479/479/431
f 478/478/430 480/480/432 481/481/433
f 482/482/434 481/481/433 480/480/432
f 481/481/433 482/482/434 483/483/435
f 484/484/436 483/483/435 482/482/434
f 479/479/431 477/477/429 485/485/437
f 486/486/438 485/485/437 477/477/429
f 477/477/429 474/474/427 486/486/438
f 487/487/439 486/486/438 474/474/427
f 485/485/437 480/480/432 479/479/431
f 480/480/432 485/485/437 488/488/440
f 488/488/440 482/482/434 480/480/432
f 471/471/426 487/487/439 474/474/427
f 489/489/441 484/484/436 490/490/442
f 490/490/442 484/484/436 482/482/434
f 482/482/434 491/491/443 490/490/442
f 482/482/434 488/488/440 491/491/443
f 492/492/444 471/471/445 493/493/446
f 471/471/445 492/492/444 487/487/447
f 494/494/448 487/487/447 492/492/444
f 487/487/447 494/494/448 486/486/449
f 473/473/450 493/493/446 471/471/445
f 473/473/450 495/495/451 493/493/446
f 496/496/452 486/486/449 494/494/448
f 496/496/452 497/497/453 486/486/449
f 485/485/454 486/486/449 497/497/453
f 497/497/453 488/488/455 485/485/454
f 488/488/455 497/497/453 498/498/456
f 499/499/457 488/488/455 498/498/456
f 500/500/458 491/491/459 499/499/457
f 491/491/459 500/500/458 490/490/460
f 501/501/461 490/490/460 500/500/458
f 488/488/455 499/499/457 491/491/459
f 490/490/460 501/501/461 489/489/462
f 501/501/461 502/502/463 489/489/462
f 503/503/451 450/450/450 452/452/464
f 504/504/465 452/452/464 459/459/466
f 452/452/464 504/504/465 503/503/451
f 504/504/465 459/459/466 505/505/467
f 464/464/468 506/506/469 463/463/470
f 506/506/469 464/464/468 507/507/471
f 466/466/472 507/507/471 464/464/468
f 507/507/471 466/466/472 508/508/473
f 509/509/474 496/496/475 494/494/476
f 496/496/475 509/509/474 510/510/477
f 494/494/476 492/492/478 509/509/474
f 509/509/474 511/511/479 510/510/477
f 511/511/479 509/509/474 512/512/480
f 512/512/480 513/513/481 511/511/479
f 514/514/482 511/511/479 513/513/481
f 515/515/483 511/511/479 514/514/482
f 513/513/481 516/516/484 514/514/482
f 516/516/484 513/513/481 517/517/485
f 515/515/483 518/518/486 511/511/479
f 510/510/477 511/511/479 518/518/486
f 515/515/483 519/519/487 518/518/486
f 520/520/488 518/518/486 519/519/487
f 520/520/488 510/510/477 518/518/486
f 496/496/475 510/510/477 520/520/488
f 496/496/475 520/520/488 521/521/489
f 521/521/489 497/497/490 496/496/475
f 522/522/491 520/520/488 519/519/487
f 520/520/488 522/522/491 521/521/489
f 519/519/487 523/523/492 522/522/491
f 523/523/492 519/519/487 515/515/483
f 524/524/493 521/521/489 522/522/491
f 525/525/494 522/522/491 523/523/492
f 522/522/491 525/525/494 524/524/493
f 523/523/492 526/526/495 525/525/494
f 527/527/496 524/524/493 525/525/494
f 526/526/495 528/528/497 525/525/494
f 529/529/498 525/525/494 528/528/497
f 525/525/494 529/529/498 527/527/496
f 530/530/499 527/527/496 529/529/498
f 528/528/497 531/531/500 529/529/498
f 532/532/501 529/529/498 531/531/500
f 529/529/498 532/532/501 530/530/499
f 533/533/502 530/530/499 532/532/501
f 523/523/492 534/534/503 526/526/495
f 535/535/504 526/526/495 534/534/503
f 526/526/495 535/535/504 528/528/497
f 536/536/505 528/528/497 535/535/504
f 528/528/497 536/536/505 537/537/506
f 537/537/506 531/531/500 528/528/497
f 538/538/507 537/537/506 536/536/505
f 539/539/508 536/536/505 535/535/504
f 535/535/504 540/540/509 539/539/508
f 536/536/505 539/539/508 541/541/510
f 541/541/510 538/538/507 536/536/505
f 542/542/511 541/541/510 539/539/508
f 535/535/504 543/543/512 540/540/509
f 543/543/512 534/534/503 544/544/513
f 543/543/512 544/544/513 540/540/509
f 531/531/500 545/545/514 532/532/501
f 546/546/515 532/532/501 545/545/514
f 532/532/501 546/546/515 533/533/502
f 538/538/507 547/547/516 537/537/506
f 548/548/517 537/537/506 547/547/516
f 542/542/511 549/549/518 541/541/510
f 550/550/519 541/541/510 549/549/518
f 547/547/516 538/538/507 550/550/519
f 541/541/510 550/550/519 538/538/507
f 545/545/514 531/531/500 548/548/517
f 537/537/506 548/548/517 531/531/500
f 551/551/520 533/533/502 546/546/515
f 552/552/521 533/533/502 551/551/520
f 533/533/502 552/552/521 553/553/522
f 553/553/522 530/530/499 533/533/502
f 530/530/499 553/553/522 554/554/523
f 554/554/523 527/527/496 530/530/499
f 527/527/496 554/554/523 555/555/524
f 555/555/524 524/524/493 527/527/496
f 524/524/493 555/555/524 556/556/525
f 556/556/525 521/521/489 524/524/493
f 521/521/489 556/556/525 557/557/526
f 521/521/489 557/557/526 498/498/527
f 498/498/527 497/497/490 521/521/489
f 558/558/528 557/557/526 556/556/525
f 556/556/525 559/559/529 558/558/528
f 559/559/529 556/556/525 555/555/524
f 555/555/524 560/560/530 559/559/529
f 561/561/531 555/555/524 554/554/523
f 555/555/524 561/561/531 560/560/530
f 558/558/528 562/562/532 557/557/526
f 562/562/532 558/558/528 563/563/533
f 563/563/533 558/558/528 559/559/529
f 554/554/523 564/564/534 561/561/531
f 564/564/534 554/554/523 553/553/522
f 560/560/530 565/565/535 559/559/529
f 565/565/535 560/560/530 566/566/536
f 561/561/531 566/566/536 560/560/530
f 566/566/536 561/561/531 567/567/537
f 568/568/538 567/567/537 561/561/531
f 561/561/531 564/564/534 568/568/538
f 567/567/537 568/568/538 569/569/539
f 565/565/540 563/563/533 559/559/529
f 570/570/541 562/562/532 563/563/533
f 571/571/542 570/570/541 563/563/533
f 572/572/543 570/570/541 571/571/542
f 570/570/541 572/572/543 573/573/544
f 573/573/544 574/574/545 570/570/541
f 575/575/546 570/570/541 574/574/545
f 575/575/546 574/574/545 498/498/527
f 499/499/547 498/498/527 574/574/545
f 574/574/545 500/500/548 499/499/547
f 571/571/542 576/576/549 572/572/543
f 577/577/550 572/572/543 576/576/549
f 572/572/543 577/577/550 578/578/551
f 573/573/544 578/578/551 579/579/552
f 579/579/552 580/580/553 573/573/544
f 562/562/532 570/570/541 575/575/546
f 562/562/532 575/575/546 557/557/526
f 557/557/526 575/575/546 498/498/527
f 576/576/549 571/571/542 581/581/554
f 576/576/549 581/581/554 582/582/555
f 582/582/555 583/583/556 576/576/549
f 583/583/556 582/582/555 584/584/557
f 585/585/558 576/576/549 583/583/556
f 576/576/549 585/585/558 577/577/550
f 584/584/557 586/586/559 583/583/556
f 581/581/554 587/587/560 582/582/555
f 588/588/561 582/582/555 587/587/560
f 582/582/555 588/588/561 584/584/557
f 589/589/562 587/587/560 581/581/554
f 581/581/554 571/571/542 589/589/562
f 589/589/562 571/571/542 590/590/563
f 590/590/563 571/571/542 563/563/533
f 587/587/560 591/591/564 588/588/561
f 591/591/564 587/587/560 592/592/565
f 589/589/562 592/592/565 587/587/560
f 592/592/565 589/589/562 593/593/566
f 591/591/564 592/592/565 594/594/567
f 591/591/564 594/594/567 595/595/568
f 592/592/565 596/596/569 594/594/567
f 592/592/565 593/593/566 596/596/569
f 597/597/570 596/596/569 593/593/566
f 589/589/562 597/597/570 593/593/566
f 589/589/562 590/590/563 597/597/570
f 596/596/569 597/597/570 598/598/571
f 598/598/571 599/599/572 596/596/569
f 590/590/563 563/563/533 600/600/573
f 597/597/570 590/590/563 600/600/573
f 597/597/570 600/600/573 598/598/571
f 565/565/540 600/600/573 563/563/533
f 509/509/474 492/492/478 601/601/574
f 601/601/574 512/512/480 509/509/474
f 601/601/574 492/492/478 493/493/575
f 601/601/574 493/493/575 602/602/576
f 495/495/577 602/602/576 493/493/575
f 602/602/576 603/603/578 601/601/574
f 603/603/578 604/604/579 512/512/480
f 603/603/578 602/602/576 604/604/579
f 513/513/481 512/512/480 604/604/579
f 604/604/579 517/517/485 513/513/481
f 605/605/580 604/604/579 602/602/576
f 605/605/580 602/602/576 495/495/577
f 606/606/581 604/604/579 605/605/580
f 604/604/579 606/606/581 517/517/485
f 607/607/582 517/517/485 606/606/581
f 606/606/581 608/608/583 607/607/582
f 609/609/584 607/607/582 608/608/583
f 608/608/583 610/610/585 609/609/584
f 611/611/586 609/609/584 610/610/585
f 610/610/585 612/612/587 611/611/586
f 613/613/588 611/611/586 612/612/587
f 614/614/589 611/611/586 613/613/588
f 608/608/583 606/606/581 615/615/590
f 605/605/580 615/615/590 606/606/581
f 610/610/585 608/608/583 616/616/591
f 615/615/590 616/616/591 608/608/583
f 616/616/591 540/540/592 610/610/585
f 615/615/590 605/605/580 495/495/577
f 615/615/590 495/495/577 617/617/593
f 615/615/590 617/617/593 616/616/591
f 616/616/591 617/617/593 618/618/594
f 617/617/593 619/619/595 618/618/594
f 619/619/595 620/620/596 618/618/594
f 621/621/597 616/616/591 618/618/594
f 621/621/597 618/618/594 622/622/598
f 621/621/597 622/622/598 623/623/599
f 623/623/599 539/539/508 621/621/597
f 540/540/509 621/621/597 539/539/508
f 539/539/508 623/623/599 542/542/511
f 542/542/511 623/623/599 624/624/600
f 625/625/601 624/624/600 623/623/599
f 626/626/602 623/623/599 622/622/598
f 623/623/599 626/626/602 625/625/601
f 627/627/603 625/625/601 626/626/602
f 622/622/598 628/628/604 626/626/602
f 626/626/602 629/629/605 627/627/603
f 629/629/605 626/626/602 630/630/606
f 630/630/606 626/626/602 628/628/604
f 631/631/607 627/627/603 629/629/605
f 540/540/509 616/616/608 621/621/597
f 624/624/600 632/632/609 542/542/511
f 549/549/518 542/542/511 632/632/609
f 633/633/610 624/624/600 625/625/601
f 625/625/601 634/634/611 633/633/610
f 635/635/612 627/627/603 631/631/607
f 627/627/603 635/635/612 636/636/613
f 636/636/613 637/637/614 627/627/603
f 634/634/611 625/625/601 637/637/614
f 637/637/614 625/625/601 627/627/603
f 631/631/607 638/638/615 635/635/612
f 508/508/616 466/466/421 469/469/424
f 508/508/616 469/469/424 470/470/425
f 512/512/480 601/601/574 603/603/578
f 456/456/617 505/505/467 459/459/466
f 456/456/617 639/639/618 505/505/467
f 456/456/617 460/460/619 639/639/618
f 639/639/618 460/460/619 463/463/470
f 640/640/620 639/639/618 463/463/470
f 463/463/470 506/506/469 640/640/620
f 641/641/621 642/642/622 516/516/484
f 516/516/484 643/643/623 641/641/621
f 642/642/622 514/514/482 516/516/484
f 644/644/624 514/514/482 642/642/622
f 645/645/625 514/514/482 644/644/624
f 642/642/622 646/646/626 644/644/624
f 647/647/627 646/646/626 642/642/622
f 641/641/621 647/647/627 642/642/622
f 515/515/483 514/514/482 645/645/625
f 648/648/628 644/644/624 646/646/626
f 646/646/626 649/649/629 648/648/628
f 649/649/629 646/646/626 650/650/630
f 612/612/587 648/648/628 649/649/629
f 613/613/588 612/612/587 649/649/629
f 613/613/588 649/649/629 651/651/631
f 650/650/630 651/651/631 649/649/629
f 652/652/632 651/651/631 650/650/630
f 614/614/589 613/613/588 651/651/631
f 648/648/628 612/612/587 653/653/633
f 648/648/628 653/653/633 644/644/624
f 653/653/633 645/645/625 644/644/624
f 540/540/592 653/653/633 612/612/587
f 612/612/587 610/610/585 540/540/592
f 544/544/634 515/515/483 645/645/625
f 544/544/634 645/645/625 653/653/633
f 540/540/592 544/544/634 653/653/633
f 523/523/492 515/515/483 534/534/635
f 515/515/483 544/544/634 534/534/635
f 654/654/636 655/655/621 656/656/623
f 654/654/636 657/657/637 655/655/621
f 658/658/638 657/657/637 654/654/636
f 655/655/621 657/657/637 659/659/627
f 659/659/627 657/657/637 660/660/626
f 660/660/626 657/657/637 661/661/630
f 661/661/630 657/657/637 662/662/632
f 662/662/632 657/657/637 663/663/639
f 663/663/639 657/657/637 658/658/638
f 662/662/632 663/663/639 664/664/640
f 654/654/636 665/665/641 658/658/638
f 656/656/623 665/665/641 654/654/636
f 666/666/642 516/516/484 667/667/643
f 517/517/485 667/667/643 516/516/484
f 668/668/644 666/666/642 669/669/645
f 668/668/644 670/670/646 666/666/642
f 670/670/646 668/668/644 671/671/647
f 671/671/647 672/672/648 670/670/646
f 673/673/649 670/670/646 672/672/648
f 672/672/648 671/671/647 674/674/650
f 675/675/651 666/666/642 670/670/646
f 676/676/652 674/674/650 671/671/647
f 667/667/643 517/517/485 677/677/653
f 607/607/654 677/677/653 517/517/485
f 677/677/653 678/678/655 667/667/643
f 677/677/653 679/679/656 678/678/655
f 678/678/655 679/679/656 680/680/657
f 679/679/656 681/681/658 680/680/657
f 682/682/659 680/680/657 681/681/658
f 682/682/659 681/681/658 683/683/660
f 683/683/660 681/681/658 614/614/589
f 669/669/645 667/667/643 678/678/655
f 667/667/643 669/669/645 666/666/642
f 684/684/661 671/671/662 668/668/663
f 684/684/661 685/685/664 671/671/662
f 676/676/665 671/671/662 685/685/664
f 685/685/664 684/684/661 686/686/666
f 687/687/667 686/686/666 684/684/661
f 687/687/667 684/684/661 688/688/668
f 689/689/669 688/688/668 684/684/661
f 668/668/663 689/689/669 684/684/661
f 689/689/669 668/668/663 669/669/670
f 690/690/671 685/685/664 686/686/666
f 685/685/664 690/690/671 652/652/672
f 651/651/673 652/652/672 690/690/671
f 686/686/666 691/691/674 690/690/671
f 685/685/664 692/692/675 676/676/665
f 683/683/676 614/614/677 690/690/671
f 693/693/678 683/683/676 690/690/671
f 693/693/678 690/690/671 691/691/674
f 682/682/679 683/683/676 693/693/678
f 693/693/678 694/694/680 682/682/679
f 694/694/680 695/695/681 682/682/679
f 695/695/681 694/694/680 696/696/682
f 696/696/682 697/697/683 695/695/681
f 698/698/684 695/695/681 697/697/683
f 698/698/684 697/697/683 699/699/685
f 700/700/686 699/699/685 697/697/683
f 699/699/685 700/700/686 689/689/669
f 688/688/668 689/689/669 700/700/686
f 695/695/681 698/698/684 680/680/687
f 680/680/687 682/682/679 695/695/681
f 680/680/687 698/698/684 678/678/688
f 678/678/688 698/698/684 699/699/685
f 699/699/685 669/669/670 678/678/688
f 669/669/670 699/699/685 689/689/669
f 701/701/689 696/696/682 694/694/680
f 694/694/680 693/693/678 701/701/689
f 702/702/690 701/701/689 693/693/678
f 703/703/691 687/687/692 704/704/693
f 688/688/694 704/704/693 687/687/692
f 704/704/693 688/688/694 705/705/695
f 700/700/696 705/705/695 688/688/694
f 705/705/695 700/700/696 706/706/697
f 697/697/698 706/706/697 700/700/696
f 706/706/697 697/697/698 707/707/699
f 703/703/691 708/708/700 687/687/692
f 686/686/701 687/687/692 708/708/700
f 708/708/700 709/709/702 686/686/701
f 691/691/703 686/686/701 709/709/702
f 702/702/704 691/691/703 709/709/702
f 710/710/705 702/702/704 709/709/702
f 710/710/705 711/711/706 702/702/704
f 701/701/707 702/702/704 711/711/706
f 711/711/706 707/707/699 701/701/707
f 697/697/698 696/696/708 707/707/699
f 696/696/708 701/701/707 707/707/699
f 712/712/709 703/703/710 713/713/711
f 704/704/712 713/713/711 703/703/710
f 713/713/711 704/704/712 714/714/713
f 712/712/709 715/715/714 703/703/710
f 708/708/715 703/703/710 715/715/714
f 715/715/714 716/716/716 708/708/715
f 709/709/717 708/708/715 716/716/716
f 710/710/718 709/709/717 716/716/716
f 717/717/719 710/710/718 716/716/716
f 705/705/720 714/714/713 704/704/712
f 714/714/713 705/705/720 718/718/721
f 706/706/722 718/718/721 705/705/720
f 706/706/722 707/707/723 718/718/721
f 719/719/724 718/718/721 707/707/723
f 707/707/723 711/711/725 719/719/724
f 720/720/726 719/719/724 711/711/725
f 711/711/725 710/710/718 720/720/726
f 717/717/719 720/720/726 710/710/718
f 679/679/727 677/677/653 609/609/728
f 609/609/728 611/611/729 679/679/727
f 607/607/654 609/609/728 677/677/653
f 614/614/677 651/651/673 690/690/671
f 702/702/690 693/693/678 691/691/674
f 681/681/730 679/679/727 611/611/729
f 681/681/730 611/611/729 614/614/731
f 535/535/504 534/534/503 543/543/512
f 721/721/732 461/461/733 722/722/734
f 457/457/735 722/722/734 461/461/733
f 461/461/733 721/721/732 467/467/736
f 723/723/737 467/467/736 721/721/732
f 467/467/736 723/723/737 468/468/738
f 724/724/739 468/468/738 723/723/737
f 468/468/738 724/724/739 470/470/740
f 725/725/741 470/470/740 724/724/739
f 457/457/735 458/458/742 722/722/734
f 458/458/742 726/726/743 722/722/734
f 727/727/744 631/631/745 629/629/740
f 727/727/744 728/728/746 631/631/745
f 629/629/740 729/729/741 727/727/744
f 730/730/747 731/731/748 732/732/749
f 733/733/750 732/732/749 731/731/748
f 731/731/748 730/730/747 734/734/751
f 735/735/752 734/734/751 730/730/747
f 734/734/751 735/735/752 736/736/753
f 737/737/754 736/736/753 735/735/752
f 736/736/753 737/737/754 738/738/755
f 739/739/756 738/738/755 737/737/754
f 732/732/749 733/733/750 740/740/757
f 741/741/758 740/740/757 733/733/750
f 742/742/759 738/738/755 739/739/756
f 742/742/759 739/739/756 743/743/760
f 738/738/755 742/742/759 744/744/761
f 732/732/749 745/745/762 730/730/747
f 745/745/762 732/732/749 746/746/763
f 740/740/757 746/746/763 732/732/749
f 730/730/747 747/747/764 735/735/752
f 747/747/764 730/730/747 745/745/762
f 735/735/752 748/748/765 737/737/754
f 748/748/765 735/735/752 747/747/764
f 737/737/754 749/749/766 739/739/756
f 749/749/766 737/737/754 748/748/765
f 746/746/763 740/740/757 750/750/767
f 739/739/756 749/749/766 751/751/768
f 743/743/760 739/739/756 751/751/768
f 752/752/769 751/751/768 749/749/766
f 753/753/770 754/754/771 740/740/757
f 753/753/770 755/755/772 754/754/771
f 754/754/771 756/756/773 757/757/774
f 758/758/775 756/756/773 757/757/774
f 756/756/773 758/758/775 759/759/776
f 760/760/777 759/759/776 758/758/775
f 759/759/776 760/760/777 761/761/778
f 762/762/779 761/761/778 760/760/777
f 762/762/779 763/763/780 761/761/778
f 764/764/781 761/761/778 763/763/780
f 754/754/771 740/740/757 756/756/773
f 759/759/776 765/765/782 756/756/773
f 765/765/782 759/759/776 766/766/783
f 761/761/778 766/766/783 759/759/776
f 766/766/783 761/761/778 767/767/784
f 768/768/785 756/756/773 765/765/782
f 769/769/786 761/761/778 764/764/781
f 761/761/778 769/769/786 767/767/784
f 770/770/787 756/756/773 768/768/785
f 756/756/773 740/740/757 770/770/787
f 740/740/757 770/770/787 771/771/788
f 770/770/787 772/772/789 771/771/788
f 758/758/790 773/773/791 760/760/792
f 774/774/793 760/760/792 773/773/791
f 762/762/794 760/760/792 774/774/793
f 774/774/793 775/775/795 762/762/794
f 775/775/795 776/776/796 762/762/794
f 763/763/797 762/762/794 776/776/796
f 776/776/796 777/777/798 763/763/797
f 764/764/799 763/763/797 777/777/798
f 777/777/798 769/769/800 764/764/799
f 769/769/800 777/777/798 778/778/801
f 778/778/801 767/767/802 769/769/800
f 767/767/802 778/778/801 779/779/803
f 767/767/802 779/779/803 780/780/804
f 780/780/804 766/766/805 767/767/802
f 781/781/806 766/766/805 780/780/804
f 766/766/805 781/781/806 765/765/807
f 750/750/808 772/772/809 781/781/806
f 755/755/810 773/773/791 782/782/811
f 782/782/811 773/773/791 758/758/790
f 758/758/790 783/783/812 782/782/811
f 782/782/813 754/754/814 755/755/815
f 754/754/814 782/782/813 757/757/816
f 783/783/817 757/757/816 782/782/813
f 758/758/818 757/757/816 783/783/817
f 773/773/791 755/755/810 741/741/819
f 755/755/820 753/753/821 741/741/822
f 753/753/821 740/740/823 741/741/822
f 750/750/824 740/740/823 771/771/825
f 750/750/824 771/771/825 772/772/826
f 638/638/827 631/631/745 728/728/746
f 784/784/828 546/546/829 785/785/830
f 545/545/831 785/785/830 546/546/829
f 785/785/830 545/545/831 786/786/832
f 548/548/833 786/786/832 545/545/831
f 546/546/829 784/784/828 551/551/834
f 787/787/835 551/551/834 784/784/828
f 785/785/830 788/788/836 784/784/828
f 789/789/837 784/784/828 788/788/836
f 784/784/828 789/789/837 787/787/835
f 788/788/836 785/785/830 790/790/838
f 786/786/832 790/790/838 785/785/830
f 790/790/838 786/786/832 791/791/839
f 792/792/840 791/791/839 786/786/832
f 791/791/839 792/792/840 793/793/841
f 794/794/842 793/793/841 792/792/840
f 793/793/841 794/794/842 795/795/843
f 796/796/844 787/787/835 789/789/837
f 797/797/845 551/551/834 787/787/835
f 551/551/834 797/797/845 552/552/846
f 798/798/847 552/552/846 797/797/845
f 552/552/846 798/798/847 799/799/848
f 800/800/849 799/799/848 798/798/847
f 799/799/848 800/800/849 801/801/850
f 797/797/845 802/802/851 798/798/847
f 802/802/851 797/797/845 803/803/852
f 804/804/853 798/798/847 802/802/851
f 798/798/847 804/804/853 800/800/849
f 805/805/854 800/800/849 804/804/853
f 800/800/849 805/805/854 806/806/855
f 807/807/856 806/806/855 805/805/854
f 806/806/855 807/807/856 808/808/857
f 809/809/858 808/808/857 807/807/856
f 808/808/857 809/809/858 810/810/859
f 811/811/860 810/810/859 809/809/858
f 810/810/859 811/811/860 812/812/861
f 803/803/852 787/787/835 813/813/862
f 787/787/835 803/803/852 797/797/845
f 786/786/832 548/548/833 792/792/840
f 547/547/863 792/792/840 548/548/833
f 792/792/840 547/547/863 794/794/842
f 550/550/864 794/794/842 547/547/863
f 814/814/865 549/549/866 815/815/867
f 632/632/868 815/815/867 549/549/866
f 816/816/869 632/632/868 633/633/870
f 633/633/870 817/817/871 816/816/869
f 634/634/872 817/817/871 633/633/870
f 817/817/871 634/634/872 818/818/873
f 818/818/873 634/634/872 637/637/874
f 817/817/871 818/818/873 816/816/869
f 819/819/875 816/816/869 818/818/873
f 818/818/873 820/820/876 819/819/875
f 821/821/877 820/820/876 818/818/873
f 729/729/878 819/819/875 820/820/876
f 729/729/878 820/820/876 727/727/879
f 820/820/876 822/822/880 727/727/879
f 728/728/881 727/727/879 822/822/880
f 822/822/880 820/820/876 821/821/877
f 815/815/867 632/632/868 816/816/869
f 635/635/882 822/822/880 636/636/883
f 822/822/880 635/635/882 728/728/881
f 636/636/883 822/822/880 821/821/877
f 823/823/884 815/815/867 819/819/875
f 815/815/867 823/823/884 814/814/865
f 794/794/842 550/550/864 814/814/865
f 549/549/866 814/814/865 550/550/864
f 638/638/885 728/728/881 635/635/882
f 795/795/843 814/814/865 823/823/884
f 814/814/865 795/795/843 794/794/842
f 824/824/886 712/712/887 825/825/888
f 713/713/889 825/825/888 712/712/887
f 825/825/888 713/713/889 826/826/890
f 714/714/891 826/826/890 713/713/889
f 826/826/890 714/714/891 827/827/892
f 718/718/893 827/827/892 714/714/891
f 827/827/892 718/718/893 828/828/894
f 719/719/895 828/828/894 718/718/893
f 712/712/887 824/824/886 715/715/896
f 829/829/897 715/715/896 824/824/886
f 828/828/894 719/719/895 830/830/898
f 720/720/899 830/830/898 719/719/895
f 830/830/898 720/720/899 831/831/900
f 717/717/901 831/831/900 720/720/899
f 831/831/900 717/717/901 832/832/902
f 832/832/902 716/716/903 829/829/897
f 716/716/903 832/832/902 717/717/901
f 715/715/896 829/829/897 716/716/903
f 833/833/904 824/824/905 834/834/906
f 825/825/907 834/834/906 824/824/905
f 834/834/906 825/825/907 835/835/908
f 826/826/909 835/835/908 825/825/907
f 824/824/905 833/833/904 829/829/910
f 836/836/911 829/829/910 833/833/904
f 829/829/910 836/836/911 832/832/912
f 837/837/913 832/832/912 836/836/911
f 832/832/912 837/837/913 831/831/914
f 838/838/915 831/831/914 837/837/913
f 831/831/914 838/838/915 830/830/916
f 839/839/917 830/830/916 838/838/915
f 835/835/908 826/826/909 840/840/918
f 827/827/919 840/840/918 826/826/909
f 840/840/918 827/827/919 841/841/920
f 828/828/921 841/841/920 827/827/919
f 841/841/920 828/828/921 839/839/917
f 830/830/916 839/839/917 828/828/921
f 516/516/922 666/666/923 643/643/924
f 675/675/925 842/842/926 666/666/923
f 842/842/926 675/675/925 843/843/927
f 643/643/924 666/666/923 842/842/926
f 844/844/928 673/673/929 845/845/930
f 672/672/931 845/845/930 673/673/929
f 845/845/930 672/672/931 846/846/932
f 674/674/933 846/846/932 672/672/931
f 674/674/933 676/676/934 846/846/932
f 692/692/935 846/846/932 676/676/934
f 843/843/927 670/670/936 844/844/928
f 673/673/929 844/844/928 670/670/936
f 670/670/936 843/843/927 675/675/925
f 847/847/937 845/845/938 692/692/675
f 843/843/939 845/845/938 847/847/937
f 845/845/938 846/846/940 692/692/675
f 843/843/939 844/844/941 845/845/938
f 643/643/942 842/842/943 843/843/939
f 637/637/874 821/821/877 818/818/873
f 637/637/874 636/636/883 821/821/877
f 632/632/609 624/624/600 633/633/610
f 816/816/869 819/819/875 815/815/867
f 848/848/944 849/849/945 850/850/946
f 848/848/944 851/851/947 849/849/945
f 849/849/945 851/851/947 852/852/948
f 849/849/945 852/852/948 850/850/946
f 851/851/947 853/853/949 852/852/948
f 852/852/948 853/853/949 854/851/950
f 854/851/950 855/854/951 848/848/944
f 848/848/944 855/854/951 851/851/947
f 856/849/952 854/851/950 848/848/944
f 852/852/948 854/851/950 856/849/952
f 852/852/948 856/849/952 850/850/946
f 856/849/952 848/848/944 850/850/946
f 854/851/950 857/855/953 855/854/951
f 853/853/949 857/855/953 854/851/950
f 857/855/953 858/856/954 855/854/951
f 853/853/949 859/857/955 857/855/953
f 860/858/956 859/857/955 853/853/949
f 851/851/947 860/858/956 853/853/949
f 855/854/951 860/858/956 851/851/947
f 855/854/951 858/856/954 860/858/956
f 857/855/953 861/859/957 858/856/954
f 859/857/955 861/859/957 857/855/953
f 861/859/957 862/860/958 858/856/954
f 858/856/954 862/860/958 860/858/956
f 859/857/955 863/861/959 861/859/957
f 860/858/956 863/861/959 859/857/955
f 860/858/956 864/859/960 863/861/959
f 862/860/958 864/859/960 860/858/956
f 865/862/436 866/863/441 867/864/961
f 868/865/962 867/864/961 866/863/441
f 867/864/961 868/865/962 869/866/963
f 867/864/961 870/867/964 865/862/436
f 871/868/435 865/862/436 870/867/964
f 872/869/965 869/866/963 868/865/962
f 873/870/966 869/866/963 872/869/965
f 874/871/967 869/866/963 873/870/966
f 870/867/964 867/864/961 874/871/967
f 869/866/963 874/871/967 867/864/961
f 868/865/962 875/872/968 872/869/965
f 873/870/966 872/869/965 876/873/969
f 873/870/966 876/873/969 877/874/970
f 878/875/971 877/874/970 876/873/969
f 879/876/972 878/875/971 876/873/969
f 878/875/971 879/876/972 880/877/973
f 880/877/973 881/878/974 878/875/971
f 881/878/974 880/877/973 882/879/975
f 877/874/970 878/875/971 883/880/976
f 881/878/974 883/880/976 878/875/971
f 883/880/976 881/878/974 884/881/977
f 882/879/975 885/882/978 881/878/974
f 884/881/977 881/878/974 885/882/978
f 885/882/978 886/883/979 884/881/977
f 868/865/980 866/863/462 887/884/463
f 875/872/981 868/865/980 888/885/982
f 887/884/463 888/885/982 868/865/980
f 889/886/983 875/872/981 888/885/982
f 879/876/984 890/887/985 880/877/986
f 891/888/987 880/877/986 890/887/985
f 880/877/986 891/888/987 882/879/988
f 892/889/989 882/879/988 891/888/987
f 580/580/553 500/500/548 574/574/545
f 574/574/545 573/573/544 580/580/553
f 501/501/990 500/500/548 580/580/553
f 893/890/991 501/501/990 580/580/553
f 501/501/990 893/890/991 502/502/992
f 580/580/553 579/579/552 893/890/991
f 578/578/551 893/890/991 579/579/552
f 578/578/551 573/573/544 572/572/543
f 893/890/991 578/578/551 894/891/993
f 502/502/992 893/890/991 894/891/993
f 894/891/993 578/578/551 895/892/994
f 577/577/550 895/892/994 578/578/551
f 895/892/994 577/577/550 896/893/995
f 896/893/995 897/894/996 895/892/994
f 897/894/996 896/893/995 898/895/997
f 898/895/997 599/599/572 897/894/996
f 599/599/572 898/895/997 899/896/998
f 899/896/998 596/596/569 599/599/572
f 596/596/569 899/896/998 594/594/567
f 594/594/567 899/896/998 595/595/568
f 900/897/999 895/892/994 897/894/996
f 895/892/994 900/897/999 894/891/993
f 502/502/992 894/891/993 900/897/999
f 901/898/1000 897/894/996 599/599/572
f 897/894/996 901/898/1000 900/897/999
f 599/599/572 598/598/571 901/898/1000
f 902/899/1001 595/595/568 903/900/1002
f 904/901/1003 902/899/1001 903/900/1002
f 595/595/568 905/902/1004 906/903/1005
f 906/903/1005 905/902/1004 907/904/1006
f 905/902/1004 908/905/1007 907/904/1006
f 908/905/1007 905/902/1004 909/906/1008
f 908/905/1007 909/906/1008 910/907/1009
f 910/907/1009 909/906/1008 911/908/1010
f 585/585/558 910/907/1009 911/908/1010
f 910/907/1009 585/585/558 912/909/1011
f 911/908/1010 577/577/550 585/585/558
f 577/577/550 911/908/1010 896/893/1012
f 912/909/1011 583/583/556 586/586/559
f 583/583/556 912/909/1011 585/585/558
f 885/882/978 882/879/975 892/889/1013
f 886/883/979 885/882/978 892/889/1013
f 875/872/981 889/886/983 872/869/1014
f 889/886/983 913/910/1015 872/869/1014
f 913/910/1015 876/873/1016 872/869/1014
f 879/876/984 876/873/1016 913/910/1015
f 879/876/984 913/910/1015 914/911/1017
f 914/911/1017 890/887/985 879/876/984
f 915/912/1018 584/584/1019 916/913/1020
f 916/913/1020 917/914/1021 915/912/1018
f 917/914/1021 916/913/1020 918/915/1022
f 584/584/1019 919/916/1023 916/913/1020
f 919/916/1023 584/584/1019 588/588/1024
f 920/917/1025 916/913/1020 919/916/1023
f 916/913/1020 920/917/1025 918/915/1022
f 584/584/1019 915/912/1018 586/586/1026
f 588/588/1024 902/899/1027 919/916/1023
f 920/917/1025 919/916/1023 902/899/1027
f 902/899/1027 588/588/1024 591/591/1028
f 902/899/1027 904/901/1029 920/917/1025
f 902/899/1027 591/591/1028 595/595/1030
f 904/901/1029 903/900/1031 921/918/1032
f 922/919/1033 915/912/1018 917/914/1021
f 915/912/1018 922/919/1033 923/920/1034
f 924/921/1035 923/920/1034 922/919/1033
f 923/920/1034 924/921/1035 925/922/1036
f 924/921/1035 926/923/1037 925/922/1036
f 908/905/1038 925/922/1036 926/923/1037
f 926/923/1037 924/921/1035 927/924/1039
f 910/907/1040 925/922/1036 908/905/1038
f 923/920/1034 925/922/1036 910/907/1040
f 910/907/1040 912/909/1041 923/920/1034
f 915/912/1018 923/920/1034 912/909/1041
f 912/909/1041 586/586/1026 915/912/1018
f 927/924/1039 928/925/1042 926/923/1037
f 928/925/1042 927/924/1039 929/926/1043
f 907/904/1044 926/923/1037 928/925/1042
f 926/923/1037 907/904/1044 908/905/1038
f 929/926/1043 903/900/1031 928/925/1042
f 907/904/1044 928/925/1042 903/900/1031
f 903/900/1031 929/926/1043 921/918/1032
f 903/900/1031 906/903/1045 907/904/1044
f 903/900/1031 595/595/1030 906/903/1045
f 930/927/1046 918/915/1047 931/928/1048
f 918/915/1047 930/927/1046 917/914/1049
f 932/929/1050 917/914/1049 930/927/1046
f 917/914/1049 932/929/1050 922/919/1051
f 933/930/1052 922/919/1051 932/929/1050
f 922/919/1051 933/930/1052 924/921/1053
f 934/931/1054 924/921/1053 933/930/1052
f 918/915/1047 935/932/1055 931/928/1048
f 935/932/1055 918/915/1047 920/917/1056
f 920/917/1056 936/933/1057 935/932/1055
f 936/933/1057 920/917/1056 904/901/1058
f 936/933/1057 904/901/1058 921/918/1059
f 936/933/1057 921/918/1059 937/934/1060
f 921/918/1059 938/935/1061 937/934/1060
f 938/935/1061 921/918/1059 929/926/1062
f 929/926/1062 934/931/1054 938/935/1061
f 934/931/1054 927/924/1063 924/921/1053
f 934/931/1054 929/926/1062 927/924/1063
f 939/936/1064 931/928/1065 940/937/1066
f 931/928/1065 939/936/1064 930/927/1067
f 941/938/1068 930/927/1067 939/936/1064
f 931/928/1065 942/939/1069 940/937/1066
f 942/939/1069 931/928/1065 935/932/1070
f 935/932/1070 943/940/1071 942/939/1069
f 943/940/1071 935/932/1070 936/933/1072
f 943/940/1071 936/933/1072 937/934/1073
f 943/940/1071 937/934/1073 944/941/1074
f 930/927/1067 941/938/1068 932/929/1075
f 945/942/1076 932/929/1075 941/938/1068
f 932/929/1075 945/942/1076 933/930/1077
f 945/942/1076 934/931/1078 933/930/1077
f 934/931/1078 945/942/1076 946/943/1079
f 946/943/1079 938/935/1080 934/931/1078
f 938/935/1080 946/943/1079 947/944/1081
f 947/944/1081 937/934/1073 938/935/1080
f 937/934/1073 947/944/1081 944/941/1074
f 898/895/1082 911/908/1010 909/906/1083
f 911/908/1010 898/895/1082 896/893/1012
f 566/566/536 567/567/537 948/945/1084
f 948/945/1084 598/598/1085 566/566/536
f 949/946/1086 948/945/1084 567/567/537
f 948/945/1084 949/946/1086 950/947/1087
f 567/567/537 569/569/539 949/946/1086
f 598/598/1085 951/948/1088 566/566/536
f 598/598/1085 600/600/1089 951/948/1088
f 600/600/1089 565/565/535 951/948/1088
f 949/946/1086 952/949/1090 950/947/1087
f 953/950/1091 950/947/1087 952/949/1090
f 950/947/1087 953/950/1091 954/951/1092
f 954/951/1092 955/952/1093 950/947/1087
f 952/949/1090 949/946/1086 956/953/1094
f 569/569/539 956/953/1094 949/946/1086
f 956/953/1094 569/569/539 957/954/1095
f 568/568/538 957/954/1095 569/569/539
f 957/954/1095 568/568/538 801/801/1096
f 564/564/534 801/801/1096 568/568/538
f 801/801/1096 564/564/534 799/799/1097
f 553/553/522 799/799/1097 564/564/534
f 799/799/1097 553/553/522 552/552/521
f 958/955/1098 948/945/1084 955/952/1093
f 948/945/1084 958/955/1098 598/598/1085
f 950/947/1087 955/952/1093 948/945/1084
f 955/952/1093 959/956/1099 958/955/1098
f 959/956/1099 955/952/1093 960/957/1100
f 961/958/1101 960/957/1100 955/952/1093
f 955/952/1093 954/951/1092 961/958/1101
f 960/957/1100 961/958/1101 962/959/1102
f 960/957/1100 963/960/1103 959/956/1099
f 962/959/1102 964/961/1104 960/957/1100
f 965/962/1105 960/957/1100 964/961/1104
f 963/960/1103 960/957/1100 965/962/1105
f 964/961/1104 962/959/1102 966/963/1106
f 959/956/1099 967/964/1107 958/955/1098
f 958/955/1098 901/898/1108 598/598/1085
f 967/964/1107 901/898/1000 958/955/1098
f 967/964/1107 968/965/1109 901/898/1000
f 967/964/1107 969/966/1110 968/965/1109
f 967/964/1107 970/967/1111 969/966/1110
f 901/898/1000 968/965/1109 900/897/999
f 968/965/1109 502/502/992 900/897/999
f 954/951/1092 971/968/1112 961/958/1101
f 971/968/1112 954/951/1092 953/950/1091
f 966/963/1106 962/959/1102 972/969/1113
f 972/969/1113 961/958/1101 971/968/1112
f 961/958/1101 972/969/1113 962/959/1102
f 972/969/1113 973/970/1114 966/963/1106
f 899/896/1115 909/906/1083 905/902/1116
f 595/595/1117 899/896/1115 905/902/1116
f 909/906/1083 899/896/1115 898/895/1082
f 951/948/1088 565/565/535 566/566/536
f 974/971/1118 877/874/1119 975/972/1120
f 877/874/1119 974/971/1118 873/870/1121
f 883/880/1122 975/972/1120 877/874/1119
f 975/972/1120 883/880/1122 976/973/1123
f 884/881/1124 976/973/1123 883/880/1122
f 976/973/1123 884/881/1124 977/974/1125
f 886/883/1126 977/974/1125 884/881/1124
f 977/974/1125 886/883/1126 978/975/1127
f 974/971/1118 874/871/1128 873/870/1121
f 974/971/1118 979/976/1129 874/871/1128
f 964/961/1126 966/963/1130 980/977/1131
f 966/963/1130 981/978/1132 980/977/1131
f 980/977/1131 982/979/1127 964/961/1126
f 983/980/1133 781/781/806 772/772/809
f 765/765/807 781/781/806 983/980/1133
f 983/980/1133 984/981/1134 765/765/807
f 772/772/1135 770/770/1136 983/980/1137
f 768/768/1138 983/980/1137 770/770/1136
f 983/980/1137 768/768/1138 984/981/1139
f 984/981/1139 768/768/1138 765/765/1140
f 981/978/1132 966/963/1130 973/970/1141
f 806/806/855 801/801/850 800/800/849
f 801/801/850 806/806/855 957/954/1142
f 808/808/857 957/954/1142 806/806/855
f 957/954/1142 808/808/857 956/953/1143
f 812/812/861 952/949/1144 810/810/859
f 952/949/1144 812/812/861 953/950/1145
f 985/982/1146 953/950/1145 812/812/861
f 953/950/1145 985/982/1146 971/968/1147
f 956/953/1143 810/810/859 952/949/1144
f 810/810/859 956/953/1143 808/808/857
f 986/983/1148 971/968/1147 985/982/1146
f 971/968/1147 986/983/1148 972/969/1149
f 981/978/1150 972/969/1149 986/983/1148
f 972/969/1149 981/978/1150 973/970/1151
f 987/984/1152 812/812/861 811/811/860
f 812/812/861 987/984/1152 985/982/1146
f 988/985/1153 985/982/1146 987/984/1152
f 985/982/1146 988/985/1153 986/983/1148
f 988/985/1153 987/984/1152 982/979/1154
f 980/977/1155 988/985/1153 982/979/1154
f 980/977/1155 986/983/1148 988/985/1153
f 986/983/1148 980/977/1155 981/978/1150
f 989/986/1156 940/937/1157 990/987/1158
f 940/937/1157 989/986/1156 939/936/1159
f 991/988/1160 939/936/1159 989/986/1156
f 939/936/1159 991/988/1160 941/938/1161
f 992/989/1162 941/938/1161 991/988/1160
f 941/938/1161 992/989/1162 945/942/1163
f 993/990/1164 945/942/1163 992/989/1162
f 945/942/1163 993/990/1164 946/943/1165
f 942/939/1166 990/987/1158 940/937/1157
f 990/987/1158 942/939/1166 994/991/1167
f 995/992/1168 946/943/1165 993/990/1164
f 946/943/1165 995/992/1168 947/944/1169
f 996/993/1170 947/944/1169 995/992/1168
f 947/944/1169 996/993/1170 944/941/1171
f 997/994/1172 944/941/1171 996/993/1170
f 994/991/1167 943/940/1173 997/994/1172
f 944/941/1171 997/994/1172 943/940/1173
f 943/940/1173 994/991/1167 942/939/1166
f 998/995/1174 990/987/1175 999/996/1176
f 990/987/1175 998/995/1174 989/986/1177
f 1000/997/1178 989/986/1177 998/995/1174
f 989/986/1177 1000/997/1178 991/988/1179
f 994/991/1180 999/996/1176 990/987/1175
f 999/996/1176 994/991/1180 1001/998/1181
f 997/994/1182 1001/998/1181 994/991/1180
f 1001/998/1181 997/994/1182 1002/999/1183
f 996/993/1184 1002/999/1183 997/994/1182
f 1002/999/1183 996/993/1184 1003/1000/1185
f 995/992/1186 1003/1000/1185 996/993/1184
f 1003/1000/1185 995/992/1186 1004/1001/1187
f 1005/1002/1188 991/988/1179 1000/997/1178
f 991/988/1179 1005/1002/1188 992/989/1189
f 1006/1003/1190 992/989/1189 1005/1002/1188
f 992/989/1189 1006/1003/1190 993/990/1191
f 1004/1001/1187 993/990/1191 1006/1003/1190
f 993/990/1191 1004/1001/1187 995/992/1186
f 1007/1004/1192 1008/1005/1193 1009/1006/1194
f 1008/1005/1193 1010/1007/1195 1009/1006/1194
f 1010/1007/1195 1011/1008/1196 1009/1006/1194
f 1011/1008/1196 1012/1009/1197 1009/1006/1194
f 1012/1009/1197 1013/1010/1198 1009/1006/1194
f 1013/1010/1198 1014/1011/1199 1009/1006/1194
f 1014/1011/1199 1015/1012/1200 1009/1006/1194
f 1015/1012/1200 1016/1013/1201 1009/1006/1194
f 1016/1013/1201 1017/1014/1202 1009/1006/1194
f 1017/1014/1202 1018/1015/1203 1009/1006/1194
f 1018/1015/1203 1019/1016/1204 1009/1006/1194
f 1019/1016/1204 1007/1004/1192 1009/1006/1194
f 1020/1017/1205 1008/1005/1193 1007/1004/1192
f 1021/1018/1206 1020/1017/1205 1007/1004/1192
f 1021/1018/1206 1007/1004/1192 1019/1016/1204
f 1020/1017/1205 1022/1019/1207 1008/1005/1193
f 1022/1019/1207 1010/1007/1195 1008/1005/1193
f 1022/1019/1207 1023/1020/1208 1010/1007/1195
f 1023/1020/1208 1011/1008/1196 1010/1007/1195
f 1023/1020/1208 1024/1021/1209 1011/1008/1196
f 1024/1021/1209 1012/1009/1197 1011/1008/1196
f 1024/1021/1209 1025/1022/1210 1012/1009/1197
f 1025/1022/1210 1013/1010/1198 1012/1009/1197
f 1025/1022/1210 1026/1023/1211 1013/1010/1198
f 1013/1010/1198 1026/1023/1211 1014/1011/1199
f 1026/1023/1211 1027/1024/1212 1014/1011/1199
f 1027/1024/1212 1015/1012/1200 1014/1011/1199
f 1027/1024/1212 1028/1025/1213 1015/1012/1200
f 1028/1025/1213 1016/1013/1201 1015/1012/1200
f 1028/1025/1213 1029/1026/1214 1016/1013/1201
f 1029/1026/1214 1017/1014/1202 1016/1013/1201
f 1029/1026/1214 1030/1027/1215 1017/1014/1202
f 1030/1027/1215 1018/1015/1203 1017/1014/1202
f 1030/1027/1215 1031/1028/1216 1018/1015/1203
f 1031/1028/1216 1019/1016/1204 1018/1015/1203
f 1031/1028/1216 1021/1018/1206 1019/1016/1204
f 1032/1029/1217 1020/1017/1205 1021/1018/1206
f 1033/1030/1218 1032/1029/1217 1021/1018/1206
f 1033/1030/1218 1021/1018/1206 1031/1028/1216
f 1034/1031/1219 1022/1019/1207 1020/1017/1205
f 1032/1029/1217 1034/1031/1219 1020/1017/1205
f 1034/1031/1219 1035/1032/1220 1022/1019/1207
f 1035/1032/1220 1023/1020/1208 1022/1019/1207
f 1035/1032/1220 1036/1033/1221 1023/1020/1208
f 1036/1033/1221 1024/1021/1209 1023/1020/1208
f 1036/1033/1221 1037/1034/1222 1024/1021/1209
f 1037/1034/1222 1025/1022/1210 1024/1021/1209
f 1038/1035/1223 1028/1025/1213 1027/1024/1212
f 1038/1035/1223 1027/1024/1212 1026/1023/1211
f 1039/1036/1224 1038/1035/1223 1026/1023/1211
f 1038/1035/1223 1040/1037/1225 1028/1025/1213
f 1040/1037/1225 1041/1038/1226 1028/1025/1213
f 1041/1038/1226 1029/1026/1214 1028/1025/1213
f 1041/1038/1226 1042/1039/1227 1029/1026/1214
f 1042/1039/1227 1030/1027/1215 1029/1026/1214
f 1042/1039/1227 1043/1040/1228 1030/1027/1215
f 1043/1040/1228 1031/1028/1216 1030/1027/1215
f 1043/1040/1228 1033/1030/1218 1031/1028/1216
f 1037/1034/1222 1039/1036/1224 1025/1022/1210
f 1039/1036/1224 1026/1023/1211 1025/1022/1210
f 1044/1041/1229 1045/1042/1230 1033/1030/1218
f 1045/1042/1230 1032/1029/1217 1033/1030/1218
f 1045/1042/1230 1046/1043/1231 1032/1029/1217
f 1046/1043/1231 1034/1031/1219 1032/1029/1217
f 1046/1043/1231 1047/1044/1232 1034/1031/1219
f 1047/1044/1232 1035/1032/1220 1034/1031/1219
f 1047/1044/1232 1048/1045/1233 1035/1032/1220
f 1048/1045/1233 1036/1033/1221 1035/1032/1220
f 1048/1045/1233 1049/1046/1234 1036/1033/1221
f 1049/1046/1234 1037/1034/1222 1036/1033/1221
f 1044/1041/1229 1033/1030/1218 1043/1040/1228
f 1050/1047/1235 1044/1041/1229 1043/1040/1228
f 1051/1048/1236 1045/1042/1230 1044/1041/1229
f 1052/1049/1237 1051/1048/1236 1044/1041/1229
f 1052/1049/1237 1044/1041/1229 1050/1047/1235
f 1051/1048/1236 1053/1050/1238 1045/1042/1230
f 1053/1050/1238 1046/1043/1231 1045/1042/1230
f 1053/1050/1238 1054/1051/1239 1046/1043/1231
f 1054/1051/1239 1047/1044/1232 1046/1043/1231
f 1054/1051/1239 1055/1052/1240 1047/1044/1232
f 1055/1052/1240 1048/1045/1233 1047/1044/1232
f 1055/1052/1240 1056/1053/1241 1048/1045/1233
f 1056/1053/1241 1049/1046/1234 1048/1045/1233
f 1056/1053/1241 1057/1054/1242 1049/1046/1234
f 1057/1054/1242 1058/1055/1243 1049/1046/1234
f 1049/1046/1234 1058/1055/1243 1037/1034/1222
f 1058/1055/1243 1039/1036/1224 1037/1034/1222
f 1057/1054/1242 1059/1056/1244 1058/1055/1243
f 1059/1056/1244 1060/1057/1245 1058/1055/1243
f 1058/1055/1243 1060/1057/1245 1039/1036/1224
f 1059/1056/1244 1061/1058/1246 1060/1057/1245
f 1061/1058/1246 1062/1059/1247 1060/1057/1245
f 1060/1057/1245 1062/1059/1247 1038/1035/1223
f 1060/1057/1245 1038/1035/1223 1039/1036/1224
f 1062/1059/1247 1040/1037/1225 1038/1035/1223
f 1062/1059/1247 1063/1060/1248 1040/1037/1225
f 1063/1060/1248 1041/1038/1226 1040/1037/1225
f 1063/1060/1248 1064/1061/1249 1041/1038/1226
f 1064/1061/1249 1042/1039/1227 1041/1038/1226
f 1064/1061/1249 1050/1047/1235 1042/1039/1227
f 1050/1047/1235 1043/1040/1228 1042/1039/1227
f 1061/1058/1246 1065/1062/1250 1062/1059/1247
f 1065/1062/1250 1063/1060/1248 1062/1059/1247
f 1065/1062/1250 1066/1063/1251 1063/1060/1248
f 1066/1063/1251 1064/1061/1249 1063/1060/1248
f 1066/1063/1251 1067/1064/1252 1064/1061/1249
f 1067/1064/1252 1050/1047/1235 1064/1061/1249
f 1067/1064/1252 1052/1049/1237 1050/1047/1235
f 1065/1062/1250 1061/1058/1246 1068/1065/1253
f 1066/1063/1251 1065/1062/1250 1068/1065/1253
f 1067/1064/1252 1066/1063/1251 1068/1065/1253
f 1052/1049/1237 1067/1064/1252 1068/1065/1253
f 1051/1048/1236 1052/1049/1237 1068/1065/1253
f 1053/1050/1238 1051/1048/1236 1068/1065/1253
f 1054/1051/1239 1053/1050/1238 1068/1065/1253
f 1055/1052/1240 1054/1051/1239 1068/1065/1253
f 1056/1053/1241 1055/1052/1240 1068/1065/1253
f 1057/1054/1242 1056/1053/1241 1068/1065/1253
f 1059/1056/1244 1057/1054/1242 1068/1065/1253
f 1061/1058/1246 1059/1056/1244 1068/1065/1253
f 1069/1004/1254 1070/1005/1255 1071/1006/1256
f 1070/1005/1255 1072/1007/1257 1071/1006/1256
f 1072/1007/1257 1073/1008/1258 1071/1006/1256
f 1073/1008/1258 1074/1009/1259 1071/1006/1256
f 1074/1009/1259 1075/1010/1260 1071/1006/1256
f 1075/1010/1260 1076/1011/1261 1071/1006/1256
f 1076/1011/1261 1077/1012/1262 1071/1006/1256
f 1077/1012/1262 1078/1066/1263 1071/1006/1256
f 1078/1066/1263 1079/1067/1264 1071/1006/1256
f 1079/1067/1264 1080/1068/1265 1071/1006/1256
f 1080/1068/1265 1081/1016/1266 1071/1006/1256
f 1081/1016/1266 1069/1004/1254 1071/1006/1256
f 1082/1069/1267 1070/1005/1255 1069/1004/1254
f 1083/1018/1268 1082/1069/1267 1069/1004/1254
f 1083/1018/1268 1069/1004/1254 1081/1016/1266
f 1082/1069/1267 1084/1070/1269 1070/1005/1255
f 1084/1070/1269 1072/1007/1257 1070/1005/1255
f 1084/1070/1269 1085/1020/1270 1072/1007/1257
f 1085/1020/1270 1073/1008/1258 1072/1007/1257
f 1085/1020/1270 1086/1021/1271 1073/1008/1258
f 1086/1021/1271 1074/1009/1259 1073/1008/1258
f 1086/1021/1271 1087/1022/1272 1074/1009/1259
f 1087/1022/1272 1075/1010/1260 1074/1009/1259
f 1087/1022/1272 1088/1023/1273 1075/1010/1260
f 1075/1010/1260 1088/1023/1273 1076/1011/1261
f 1088/1023/1273 1089/1071/1274 1076/1011/1261
f 1089/1071/1274 1077/1012/1262 1076/1011/1261
f 1089/1071/1274 1090/1072/1275 1077/1012/1262
f 1090/1072/1275 1078/1066/1263 1077/1012/1262
f 1090/1072/1275 1091/1073/1276 1078/1066/1263
f 1091/1073/1276 1079/1067/1264 1078/1066/1263
f 1091/1073/1276 1092/1074/1277 1079/1067/1264
f 1092/1074/1277 1080/1068/1265 1079/1067/1264
f 1092/1074/1277 1093/1075/1278 1080/1068/1265
f 1093/1075/1278 1081/1016/1266 1080/1068/1265
f 1093/1075/1278 1083/1018/1268 1081/1016/1266
f 1094/1076/1279 1084/1070/1269 1082/1069/1267
f 1095/1077/1280 1094/1076/1279 1082/1069/1267
f 1095/1077/1280 1082/1069/1267 1083/1018/1268
f 1096/1030/1281 1095/1077/1280 1083/1018/1268
f 1094/1076/1279 1097/1032/1282 1084/1070/1269
f 1097/1032/1282 1085/1020/1270 1084/1070/1269
f 1097/1032/1282 1098/1033/1283 1085/1020/1270
f 1098/1033/1283 1086/1021/1271 1085/1020/1270
f 1098/1033/1283 1099/1034/1284 1086/1021/1271
f 1099/1034/1284 1087/1022/1272 1086/1021/1271
f 1100/1078/1285 1090/1072/1275 1089/1071/1274
f 1101/1079/1286 1100/1078/1285 1089/1071/1274
f 1100/1078/1285 1102/1080/1287 1090/1072/1275
f 1102/1080/1287 1091/1073/1276 1090/1072/1275
f 1102/1080/1287 1103/1081/1288 1091/1073/1276
f 1103/1081/1288 1092/1074/1277 1091/1073/1276
f 1103/1081/1288 1104/1082/1289 1092/1074/1277
f 1104/1082/1289 1093/1075/1278 1092/1074/1277
f 1104/1082/1289 1096/1030/1281 1093/1075/1278
f 1096/1030/1281 1083/1018/1268 1093/1075/1278
f 1099/1034/1284 1105/1036/1290 1087/1022/1272
f 1105/1036/1290 1088/1023/1273 1087/1022/1272
f 1105/1036/1290 1101/1079/1286 1088/1023/1273
f 1101/1079/1286 1089/1071/1274 1088/1023/1273
f 1106/1041/1291 1107/1083/1292 1096/1030/1281
f 1107/1083/1292 1095/1077/1280 1096/1030/1281
f 1107/1083/1292 1108/1084/1293 1095/1077/1280
f 1108/1084/1293 1094/1076/1279 1095/1077/1280
f 1108/1084/1293 1109/1044/1294 1094/1076/1279
f 1109/1044/1294 1097/1032/1282 1094/1076/1279
f 1109/1044/1294 1110/1045/1295 1097/1032/1282
f 1110/1045/1295 1098/1033/1283 1097/1032/1282
f 1110/1045/1295 1111/1046/1296 1098/1033/1283
f 1111/1046/1296 1099/1034/1284 1098/1033/1283
f 1112/1050/1297 1108/1084/1293 1107/1083/1292
f 1113/1085/1298 1112/1050/1297 1107/1083/1292
f 1113/1085/1298 1107/1083/1292 1106/1041/1291
f 1114/1049/1299 1113/1085/1298 1106/1041/1291
f 1112/1050/1297 1115/1051/1300 1108/1084/1293
f 1115/1051/1300 1109/1044/1294 1108/1084/1293
f 1115/1051/1300 1116/1052/1301 1109/1044/1294
f 1116/1052/1301 1110/1045/1295 1109/1044/1294
f 1116/1052/1301 1117/1053/1302 1110/1045/1295
f 1117/1053/1302 1111/1046/1296 1110/1045/1295
f 1117/1053/1302 1118/1054/1303 1111/1046/1296
f 1118/1054/1303 1119/1055/1304 1111/1046/1296
f 1111/1046/1296 1119/1055/1304 1099/1034/1284
f 1119/1055/1304 1105/1036/1290 1099/1034/1284
f 1118/1054/1303 1120/1056/1305 1119/1055/1304
f 1120/1056/1305 1121/1057/1306 1119/1055/1304
f 1119/1055/1304 1121/1057/1306 1105/1036/1290
f 1120/1056/1305 1122/1058/1307 1121/1057/1306
f 1122/1058/1307 1123/1086/1308 1121/1057/1306
f 1121/1057/1306 1123/1086/1308 1101/1079/1286
f 1123/1086/1308 1100/1078/1285 1101/1079/1286
f 1123/1086/1308 1124/1087/1309 1100/1078/1285
f 1124/1087/1309 1102/1080/1287 1100/1078/1285
f 1124/1087/1309 1125/1088/1310 1102/1080/1287
f 1125/1088/1310 1103/1081/1288 1102/1080/1287
f 1125/1088/1310 1126/1047/1311 1103/1081/1288
f 1126/1047/1311 1104/1082/1289 1103/1081/1288
f 1126/1047/1311 1106/1041/1291 1104/1082/1289
f 1106/1041/1291 1096/1030/1281 1104/1082/1289
f 1122/1058/1307 1127/1062/1312 1123/1086/1308
f 1127/1062/1312 1124/1087/1309 1123/1086/1308
f 1127/1062/1312 1128/1063/1313 1124/1087/1309
f 1128/1063/1313 1125/1088/1310 1124/1087/1309
f 1128/1063/1313 1129/1064/1314 1125/1088/1310
f 1129/1064/1314 1126/1047/1311 1125/1088/1310
f 1129/1064/1314 1114/1049/1299 1126/1047/1311
f 1114/1049/1299 1106/1041/1291 1126/1047/1311
f 1128/1063/1313 1127/1062/1312 1130/1065/1315
f 1129/1064/1314 1128/1063/1313 1130/1065/1315
f 1114/1049/1299 1129/1064/1314 1130/1065/1315
f 1113/1085/1298 1114/1049/1299 1130/1065/1315
f 1112/1050/1297 1113/1085/1298 1130/1065/1315
f 1115/1051/1300 1112/1050/1297 1130/1065/1315
f 1116/1052/1301 1115/1051/1300 1130/1065/1315
f 1117/1053/1302 1116/1052/1301 1130/1065/1315
f 1118/1054/1303 1117/1053/1302 1130/1065/1315
f 1120/1056/1305 1118/1054/1303 1130/1065/1315
f 1122/1058/1307 1120/1056/1305 1130/1065/1315
f 1127/1062/1312 1122/1058/1307 1130/1065/1315
f 1121/1057/1306 1101/1079/1286 1105/1036/1290
f 1131/1089/1316 1132/1090/378 1133/1091/1317
f 1134/1092/380 1133/1091/1317 1132/1090/378
f 1132/1090/378 1131/1089/1316 1135/1093/383
f 1133/1091/1317 1136/1094/1318 1131/1089/1316
f 1131/1089/1316 1136/1094/1318 1137/1095/1319
f 1138/1096/1320 1139/1097/384 1137/1095/1319
f 1140/1098/386 1137/1095/1319 1139/1097/384
f 1139/1097/384 1138/1096/1320 1141/1099/389
f 1142/1100/1321 1141/1099/389 1138/1096/1320
f 1135/1093/383 1137/1095/1319 1140/1098/386
f 1131/1089/1316 1137/1095/1319 1135/1093/383
f 1137/1095/1319 1136/1094/1318 1138/1096/1320
f 1138/1096/1320 1136/1094/1318 1142/1100/1321
f 1143/1101/1322 1136/1094/1318 1144/1102/1323
f 1144/1102/1323 1145/1103/394 1143/1101/1322
f 1146/1104/396 1143/1101/1322 1145/1103/394
f 1145/1103/394 1144/1102/1323 1147/1105/399
f 1148/1106/1324 1147/1105/399 1144/1102/1323
f 1144/1102/1323 1136/1094/1318 1148/1106/1324
f 1148/1106/1324 1149/1107/392 1147/1105/399
f 1150/1108/400 1143/1101/1322 1146/1104/396
f 1150/1108/400 1136/1094/1318 1143/1101/1322
f 1141/1099/389 1142/1100/1321 1150/1108/400
f 1149/1107/392 1148/1106/1324 1151/1109/1325
f 1148/1106/1324 1136/1094/1318 1151/1109/1325
f 1133/1091/1317 1134/1092/380 1151/1109/1325
f 1152/1110/390 1151/1109/1325 1134/1092/380
f 1151/1109/1325 1136/1094/1318 1133/1091/1317
f 1149/1107/392 1151/1109/1325 1152/1110/390
f 1142/1100/1321 1136/1094/1318 1150/1108/400
f 1153/1111/1326 1154/1112/1327 1155/1113/1328
f 1156/1114/1329 1155/1113/1328 1154/1112/1327
f 1154/1112/1327 1153/1111/1326 1157/1115/1330
f 1158/1116/1331 1157/1115/1330 1153/1111/1326
f 1159/1117/1332 1156/1114/1329 1154/1112/1327
f 1154/1112/1327 1160/1118/1333 1159/1117/1332
f 1160/1118/1333 1154/1112/1327 1161/1119/1334
f 1157/1115/1330 1161/1119/1334 1154/1112/1327
f 1162/1120/1335 1163/1121/1336 1159/1117/1332
f 1156/1114/1329 1159/1117/1332 1163/1121/1336
f 1163/1121/1336 1162/1120/1335 1164/1122/1337
f 1164/1122/1337 1165/1123/1338 1163/1121/1336
f 1166/1124/1339 1163/1121/1336 1165/1123/1338
f 1166/1124/1339 1155/1113/1328 1163/1121/1336
f 1167/1125/1340 1164/1122/1337 1162/1120/1335
f 1156/1114/1329 1163/1121/1336 1155/1113/1328
f 1168/1126/1341 1169/1127/1342 1170/1128/1331
f 1171/1129/1330 1170/1128/1331 1169/1127/1342
f 1169/1127/1342 1168/1126/1341 1172/1130/1343
f 1172/1130/1343 1173/1131/1344 1169/1127/1342
f 1173/1131/1344 1172/1130/1343 1174/1132/1337
f 1175/1133/1338 1174/1132/1337 1172/1130/1343
f 1169/1127/1342 1176/1134/1345 1171/1129/1330
f 1176/1134/1345 1169/1127/1342 1173/1131/1344
f 1177/1135/1334 1171/1129/1330 1176/1134/1345
f 1173/1131/1344 1178/1136/1346 1176/1134/1345
f 1178/1136/1346 1173/1131/1344 1179/1137/1340
f 1174/1132/1337 1179/1137/1340 1173/1131/1344
f 1180/1138/1347 1159/1117/1348 1181/1139/1349
f 1160/1118/1350 1181/1139/1349 1159/1117/1348
f 1181/1139/1349 1160/1118/1350 1182/1140/1351
f 1161/1119/1352 1182/1140/1351 1160/1118/1350
f 1181/1139/1349 1183/1141/1353 1180/1138/1347
f 1183/1141/1353 1181/1139/1349 1182/1140/1351
f 1182/1140/1351 1184/1142/1354 1183/1141/1353
f 1159/1117/1348 1180/1138/1347 1162/1120/1355
f 1185/1143/1356 1162/1120/1355 1180/1138/1347
f 1162/1120/1355 1185/1143/1356 1167/1125/1357
f 1186/1144/1358 1167/1125/1357 1185/1143/1356
f 1186/1144/1358 1185/1143/1356 1187/1145/1359
f 1188/1146/1360 1180/1138/1347 1183/1141/1353
f 1180/1138/1347 1188/1146/1360 1189/1147/1361
f 1189/1147/1361 1190/1148/1362 1180/1138/1347
f 1183/1141/1353 1191/1149/1363 1188/1146/1364
f 1192/1150/1365 1188/1146/1364 1191/1149/1363
f 1191/1149/1363 1183/1141/1353 1184/1142/1354
f 1192/1150/1365 1189/1147/1366 1188/1146/1364
f 1191/1149/1363 1193/1151/1367 1192/1150/1365
f 1194/1152/1368 1192/1150/1365 1193/1151/1367
f 1192/1150/1365 1194/1152/1368 1189/1147/1366
f 1193/1151/1367 1191/1149/1363 1195/1153/1369
f 1196/1154/1370 1189/1147/1366 1194/1152/1368
f 1193/1151/1367 1197/1155/1371 1194/1152/1368
f 1198/1156/1372 1194/1152/1368 1197/1155/1371
f 1194/1152/1368 1198/1156/1372 1196/1154/1370
f 1197/1155/1371 1193/1151/1367 1199/1157/1373
f 1195/1153/1369 1199/1157/1373 1193/1151/1367
f 1200/1158/1374 1196/1154/1370 1198/1156/1372
f 1184/1142/1354 1201/1159/1375 1191/1149/1363
f 1201/1159/1375 1195/1153/1369 1191/1149/1363
f 1202/1160/1376 1184/1142/1354 1182/1140/1351
f 1203/1161/1351 1177/1135/1352 1176/1134/1377
f 1176/1134/1377 1204/1162/1378 1203/1161/1351
f 1204/1162/1378 1176/1134/1377 1205/1163/1379
f 1178/1136/1380 1205/1163/1379 1176/1134/1377
f 1205/1163/1379 1178/1136/1380 1206/1164/1358
f 1179/1137/1357 1206/1164/1358 1178/1136/1380
f 1204/1162/1378 1207/1165/1381 1203/1161/1351
f 1203/1161/1351 1207/1165/1381 1208/1166/1376
f 1209/1167/1382 1207/1165/1381 1204/1162/1378
f 1205/1163/1379 1209/1167/1382 1204/1162/1378
f 1206/1164/1358 1210/1168/1359 1205/1163/1379
f 1209/1167/1382 1211/1169/1383 1207/1165/1381
f 1212/1170/1384 1207/1165/1381 1211/1169/1383
f 1211/1169/1383 1209/1167/1382 1213/1171/1385
f 1205/1163/1379 1213/1171/1385 1209/1167/1382
f 1213/1171/1385 1205/1163/1379 1214/1172/1386
f 1210/1168/1359 1214/1172/1386 1205/1163/1379
f 1207/1165/1381 1212/1170/1384 1215/1173/1387
f 1215/1173/1387 1216/1174/1375 1208/1166/1376
f 1217/1175/1354 1208/1166/1376 1216/1174/1375
f 1207/1165/1381 1215/1173/1387 1208/1166/1376
f 1215/1173/1387 1218/1176/1388 1216/1174/1375
f 1219/1177/1369 1216/1174/1375 1218/1176/1388
f 1218/1176/1388 1215/1173/1387 1212/1170/1389
f 1211/1169/1383 1220/1178/1390 1212/1170/1384
f 1221/1179/1391 1212/1170/1384 1220/1178/1390
f 1220/1178/1390 1211/1169/1383 1222/1180/1392
f 1213/1171/1385 1222/1180/1392 1211/1169/1383
f 1222/1180/1392 1213/1171/1385 1223/1181/1393
f 1214/1172/1386 1223/1181/1393 1213/1171/1385
f 1212/1170/1389 1221/1179/1394 1218/1176/1388
f 1224/1182/1395 1218/1176/1388 1221/1179/1394
f 1218/1176/1388 1224/1182/1395 1219/1177/1369
f 1225/1183/1373 1219/1177/1369 1224/1182/1395
f 1185/1143/1356 1180/1138/1347 1190/1148/1362
f 1190/1148/1362 1187/1145/1359 1185/1143/1356
f 1226/1184/1396 1190/1148/1362 1189/1147/1361
f 1189/1147/1361 1196/1154/1397 1226/1184/1396
f 1196/1154/1397 1200/1158/1398 1226/1184/1396
f 1227/1185/1399 1226/1184/1396 1200/1158/1398
f 1226/1184/1396 1227/1185/1399 1228/1186/1386
f 1228/1186/1386 1187/1145/1359 1226/1184/1396
f 1190/1148/1362 1226/1184/1396 1187/1145/1359
f 1229/1187/1393 1228/1186/1386 1227/1185/1399
f 1230/1188/1400 1198/1156/1401 1231/1189/1402
f 1197/1155/1403 1231/1189/1402 1198/1156/1401
f 1231/1189/1402 1197/1155/1403 1232/1190/1404
f 1199/1157/1405 1232/1190/1404 1197/1155/1403
f 1198/1156/1401 1230/1188/1400 1200/1158/1406
f 1233/1191/1407 1200/1158/1406 1230/1188/1400
f 1200/1158/1406 1233/1191/1407 1227/1185/1408
f 1234/1192/1409 1227/1185/1408 1233/1191/1407
f 1227/1185/1408 1234/1192/1409 1229/1187/1410
f 1235/1193/1411 1229/1187/1410 1234/1192/1409
f 1236/1194/1404 1225/1183/1405 1237/1195/1412
f 1224/1182/1413 1237/1195/1412 1225/1183/1405
f 1237/1195/1412 1224/1182/1413 1238/1196/1414
f 1221/1179/1415 1238/1196/1414 1224/1182/1413
f 1238/1196/1414 1221/1179/1415 1239/1197/1416
f 1220/1178/1417 1239/1197/1416 1221/1179/1415
f 1239/1197/1416 1220/1178/1417 1240/1198/1418
f 1222/1180/1419 1240/1198/1418 1220/1178/1417
f 1240/1198/1418 1222/1180/1419 1241/1199/1411
f 1223/1181/1410 1241/1199/1411 1222/1180/1419
f 1242/1200/1420 1243/1201/1421 1244/1202/1422
f 1245/1203/1423 1244/1202/1422 1243/1201/1421
f 1244/1202/1422 1245/1203/1423 1246/1204/1424
f 1247/1205/1425 1246/1204/1424 1245/1203/1423
f 1243/1201/1421 1242/1200/1420 1248/1206/1426
f 1249/1207/1427 1248/1206/1426 1242/1200/1420
f 1248/1206/1426 1249/1207/1427 1250/1208/1428
f 1251/1209/1429 1250/1208/1428 1249/1207/1427
f 1250/1208/1428 1251/1209/1429 1252/1210/1430
f 1253/1211/1431 1252/1210/1430 1251/1209/1429
f 1244/1202/1422 1254/1212/1432 1242/1200/1420
f 1255/1213/1433 1242/1200/1420 1254/1212/1432
f 1242/1200/1420 1255/1213/1433 1249/1207/1427
f 1254/1212/1432 1244/1202/1422 1256/1214/1434
f 1246/1204/1424 1256/1214/1434 1244/1202/1422
f 1257/1215/1435 1249/1207/1427 1255/1213/1433
f 1249/1207/1427 1257/1215/1435 1251/1209/1429
f 1258/1216/1436 1251/1209/1429 1257/1215/1435
f 1251/1209/1429 1258/1216/1436 1253/1211/1431
f 1259/1217/1437 1253/1211/1431 1258/1216/1436
f 1254/1212/1432 1260/1218/1438 1255/1213/1433
f 1261/1219/1439 1255/1213/1433 1260/1218/1438
f 1255/1213/1433 1261/1219/1439 1257/1215/1435
f 1260/1218/1438 1254/1212/1432 1262/1220/1440
f 1256/1214/1434 1262/1220/1440 1254/1212/1432
f 1263/1221/1441 1257/1215/1435 1261/1219/1439
f 1257/1215/1435 1263/1221/1441 1258/1216/1436
f 1264/1222/1442 1258/1216/1436 1263/1221/1441
f 1265/1223/1443 1259/1217/1437 1258/1216/1436
f 1258/1216/1436 1264/1222/1442 1265/1223/1443
f 1261/1219/1439 1266/1224/1444 1263/1221/1441
f 1267/1225/1445 1263/1221/1441 1266/1224/1444
f 1263/1221/1441 1267/1225/1445 1264/1222/1442
f 1268/1226/1446 1264/1222/1442 1267/1225/1445
f 1264/1222/1442 1268/1226/1446 1265/1223/1443
f 1269/1227/1447 1265/1223/1443 1268/1226/1446
f 1266/1224/1444 1270/1228/1448 1267/1225/1445
f 1271/1229/1449 1267/1225/1445 1270/1228/1448
f 1267/1225/1445 1271/1229/1449 1268/1226/1446
f 1272/1230/1450 1268/1226/1446 1271/1229/1449
f 1268/1226/1446 1272/1230/1450 1269/1227/1447
f 1273/1231/1451 1269/1227/1447 1272/1230/1450
f 1274/1232/1452 1266/1224/1444 1261/1219/1439
f 1261/1219/1439 1260/1218/1438 1274/1232/1452
f 1266/1224/1444 1274/1232/1452 1270/1228/1448
f 1275/1233/1453 1270/1228/1448 1274/1232/1452
f 1276/1234/1454 1274/1232/1452 1260/1218/1438
f 1274/1232/1452 1276/1234/1454 1275/1233/1453
f 1260/1218/1438 1262/1220/1440 1276/1234/1454
f 1277/1235/1455 1275/1233/1453 1276/1234/1454
f 1270/1228/1448 1278/1236/1456 1271/1229/1449
f 1275/1233/1453 1278/1236/1456 1270/1228/1448
f 1277/1235/1455 1278/1236/1456 1275/1233/1453
f 1279/1237/1457 1271/1229/1449 1278/1236/1456
f 1271/1229/1449 1279/1237/1457 1272/1230/1450
f 1280/1238/1458 1272/1230/1450 1279/1237/1457
f 1272/1230/1450 1280/1238/1458 1273/1231/1451
f 1281/1239/1459 1273/1231/1451 1280/1238/1458
f 1282/1240/1460 1279/1237/1457 1278/1236/1456
f 1279/1237/1457 1282/1240/1460 1280/1238/1458
f 1278/1236/1456 1283/1241/1461 1282/1240/1460
f 1283/1241/1461 1278/1236/1456 1277/1235/1455
f 1284/1242/1462 1280/1238/1458 1282/1240/1460
f 1280/1238/1458 1284/1242/1462 1281/1239/1459
f 1285/1243/1463 1281/1239/1459 1284/1242/1462
f 1286/1244/1464 1283/1241/1461 1277/1235/1455
f 1283/1241/1461 1287/1245/1465 1282/1240/1460
f 1288/1246/1466 1282/1240/1460 1287/1245/1465
f 1282/1240/1460 1288/1246/1466 1284/1242/1462
f 1289/1247/1467 1284/1242/1462 1288/1246/1466
f 1284/1242/1462 1289/1247/1467 1285/1243/1463
f 1290/1248/1468 1285/1243/1463 1289/1247/1467
f 1287/1245/1465 1283/1241/1461 1291/1249/1469
f 1286/1244/1464 1291/1249/1469 1283/1241/1461
f 1287/1245/1465 1292/1250/1470 1288/1246/1466
f 1293/1251/1471 1288/1246/1466 1292/1250/1470
f 1288/1246/1466 1293/1251/1471 1289/1247/1467
f 1294/1252/1472 1289/1247/1467 1293/1251/1471
f 1289/1247/1467 1294/1252/1472 1290/1248/1468
f 1295/1253/1473 1290/1248/1468 1294/1252/1472
f 1292/1250/1470 1287/1245/1465 1296/1254/1474
f 1291/1249/1469 1296/1254/1474 1287/1245/1465
f 1297/1255/1424 1298/1256/1425 1299/1257/1475
f 1300/1258/1476 1299/1257/1475 1298/1256/1425
f 1299/1257/1475 1300/1258/1476 1301/1259/1477
f 1302/1260/1478 1301/1259/1477 1300/1258/1476
f 1301/1259/1477 1302/1260/1478 1303/1261/1479
f 1304/1262/1480 1303/1261/1479 1302/1260/1478
f 1303/1261/1479 1304/1262/1480 1305/1263/1481
f 1306/1264/1482 1305/1263/1481 1304/1262/1480
f 1305/1263/1481 1306/1264/1482 1307/1265/1431
f 1308/1266/1430 1307/1265/1431 1306/1264/1482
f 1299/1257/1475 1309/1267/1483 1297/1255/1424
f 1310/1268/1434 1297/1255/1424 1309/1267/1483
f 1303/1261/1479 1311/1269/1484 1301/1259/1477
f 1312/1270/1485 1301/1259/1477 1311/1269/1484
f 1309/1267/1483 1299/1257/1475 1312/1270/1485
f 1301/1259/1477 1312/1270/1485 1299/1257/1475
f 1311/1269/1484 1303/1261/1479 1313/1271/1486
f 1305/1263/1481 1313/1271/1486 1303/1261/1479
f 1313/1271/1486 1305/1263/1481 1314/1272/1437
f 1307/1265/1431 1314/1272/1437 1305/1263/1481
f 1309/1267/1483 1315/1273/1487 1310/1268/1434
f 1316/1274/1440 1310/1268/1434 1315/1273/1487
f 1311/1269/1484 1317/1275/1488 1312/1270/1485
f 1318/1276/1489 1312/1270/1485 1317/1275/1488
f 1315/1273/1487 1309/1267/1483 1318/1276/1489
f 1312/1270/1485 1318/1276/1489 1309/1267/1483
f 1317/1275/1488 1311/1269/1484 1319/1277/1490
f 1313/1271/1486 1319/1277/1490 1311/1269/1484
f 1319/1277/1490 1313/1271/1486 1314/1272/1437
f 1314/1272/1437 1320/1278/1443 1319/1277/1490
f 1317/1275/1488 1321/1279/1491 1318/1276/1489
f 1322/1280/1492 1318/1276/1489 1321/1279/1491
f 1321/1279/1491 1317/1275/1488 1323/1281/1493
f 1319/1277/1490 1323/1281/1493 1317/1275/1488
f 1320/1278/1443 1323/1281/1493 1319/1277/1490
f 1324/1282/1494 1315/1273/1487 1318/1276/1489
f 1318/1276/1489 1322/1280/1492 1324/1282/1494
f 1315/1273/1487 1324/1282/1494 1325/1283/1454
f 1315/1273/1487 1325/1283/1454 1316/1274/1440
f 1326/1284/1447 1323/1281/1493 1320/1278/1443
f 1327/1285/1451 1323/1281/1493 1326/1284/1447
f 1327/1285/1451 1321/1279/1491 1323/1281/1493
f 1321/1279/1491 1328/1286/1495 1322/1280/1492
f 1329/1287/1496 1322/1280/1492 1328/1286/1495
f 1322/1280/1492 1329/1287/1496 1324/1282/1494
f 1330/1288/1464 1324/1282/1494 1329/1287/1496
f 1330/1288/1464 1331/1289/1455 1324/1282/1494
f 1324/1282/1494 1331/1289/1455 1325/1283/1454
f 1327/1285/1451 1332/1290/1459 1321/1279/1491
f 1332/1290/1459 1328/1286/1495 1321/1279/1491
f 1332/1290/1459 1333/1291/1463 1328/1286/1495
f 1328/1286/1495 1334/1292/1497 1329/1287/1496
f 1335/1293/1498 1329/1287/1496 1334/1292/1497
f 1329/1287/1496 1335/1293/1498 1330/1288/1464
f 1336/1294/1469 1330/1288/1464 1335/1293/1498
f 1334/1292/1497 1328/1286/1495 1337/1295/1468
f 1333/1291/1463 1337/1295/1468 1328/1286/1495
f 1334/1292/1497 1338/1296/1499 1335/1293/1498
f 1339/1297/1500 1335/1293/1498 1338/1296/1499
f 1335/1293/1498 1339/1297/1500 1336/1294/1469
f 1340/1298/1474 1336/1294/1469 1339/1297/1500
f 1338/1296/1499 1334/1292/1497 1341/1299/1473
f 1337/1295/1468 1341/1299/1473 1334/1292/1497
f 1342/1300/1501 1343/1301/1502 1344/1302/1503
f 1345/1303/1504 1342/1300/1501 1344/1302/1503
f 1345/1303/1504 1344/1302/1503 1346/1304/1505
f 1346/1304/1505 1344/1302/1503 1347/1305/1506
f 1347/1305/1506 1348/1306/1507 1346/1304/1505
f 1349/1307/1508 1345/1303/1504 1346/1304/1505
f 1350/1308/1509 1345/1303/1504 1349/1307/1508
f 1351/1309/1510 1350/1308/1509 1349/1307/1508
f 1352/1310/1511 1350/1308/1509 1351/1309/1510
f 1350/1308/1509 1352/1310/1511 1353/1311/1512
f 1353/1311/1512 1354/1312/1513 1350/1308/1509
f 1350/1308/1509 1354/1312/1513 1345/1303/1504
f 1354/1312/1513 1342/1300/1501 1345/1303/1504
f 1355/1313/1514 1353/1311/1512 1352/1310/1511
f 1352/1310/1511 1356/1314/1515 1355/1313/1514
f 1356/1314/1515 1352/1310/1511 1357/1315/1516
f 1351/1309/1510 1357/1315/1516 1352/1310/1511
f 1357/1315/1516 1358/1316/1517 1356/1314/1515
f 1359/1317/1518 1355/1313/1514 1356/1314/1515
f 1360/1318/1519 1355/1313/1514 1359/1317/1518
f 1360/1318/1519 1359/1317/1518 1361/1319/1520
f 1358/1316/1517 1361/1319/1520 1359/1317/1518
f 1361/1319/1520 1362/1320/1521 1360/1318/1519
f 1362/1320/1521 1363/1321/1522 1360/1318/1519
f 1361/1319/1520 1364/1322/1523 1362/1320/1521
f 1365/1323/1524 1363/1321/1522 1362/1320/1521
f 1365/1323/1524 1366/1324/1525 1363/1321/1522
f 1359/1317/1518 1356/1314/1515 1358/1316/1517
f 1365/1323/1524 1367/1325/1526 1366/1324/1525
f 1365/1323/1524 1368/1326/1527 1367/1325/1526
f 1368/1326/1527 1365/1323/1524 1362/1320/1521
f 1368/1326/1527 1362/1320/1521 1369/1327/1528
f 1369/1327/1528 1362/1320/1521 1364/1322/1523
f 1370/1328/1529 1368/1326/1527 1369/1327/1528
f 1370/1328/1529 1369/1327/1528 1364/1322/1523
f 1370/1328/1529 1371/1329/1530 1368/1326/1527
f 1367/1325/1526 1368/1326/1527 1371/1329/1530
f 1370/1328/1529 1372/1330/1531 1371/1329/1530
f 1373/1331/1532 1372/1330/1531 1370/1328/1529
f 1373/1331/1532 1374/1332/1533 1372/1330/1531
f 1375/1333/1534 1374/1332/1533 1373/1331/1532
f 1376/1334/1535 1374/1332/1533 1375/1333/1534
f 1375/1333/1534 1377/1335/1536 1376/1334/1535
f 1377/1335/1536 1378/1336/1537 1376/1334/1535
f 1379/1337/1538 1376/1334/1535 1378/1336/1537
f 1380/1338/1539 1379/1337/1538 1378/1336/1537
f 1381/1339/1540 1379/1337/1538 1380/1338/1539
f 1379/1337/1538 1381/1339/1540 1382/1340/1541
f 1383/1341/1542 1382/1340/1541 1381/1339/1540
f 1384/1342/1543 1383/1341/1542 1381/1339/1540
f 1384/1342/1543 1381/1339/1540 1380/1338/1539
f 1384/1342/1543 1385/1343/1544 1383/1341/1542
f 1386/1344/1545 1383/1341/1542 1385/1343/1544
f 1382/1340/1541 1383/1341/1542 1386/1344/1545
f 1379/1337/1538 1382/1340/1541 1387/1345/1546
f 1376/1334/1535 1379/1337/1538 1387/1345/1546
f 1388/1346/1547 1376/1334/1535 1387/1345/1546
f 1388/1346/1547 1374/1332/1533 1376/1334/1535
f 1389/1347/1548 1388/1346/1547 1387/1345/1546
f 1389/1347/1548 1372/1330/1531 1388/1346/1547
f 1390/1348/1549 1372/1330/1531 1389/1347/1548
f 1391/1349/1550 1386/1344/1545 1385/1343/1544
f 1389/1347/1548 1392/1350/1551 1390/1348/1549
f 1392/1350/1551 1386/1344/1545 1391/1349/1550
f 1392/1350/1551 1382/1340/1541 1386/1344/1545
f 1392/1350/1551 1393/1351/1552 1390/1348/1549
f 1392/1350/1551 1391/1349/1550 1393/1351/1552
f 1389/1347/1548 1394/1352/1553 1392/1350/1551
f 1394/1352/1553 1382/1340/1541 1392/1350/1551
f 1389/1347/1548 1387/1345/1546 1394/1352/1553
f 1387/1345/1546 1382/1340/1541 1394/1352/1553
f 1395/1353/1554 1391/1349/1550 1385/1343/1544
f 1393/1351/1552 1391/1349/1550 1395/1353/1554
f 1347/1305/1506 1393/1351/1552 1395/1353/1554
f 1390/1348/1549 1393/1351/1552 1347/1305/1506
f 1388/1346/1547 1372/1330/1531 1374/1332/1533
f 1390/1348/1549 1371/1329/1530 1372/1330/1531
f 1347/1305/1506 1344/1302/1503 1390/1348/1549
f 1390/1348/1549 1344/1302/1503 1343/1301/1502
f 1343/1301/1502 1367/1325/1526 1390/1348/1549
f 1390/1348/1549 1367/1325/1526 1371/1329/1530
f 1366/1324/1525 1367/1325/1526 1343/1301/1502
f 1343/1301/1502 1342/1300/1501 1366/1324/1525
f 1347/1305/1506 1395/1353/1554 1348/1306/1507
f 1396/1354/1555 1397/1355/1556 1398/1356/1557
f 1399/1357/1558 1398/1356/1557 1397/1355/1556
f 1400/1358/1559 1398/1356/1557 1399/1357/1558
f 1399/1357/1558 1401/1359/1560 1400/1358/1559
f 1400/1358/1559 1401/1359/1560 1402/1360/1561
f 1403/1361/1562 1402/1360/1561 1401/1359/1560
f 1402/1360/1561 1403/1361/1562 1404/1362/1563
f 1397/1355/1556 1396/1354/1555 1405/1363/1564
f 1406/1364/1565 1405/1363/1564 1396/1354/1555
f 1407/1365/1566 1405/1363/1564 1406/1364/1565
f 1406/1364/1565 1408/1366/1567 1407/1365/1566
f 1408/1366/1567 1409/1367/1568 1407/1365/1566
f 1408/1366/1567 1410/1368/1569 1409/1367/1568
f 1411/1369/1570 1412/1370/1571 1413/1371/1572
f 1413/1371/1572 1412/1370/1571 1414/1372/1573
f 1413/1371/1572 1415/1373/1574 1411/1369/1570
f 1416/1374/1575 1414/1372/1573 1417/1375/1576
f 1411/1369/1570 1415/1373/1574 1418/1376/1577
f 1419/1377/1578 1418/1376/1577 1415/1373/1574
f 1418/1376/1577 1419/1377/1578 1420/1378/1579
f 1421/1379/1580 1420/1378/1579 1419/1377/1578
f 1422/1380/1581 1420/1378/1579 1421/1379/1580
f 1421/1379/1580 1423/1381/1582 1422/1380/1581
f 1417/1375/1576 1424/1382/1583 1416/1374/1575
f 1417/1375/1576 1414/1372/1573 1412/1370/1571
f 1422/1380/1581 1423/1381/1582 1425/1383/1584
f 1403/1361/1562 1425/1383/1584 1423/1381/1582
f 1404/1362/1563 1403/1361/1562 1423/1381/1582
f 1409/1367/1568 1410/1368/1569 1426/1384/1585
f 1427/1385/1586 1426/1384/1585 1410/1368/1569
f 1428/1386/1587 1426/1384/1585 1427/1385/1586
f 1427/1385/1586 1429/1387/1588 1428/1386/1587
f 1428/1386/1587 1429/1387/1588 1424/1382/1583
f 1416/1374/1575 1424/1382/1583 1429/1387/1588
f 1396/1354/1589 1398/1356/1590 1430/1388/1591
f 1430/1388/1591 1431/1389/1592 1396/1354/1589
f 1432/1390/1593 1396/1354/1589 1431/1389/1592
f 1400/1358/1594 1430/1388/1591 1398/1356/1590
f 1433/1391/1595 1430/1388/1591 1400/1358/1594
f 1406/1364/1596 1396/1354/1589 1432/1390/1593
f 1432/1390/1593 1434/1392/1597 1406/1364/1596
f 1434/1392/1597 1408/1366/1598 1406/1364/1596
f 1434/1392/1597 1435/1393/1599 1408/1366/1598
f 1408/1366/1598 1435/1393/1599 1410/1368/1600
f 1427/1385/1601 1410/1368/1600 1435/1393/1599
f 1435/1393/1599 1436/1394/1602 1427/1385/1601
f 1429/1387/1603 1427/1385/1601 1436/1394/1602
f 1436/1394/1602 1437/1395/1604 1429/1387/1603
f 1416/1374/1605 1429/1387/1603 1437/1395/1604
f 1416/1374/1605 1437/1395/1604 1438/1396/1606
f 1438/1396/1606 1437/1395/1604 1439/1397/1607
f 1438/1396/1606 1440/1398/1608 1416/1374/1605
f 1416/1374/1605 1440/1398/1608 1414/1372/1609
f 1413/1371/1610 1414/1372/1609 1441/1399/1611
f 1440/1398/1608 1441/1399/1611 1414/1372/1609
f 1441/1399/1611 1442/1400/1612 1413/1371/1610
f 1413/1371/1610 1442/1400/1612 1415/1373/1613
f 1442/1400/1612 1443/1401/1614 1415/1373/1613
f 1419/1377/1615 1415/1373/1613 1443/1401/1614
f 1441/1399/1611 1444/1402/1616 1442/1400/1612
f 1421/1379/1617 1419/1377/1615 1443/1401/1614
f 1443/1401/1614 1445/1403/1618 1421/1379/1617
f 1423/1381/1619 1421/1379/1617 1445/1403/1618
f 1445/1403/1618 1446/1404/1620 1423/1381/1619
f 1404/1362/1621 1423/1381/1619 1446/1404/1620
f 1446/1404/1620 1447/1405/1622 1404/1362/1621
f 1402/1360/1623 1404/1362/1621 1447/1405/1622
f 1447/1405/1622 1448/1406/1624 1402/1360/1623
f 1433/1391/1595 1402/1360/1623 1448/1406/1624
f 1400/1358/1594 1402/1360/1623 1433/1391/1595
f 1431/1389/1625 1447/1405/1626 1446/1404/1627
f 1431/1389/1625 1430/1388/1628 1447/1405/1626
f 1430/1388/1628 1448/1406/1629 1447/1405/1626
f 1433/1391/1630 1448/1406/1629 1430/1388/1628
f 1432/1390/1631 1431/1389/1625 1446/1404/1627
f 1432/1390/1631 1446/1404/1627 1445/1403/1632
f 1443/1401/1633 1432/1390/1631 1445/1403/1632
f 1443/1401/1633 1434/1392/1634 1432/1390/1631
f 1443/1401/1633 1435/1393/1635 1434/1392/1634
f 1444/1402/1636 1439/1397/1637 1442/1400/1638
f 1439/1397/1637 1437/1395/1639 1442/1400/1638
f 1436/1394/1640 1435/1393/1635 1443/1401/1633
f 1442/1400/1641 1436/1394/1640 1443/1401/1633
f 1442/1400/1641 1437/1395/1642 1436/1394/1640
f 1438/1396/1643 1439/1397/1644 1441/1399/1645
f 1441/1399/1645 1439/1397/1644 1444/1402/1646
f 1440/1398/1647 1438/1396/1643 1441/1399/1645
f 1366/1324/1648 1360/1318/1649 1363/1321/1650
f 1366/1324/1648 1342/1300/1651 1360/1318/1649
f 1342/1300/1651 1355/1313/1652 1360/1318/1649
f 1342/1300/1651 1354/1312/1653 1355/1313/1652
f 1354/1312/1653 1353/1311/1654 1355/1313/1652
f 1449/1302/1655 1450/1301/1656 1451/1300/1657
f 1449/1302/1655 1451/1300/1657 1452/1303/1658
f 1453/1304/1659 1449/1302/1655 1452/1303/1658
f 1454/1305/1660 1449/1302/1655 1453/1304/1659
f 1453/1304/1659 1455/1306/1661 1454/1305/1660
f 1453/1304/1659 1452/1303/1658 1456/1307/1662
f 1456/1307/1662 1452/1303/1658 1457/1308/1663
f 1456/1307/1662 1457/1308/1663 1458/1309/1664
f 1458/1309/1664 1457/1308/1663 1459/1310/1665
f 1460/1311/1666 1459/1310/1665 1457/1308/1663
f 1457/1308/1663 1461/1312/1667 1460/1311/1666
f 1452/1303/1658 1461/1312/1667 1457/1308/1663
f 1452/1303/1658 1451/1300/1657 1461/1312/1667
f 1459/1310/1665 1460/1311/1666 1462/1313/1668
f 1462/1313/1668 1463/1314/1669 1459/1310/1665
f 1464/1315/1670 1459/1310/1665 1463/1314/1669
f 1459/1310/1665 1464/1315/1670 1458/1309/1664
f 1463/1314/1669 1465/1316/1671 1464/1315/1670
f 1463/1314/1669 1462/1313/1668 1466/1317/1672
f 1466/1317/1672 1462/1313/1668 1467/1318/1673
f 1468/1319/1674 1466/1317/1672 1467/1318/1673
f 1466/1317/1672 1468/1319/1674 1465/1316/1671
f 1467/1318/1673 1469/1320/1675 1468/1319/1674
f 1467/1318/1673 1470/1321/1676 1469/1320/1675
f 1469/1320/1675 1471/1322/1677 1468/1319/1674
f 1469/1320/1675 1470/1321/1676 1472/1323/1678
f 1470/1321/1676 1473/1324/1679 1472/1323/1678
f 1465/1316/1671 1463/1314/1669 1466/1317/1672
f 1473/1324/1679 1474/1325/1680 1472/1323/1678
f 1474/1325/1680 1475/1326/1681 1472/1323/1678
f 1469/1320/1675 1472/1323/1678 1475/1326/1681
f 1476/1327/1682 1469/1320/1675 1475/1326/1681
f 1471/1322/1677 1469/1320/1675 1476/1327/1682
f 1476/1327/1682 1475/1326/1681 1477/1328/1683
f 1471/1322/1677 1476/1327/1682 1477/1328/1683
f 1475/1326/1681 1478/1329/1684 1477/1328/1683
f 1478/1329/1684 1475/1326/1681 1474/1325/1680
f 1478/1329/1684 1479/1330/1685 1477/1328/1683
f 1477/1328/1683 1479/1330/1685 1480/1331/1686
f 1479/1330/1685 1481/1332/1687 1480/1331/1686
f 1480/1331/1686 1481/1332/1687 1482/1333/1688
f 1482/1333/1688 1481/1332/1687 1483/1334/1689
f 1483/1334/1689 1484/1335/1690 1482/1333/1688
f 1483/1334/1689 1485/1336/1691 1484/1335/1690
f 1485/1336/1691 1483/1334/1689 1486/1337/1692
f 1485/1336/1691 1486/1337/1692 1487/1338/1693
f 1487/1338/1693 1486/1337/1692 1488/1339/1694
f 1489/1340/1695 1488/1339/1694 1486/1337/1692
f 1488/1339/1694 1489/1340/1695 1490/1341/1696
f 1488/1339/1694 1490/1341/1696 1491/1342/1697
f 1487/1338/1693 1488/1339/1694 1491/1342/1697
f 1490/1341/1696 1492/1343/1698 1491/1342/1697
f 1492/1343/1698 1490/1341/1696 1493/1344/1699
f 1493/1344/1699 1490/1341/1696 1489/1340/1695
f 1494/1345/1700 1489/1340/1695 1486/1337/1692
f 1494/1345/1700 1486/1337/1692 1483/1334/1689
f 1494/1345/1700 1483/1334/1689 1495/1346/1701
f 1483/1334/1689 1481/1332/1687 1495/1346/1701
f 1494/1345/1700 1495/1346/1701 1496/1347/1702
f 1495/1346/1701 1479/1330/1685 1496/1347/1702
f 1496/1347/1702 1479/1330/1685 1497/1348/1703
f 1492/1343/1698 1493/1344/1699 1498/1349/1704
f 1497/1348/1703 1499/1350/1705 1496/1347/1702
f 1498/1349/1704 1493/1344/1699 1499/1350/1705
f 1493/1344/1699 1489/1340/1695 1499/1350/1705
f 1497/1348/1703 1500/1351/1706 1499/1350/1705
f 1500/1351/1706 1498/1349/1704 1499/1350/1705
f 1499/1350/1705 1501/1352/1707 1496/1347/1702
f 1499/1350/1705 1489/1340/1695 1501/1352/1707
f 1501/1352/1707 1494/1345/1700 1496/1347/1702
f 1501/1352/1707 1489/1340/1695 1494/1345/1700
f 1492/1343/1698 1498/1349/1704 1502/1353/1708
f 1502/1353/1708 1498/1349/1704 1500/1351/1706
f 1502/1353/1708 1500/1351/1706 1454/1305/1660
f 1454/1305/1660 1500/1351/1706 1497/1348/1703
f 1481/1332/1687 1479/1330/1685 1495/1346/1701
f 1479/1330/1685 1478/1329/1684 1497/1348/1703
f 1497/1348/1703 1449/1302/1655 1454/1305/1660
f 1450/1301/1656 1449/1302/1655 1497/1348/1703
f 1497/1348/1703 1474/1325/1680 1450/1301/1656
f 1478/1329/1684 1474/1325/1680 1497/1348/1703
f 1450/1301/1656 1474/1325/1680 1473/1324/1679
f 1473/1324/1679 1451/1300/1657 1450/1301/1656
f 1455/1306/1661 1502/1353/1708 1454/1305/1660
f 1503/1356/1709 1504/1355/1710 1505/1354/1711
f 1504/1355/1710 1503/1356/1709 1506/1357/1712
f 1506/1357/1712 1503/1356/1709 1507/1358/1713
f 1507/1358/1713 1508/1359/1714 1506/1357/1712
f 1509/1360/1715 1508/1359/1714 1507/1358/1713
f 1508/1359/1714 1509/1360/1715 1510/1361/1716
f 1511/1362/1717 1510/1361/1716 1509/1360/1715
f 1512/1363/1718 1505/1354/1711 1504/1355/1710
f 1505/1354/1711 1512/1363/1718 1513/1364/1719
f 1513/1364/1719 1512/1363/1718 1514/1365/1720
f 1514/1365/1720 1515/1366/1721 1513/1364/1719
f 1514/1365/1720 1516/1367/1722 1515/1366/1721
f 1516/1367/1722 1517/1368/1723 1515/1366/1721
f 1518/1371/1724 1519/1370/1725 1520/1369/1726
f 1521/1372/1727 1519/1370/1725 1518/1371/1724
f 1520/1369/1726 1522/1373/1728 1518/1371/1724
f 1523/1375/1729 1521/1372/1727 1524/1374/1730
f 1525/1376/1731 1522/1373/1728 1520/1369/1726
f 1522/1373/1728 1525/1376/1731 1526/1377/1732
f 1527/1378/1733 1526/1377/1732 1525/1376/1731
f 1526/1377/1732 1527/1378/1733 1528/1379/1734
f 1528/1379/1734 1527/1378/1733 1529/1380/1735
f 1529/1380/1735 1530/1381/1736 1528/1379/1734
f 1524/1374/1730 1531/1382/1737 1523/1375/1729
f 1519/1370/1725 1521/1372/1727 1523/1375/1729
f 1532/1383/1738 1530/1381/1736 1529/1380/1735
f 1530/1381/1736 1532/1383/1738 1510/1361/1716
f 1530/1381/1736 1510/1361/1716 1511/1362/1717
f 1533/1384/1739 1517/1368/1723 1516/1367/1722
f 1534/1385/1740 1533/1384/1739 1535/1386/1741
f 1517/1368/1723 1533/1384/1739 1534/1385/1740
f 1535/1386/1741 1536/1387/1742 1534/1385/1740
f 1531/1382/1737 1536/1387/1742 1535/1386/1741
f 1536/1387/1742 1531/1382/1737 1524/1374/1730
f 1537/1388/1743 1503/1356/1744 1505/1354/1745
f 1505/1354/1745 1538/1389/1746 1537/1388/1743
f 1538/1389/1746 1505/1354/1745 1539/1390/1747
f 1503/1356/1744 1537/1388/1743 1507/1358/1748
f 1507/1358/1748 1537/1388/1743 1540/1391/1749
f 1539/1390/1747 1505/1354/1745 1513/1364/1750
f 1513/1364/1750 1541/1392/1751 1539/1390/1747
f 1513/1364/1750 1515/1366/1752 1541/1392/1751
f 1515/1366/1752 1542/1393/1753 1541/1392/1751
f 1517/1368/1754 1542/1393/1753 1515/1366/1752
f 1542/1393/1753 1517/1368/1754 1534/1385/1755
f 1534/1385/1755 1543/1394/1756 1542/1393/1753
f 1543/1394/1756 1534/1385/1755 1536/1387/1757
f 1536/1387/1757 1544/1395/1758 1543/1394/1756
f 1544/1395/1758 1536/1387/1757 1524/1374/1759
f 1545/1396/1760 1544/1395/1758 1524/1374/1759
f 1546/1397/1761 1544/1395/1758 1545/1396/1760
f 1524/1374/1759 1547/1398/1762 1545/1396/1760
f 1521/1372/1763 1547/1398/1762 1524/1374/1759
f 1548/1399/1764 1521/1372/1763 1518/1371/1765
f 1521/1372/1763 1548/1399/1764 1547/1398/1762
f 1518/1371/1765 1549/1400/1766 1548/1399/1764
f 1522/1373/1767 1549/1400/1766 1518/1371/1765
f 1522/1373/1767 1550/1401/1768 1549/1400/1766
f 1550/1401/1768 1522/1373/1767 1526/1377/1769
f 1549/1400/1766 1551/1402/1770 1548/1399/1764
f 1550/1401/1768 1526/1377/1769 1528/1379/1771
f 1528/1379/1771 1552/1403/1772 1550/1401/1768
f 1552/1403/1772 1528/1379/1771 1530/1381/1773
f 1530/1381/1773 1553/1404/1774 1552/1403/1772
f 1553/1404/1774 1530/1381/1773 1511/1362/1775
f 1511/1362/1775 1554/1405/1776 1553/1404/1774
f 1554/1405/1776 1511/1362/1775 1509/1360/1777
f 1509/1360/1777 1555/1406/1778 1554/1405/1776
f 1555/1406/1778 1509/1360/1777 1540/1391/1749
f 1540/1391/1749 1509/1360/1777 1507/1358/1748
f 1553/1404/1779 1554/1405/1780 1538/1389/1781
f 1554/1405/1780 1537/1388/1782 1538/1389/1781
f 1554/1405/1780 1555/1406/1783 1537/1388/1782
f 1537/1388/1782 1555/1406/1783 1540/1391/1784
f 1553/1404/1779 1538/1389/1781 1539/1390/1785
f 1552/1403/1786 1553/1404/1779 1539/1390/1785
f 1552/1403/1786 1539/1390/1785 1550/1401/1787
f 1539/1390/1785 1541/1392/1788 1550/1401/1787
f 1541/1392/1788 1542/1393/1789 1550/1401/1787
f 1549/1400/1790 1546/1397/1791 1551/1402/1792
f 1549/1400/1790 1544/1395/1793 1546/1397/1791
f 1550/1401/1787 1542/1393/1789 1543/1394/1794
f 1550/1401/1787 1543/1394/1794 1549/1400/1795
f 1543/1394/1794 1544/1395/1796 1549/1400/1795
f 1548/1399/1797 1546/1397/1798 1545/1396/1799
f 1551/1402/1800 1546/1397/1798 1548/1399/1797
f 1548/1399/1797 1545/1396/1799 1547/1398/1801
f 1470/1321/1802 1467/1318/1803 1473/1324/1804
f 1467/1318/1803 1451/1300/1805 1473/1324/1804
f 1467/1318/1803 1462/1313/1806 1451/1300/1805
f 1462/1313/1806 1461/1312/1807 1451/1300/1805
f 1462/1313/1806 1460/1311/1808 1461/1312/1807
f 1556/1407/1809 1557/1408/1810 1558/1409/1811
f 1556/1407/1809 1558/1409/1811 1559/1410/1812
f 1560/1411/1813 1557/1408/1810 1556/1407/1809
f 1560/1411/1813 1561/1412/1814 1557/1408/1810
f 1562/1413/1815 1561/1412/1814 1560/1411/1813
f 1563/1414/1816 1562/1413/1815 1560/1411/1813
f 1564/1415/1817 1562/1413/1815 1563/1414/1816
f 1565/1416/1818 1564/1415/1817 1563/1414/1816
f 1566/1417/1819 1564/1415/1817 1565/1416/1818
f 1567/1418/1820 1559/1410/1812 1558/1409/1811
f 1558/1409/1811 1568/1419/1821 1567/1418/1820
f 1568/1419/1821 1569/1420/1822 1567/1418/1820
f 1570/1421/1823 1567/1418/1820 1569/1420/1822
f 1569/1420/1822 1571/1422/1824 1570/1421/1823
f 1572/1423/1825 1570/1421/1823 1571/1422/1824
f 1571/1422/1824 1573/1424/1826 1572/1423/1825
f 1573/1424/1826 1574/1425/1827 1572/1423/1825
f 1574/1425/1827 1573/1424/1826 1575/1426/1828
f 1575/1426/1828 1576/1427/1829 1574/1425/1827
f 1576/1427/1829 1575/1426/1828 1577/1428/1830
f 1578/1429/1831 1576/1427/1829 1577/1428/1830
f 1577/1428/1830 1579/1430/1832 1578/1429/1831
f 1580/1431/1833 1578/1429/1831 1579/1430/1832
f 1580/1431/1833 1581/1432/1834 1578/1429/1831
f 1581/1432/1834 1582/1433/1835 1578/1429/1831
f 1582/1433/1835 1583/1434/1836 1578/1429/1831
f 1582/1433/1835 1584/1435/1837 1583/1434/1836
f 1584/1435/1837 1585/1436/1838 1583/1434/1836
f 1586/1437/1839 1581/1432/1834 1580/1431/1833
f 1586/1437/1839 1587/1438/1840 1581/1432/1834
f 1587/1438/1840 1588/1439/1841 1581/1432/1834
f 1588/1439/1841 1582/1433/1835 1581/1432/1834
f 1588/1439/1841 1589/1440/1842 1582/1433/1835
f 1589/1440/1842 1584/1435/1837 1582/1433/1835
f 1590/1441/1843 1587/1438/1840 1586/1437/1839
f 1591/1442/1844 1590/1441/1843 1586/1437/1839
f 1590/1441/1843 1592/1443/1845 1587/1438/1840
f 1592/1443/1845 1588/1439/1841 1587/1438/1840
f 1592/1443/1845 1593/1444/1846 1588/1439/1841
f 1593/1444/1846 1589/1440/1842 1588/1439/1841
f 1594/1445/1847 1590/1441/1843 1591/1442/1844
f 1595/1446/1848 1594/1445/1847 1591/1442/1844
f 1594/1445/1847 1596/1447/1849 1590/1441/1843
f 1596/1447/1849 1592/1443/1845 1590/1441/1843
f 1596/1447/1849 1597/1448/1850 1592/1443/1845
f 1597/1448/1850 1593/1444/1846 1592/1443/1845
f 1598/1449/1851 1594/1445/1847 1595/1446/1848
f 1598/1449/1851 1596/1447/1849 1594/1445/1847
f 1598/1449/1851 1597/1448/1850 1596/1447/1849
f 1585/1436/1838 1599/1450/1852 1583/1434/1836
f 1600/1451/1853 1583/1434/1836 1599/1450/1852
f 1583/1434/1836 1600/1451/1853 1578/1429/1831
f 1576/1427/1829 1578/1429/1831 1600/1451/1853
f 1600/1451/1853 1574/1425/1827 1576/1427/1829
f 1574/1425/1827 1600/1451/1853 1601/1452/1854
f 1599/1450/1852 1601/1452/1854 1600/1451/1853
f 1601/1452/1854 1572/1423/1825 1574/1425/1827
f 1557/1408/1810 1602/1453/1855 1558/1409/1811
f 1602/1453/1855 1603/1454/1856 1558/1409/1811
f 1602/1453/1855 1604/1455/1857 1603/1454/1856
f 1604/1455/1857 1605/1456/1858 1603/1454/1856
f 1606/1457/1859 1602/1453/1855 1557/1408/1810
f 1561/1412/1814 1606/1457/1859 1557/1408/1810
f 1606/1457/1859 1607/1458/1860 1602/1453/1855
f 1607/1458/1860 1604/1455/1857 1602/1453/1855
f 1608/1459/1861 1606/1457/1859 1561/1412/1814
f 1562/1413/1815 1608/1459/1861 1561/1412/1814
f 1608/1459/1861 1609/1460/1862 1606/1457/1859
f 1609/1460/1862 1607/1458/1860 1606/1457/1859
f 1610/1461/1863 1608/1459/1861 1562/1413/1815
f 1564/1415/1817 1610/1461/1863 1562/1413/1815
f 1610/1461/1863 1611/1462/1864 1608/1459/1861
f 1611/1462/1864 1609/1460/1862 1608/1459/1861
f 1566/1417/1819 1610/1461/1863 1564/1415/1817
f 1566/1417/1819 1611/1462/1864 1610/1461/1863
f 1605/1456/1858 1612/1463/1865 1603/1454/1856
f 1613/1464/1866 1603/1454/1856 1612/1463/1865
f 1603/1454/1856 1613/1464/1866 1558/1409/1811
f 1568/1419/1821 1558/1409/1811 1613/1464/1866
f 1613/1464/1866 1614/1465/1867 1568/1419/1821
f 1569/1420/1822 1568/1419/1821 1614/1465/1867
f 1614/1465/1867 1613/1464/1866 1615/1466/1868
f 1612/1463/1865 1615/1466/1868 1613/1464/1866
f 1614/1465/1867 1616/1467/1869 1569/1420/1822
f 1616/1467/1869 1614/1465/1867 1615/1466/1868
f 1571/1422/1824 1569/1420/1822 1616/1467/1869
f 1615/1466/1868 1617/1468/1870 1616/1467/1869
f 1618/1469/1871 1571/1422/1824 1616/1467/1869
f 1571/1422/1824 1618/1469/1871 1573/1424/1826
f 1619/1470/1872 1573/1424/1826 1618/1469/1871
f 1620/1471/1873 1618/1469/1871 1616/1467/1869
f 1620/1471/1873 1619/1470/1872 1618/1469/1871
f 1620/1471/1873 1621/1472/1874 1619/1470/1872
f 1621/1472/1874 1622/1473/1875 1619/1470/1872
f 1573/1424/1826 1619/1470/1872 1622/1473/1875
f 1622/1473/1875 1575/1426/1828 1573/1424/1826
f 1575/1426/1828 1622/1473/1875 1623/1474/1876
f 1623/1474/1876 1577/1428/1830 1575/1426/1828
f 1624/1475/1877 1623/1474/1876 1622/1473/1875
f 1622/1473/1875 1621/1472/1874 1625/1476/1878
f 1626/1477/1879 1625/1476/1878 1621/1472/1874
f 1620/1471/1873 1626/1477/1879 1621/1472/1874
f 1625/1476/1878 1626/1477/1879 1627/1478/1880
f 1628/1479/1881 1627/1478/1880 1626/1477/1879
f 1628/1479/1881 1629/1480/1882 1627/1478/1880
f 1629/1480/1882 1628/1479/1881 1630/1481/1883
f 1631/1482/1884 1630/1481/1883 1628/1479/1881
f 1631/1482/1884 1628/1479/1881 1626/1477/1879
f 1620/1471/1873 1631/1482/1884 1626/1477/1879
f 1630/1481/1883 1631/1482/1884 1632/1483/1885
f 1632/1483/1885 1633/1484/1886 1630/1481/1883
f 1633/1484/1886 1634/1485/1887 1630/1481/1883
f 1635/1486/1888 1630/1481/1883 1634/1485/1887
f 1630/1481/1883 1635/1486/1888 1636/1487/1889
f 1629/1480/1882 1630/1481/1883 1636/1487/1889
f 1636/1487/1889 1637/1488/1890 1629/1480/1882
f 1638/1489/1891 1629/1480/1882 1637/1488/1890
f 1637/1488/1890 1639/1490/1892 1638/1489/1891
f 1640/1491/1893 1638/1489/1891 1639/1490/1892
f 1641/1492/1894 1640/1491/1893 1639/1490/1892
f 1639/1490/1892 1642/1493/1895 1641/1492/1894
f 1643/1494/1896 1641/1492/1894 1642/1493/1895
f 1643/1494/1896 1644/1495/1897 1641/1492/1894
f 1644/1495/1897 1645/1496/1898 1641/1492/1894
f 1645/1496/1898 1646/1497/1899 1641/1492/1894
f 1647/1498/1900 1644/1495/1897 1643/1494/1896
f 1647/1498/1900 1648/1499/1901 1644/1495/1897
f 1648/1499/1901 1649/1500/1902 1644/1495/1897
f 1649/1500/1902 1645/1496/1898 1644/1495/1897
f 1650/1501/1903 1648/1499/1901 1647/1498/1900
f 1651/1502/1904 1650/1501/1903 1647/1498/1900
f 1650/1501/1903 1652/1503/1905 1648/1499/1901
f 1652/1503/1905 1649/1500/1902 1648/1499/1901
f 1653/1504/1906 1650/1501/1903 1651/1502/1904
f 1654/1505/1907 1653/1504/1906 1651/1502/1904
f 1653/1504/1906 1655/1506/1908 1650/1501/1903
f 1655/1506/1908 1652/1503/1905 1650/1501/1903
f 1656/1507/1909 1653/1504/1906 1654/1505/1907
f 1656/1507/1909 1655/1506/1908 1653/1504/1906
f 1656/1507/1909 1657/1508/1910 1655/1506/1908
f 1656/1507/1909 1654/1505/1907 1658/1509/1911
f 1655/1506/1908 1657/1508/1910 1652/1503/1905
f 1657/1508/1910 1659/1510/1912 1652/1503/1905
f 1660/1511/1857 1661/1512/1913 1662/1513/1858
f 1661/1512/1913 1663/1514/1914 1662/1513/1858
f 1664/1515/1865 1662/1513/1858 1663/1514/1914
f 1663/1514/1914 1665/1516/1915 1664/1515/1865
f 1665/1516/1915 1663/1514/1914 1666/1517/1916
f 1667/1518/1917 1666/1517/1916 1663/1514/1914
f 1668/1519/1918 1667/1518/1917 1663/1514/1914
f 1661/1512/1913 1668/1519/1918 1663/1514/1914
f 1668/1519/1918 1669/1520/1812 1667/1518/1917
f 1668/1519/1918 1670/1521/1809 1669/1520/1812
f 1671/1522/1919 1668/1519/1918 1661/1512/1913
f 1671/1522/1919 1670/1521/1809 1668/1519/1918
f 1672/1523/1920 1671/1522/1919 1661/1512/1913
f 1671/1522/1919 1673/1524/1813 1670/1521/1809
f 1674/1525/1816 1673/1524/1813 1671/1522/1919
f 1675/1526/1921 1674/1525/1816 1671/1522/1919
f 1676/1527/1818 1674/1525/1816 1675/1526/1921
f 1677/1528/1922 1676/1527/1818 1675/1526/1921
f 1677/1528/1922 1675/1526/1921 1678/1529/1923
f 1679/1530/1924 1677/1528/1922 1678/1529/1923
f 1679/1530/1924 1678/1529/1923 1680/1531/1862
f 1680/1531/1862 1678/1529/1923 1681/1532/1860
f 1678/1529/1923 1672/1523/1920 1681/1532/1860
f 1681/1532/1860 1672/1523/1920 1660/1511/1857
f 1682/1533/1864 1679/1530/1924 1680/1531/1862
f 1683/1534/1819 1679/1530/1924 1682/1533/1864
f 1683/1534/1819 1677/1528/1922 1679/1530/1924
f 1683/1534/1819 1676/1527/1818 1677/1528/1922
f 1672/1523/1920 1661/1512/1913 1660/1511/1857
f 1684/1535/1925 1685/1536/1926 1686/1537/1927
f 1685/1536/1926 1687/1538/1928 1686/1537/1927
f 1688/1539/1820 1667/1518/1917 1669/1520/1812
f 1667/1518/1917 1688/1539/1820 1666/1517/1916
f 1688/1539/1820 1689/1540/1823 1666/1517/1916
f 1690/1541/1929 1666/1517/1916 1689/1540/1823
f 1666/1517/1916 1690/1541/1929 1665/1516/1915
f 1691/1542/1930 1665/1516/1915 1690/1541/1929
f 1665/1516/1915 1691/1542/1930 1664/1515/1865
f 1692/1543/1868 1664/1515/1865 1691/1542/1930
f 1693/1544/1870 1692/1543/1868 1691/1542/1930
f 1691/1542/1930 1694/1545/1931 1693/1544/1870
f 1694/1545/1931 1691/1542/1930 1695/1546/1932
f 1690/1541/1929 1695/1546/1932 1691/1542/1930
f 1695/1546/1932 1690/1541/1929 1696/1547/1825
f 1689/1540/1823 1696/1547/1825 1690/1541/1929
f 1694/1545/1931 1697/1548/1933 1693/1544/1870
f 1698/1549/1934 1693/1544/1870 1697/1548/1933
f 1697/1548/1933 1694/1545/1931 1699/1550/1935
f 1695/1546/1932 1699/1550/1935 1694/1545/1931
f 1696/1547/1825 1699/1550/1935 1695/1546/1932
f 1699/1550/1935 1696/1547/1825 1700/1551/1936
f 1701/1552/1937 1700/1551/1936 1696/1547/1825
f 1702/1553/1938 1701/1552/1937 1696/1547/1825
f 1696/1547/1825 1703/1554/1854 1702/1553/1938
f 1703/1554/1854 1704/1555/1852 1702/1553/1938
f 1705/1556/1939 1702/1553/1938 1704/1555/1852
f 1706/1557/1940 1705/1556/1939 1704/1555/1852
f 1704/1555/1852 1707/1558/1838 1706/1557/1940
f 1708/1559/1941 1706/1557/1940 1707/1558/1838
f 1709/1560/1837 1708/1559/1941 1707/1558/1838
f 1708/1559/1941 1710/1561/1942 1706/1557/1940
f 1710/1561/1942 1711/1562/1943 1706/1557/1940
f 1710/1561/1942 1712/1563/1832 1711/1562/1943
f 1710/1561/1942 1713/1564/1833 1712/1563/1832
f 1714/1565/1944 1708/1559/1941 1709/1560/1837
f 1715/1566/1842 1714/1565/1944 1709/1560/1837
f 1714/1565/1944 1716/1567/1945 1708/1559/1941
f 1716/1567/1945 1710/1561/1942 1708/1559/1941
f 1716/1567/1945 1713/1564/1833 1710/1561/1942
f 1716/1567/1945 1717/1568/1839 1713/1564/1833
f 1718/1569/1946 1714/1565/1944 1715/1566/1842
f 1719/1570/1846 1718/1569/1946 1715/1566/1842
f 1720/1571/1844 1717/1568/1839 1716/1567/1945
f 1721/1572/1947 1720/1571/1844 1716/1567/1945
f 1722/1573/1948 1718/1569/1946 1719/1570/1846
f 1723/1574/1850 1722/1573/1948 1719/1570/1846
f 1722/1573/1948 1724/1575/1949 1718/1569/1946
f 1724/1575/1949 1721/1572/1947 1718/1569/1946
f 1724/1575/1949 1725/1576/1848 1721/1572/1947
f 1725/1576/1848 1720/1571/1844 1721/1572/1947
f 1726/1577/1851 1722/1573/1948 1723/1574/1850
f 1726/1577/1851 1724/1575/1949 1722/1573/1948
f 1726/1577/1851 1725/1576/1848 1724/1575/1949
f 1727/1578/1830 1711/1562/1943 1712/1563/1832
f 1711/1562/1943 1727/1578/1830 1728/1579/1950
f 1711/1562/1943 1728/1579/1950 1706/1557/1940
f 1705/1556/1939 1706/1557/1940 1728/1579/1950
f 1728/1579/1950 1729/1580/1951 1705/1556/1939
f 1702/1553/1938 1705/1556/1939 1729/1580/1951
f 1729/1580/1951 1728/1579/1950 1730/1581/1876
f 1727/1578/1830 1730/1581/1876 1728/1579/1950
f 1729/1580/1951 1731/1582/1952 1702/1553/1938
f 1701/1552/1937 1702/1553/1938 1731/1582/1952
f 1731/1582/1952 1729/1580/1951 1732/1583/1877
f 1730/1581/1876 1732/1583/1877 1729/1580/1951
f 1731/1582/1952 1733/1584/1953 1701/1552/1937
f 1732/1583/1877 1733/1584/1953 1731/1582/1952
f 1700/1551/1936 1701/1552/1937 1733/1584/1953
f 1733/1584/1953 1732/1583/1877 1734/1585/1954
f 1735/1586/1955 1734/1585/1954 1732/1583/1877
f 1736/1587/1956 1735/1586/1955 1732/1583/1877
f 1732/1583/1877 1737/1588/1957 1736/1587/1956
f 1737/1588/1957 1738/1589/1958 1736/1587/1956
f 1739/1590/1959 1736/1587/1956 1738/1589/1958
f 1740/1591/1960 1739/1590/1959 1738/1589/1958
f 1738/1589/1958 1741/1592/1961 1740/1591/1960
f 1742/1593/1962 1740/1591/1960 1741/1592/1961
f 1743/1594/1963 1742/1593/1962 1741/1592/1961
f 1742/1593/1962 1744/1595/1964 1740/1591/1960
f 1744/1595/1964 1745/1596/1965 1740/1591/1960
f 1744/1595/1964 1746/1597/1966 1745/1596/1965
f 1744/1595/1964 1747/1598/1967 1746/1597/1966
f 1748/1599/1968 1742/1593/1962 1743/1594/1963
f 1749/1600/1969 1748/1599/1968 1743/1594/1963
f 1748/1599/1968 1750/1601/1970 1742/1593/1962
f 1750/1601/1970 1744/1595/1964 1742/1593/1962
f 1750/1601/1970 1747/1598/1967 1744/1595/1964
f 1750/1601/1970 1751/1602/1971 1747/1598/1967
f 1752/1603/1972 1748/1599/1968 1749/1600/1969
f 1753/1604/1973 1752/1603/1972 1749/1600/1969
f 1754/1605/1974 1751/1602/1971 1750/1601/1970
f 1755/1606/1975 1754/1605/1974 1750/1601/1970
f 1756/1607/1976 1752/1603/1972 1753/1604/1973
f 1757/1608/1977 1756/1607/1976 1753/1604/1973
f 1756/1607/1976 1758/1609/1978 1752/1603/1972
f 1758/1609/1978 1755/1606/1975 1752/1603/1972
f 1758/1609/1978 1759/1610/1979 1755/1606/1975
f 1759/1610/1979 1754/1605/1974 1755/1606/1975
f 1760/1611/1980 1756/1607/1976 1757/1608/1977
f 1760/1611/1980 1758/1609/1978 1756/1607/1976
f 1760/1611/1980 1759/1610/1979 1758/1609/1978
f 1761/1612/1981 1745/1596/1965 1746/1597/1966
f 1745/1596/1965 1761/1612/1981 1762/1613/1982
f 1745/1596/1965 1762/1613/1982 1740/1591/1960
f 1739/1590/1959 1740/1591/1960 1762/1613/1982
f 1762/1613/1982 1763/1614/1983 1739/1590/1959
f 1736/1587/1956 1739/1590/1959 1763/1614/1983
f 1763/1614/1983 1762/1613/1982 1764/1615/1984
f 1761/1612/1981 1764/1615/1984 1762/1613/1982
f 1763/1614/1983 1765/1616/1985 1736/1587/1956
f 1765/1616/1985 1763/1614/1983 1764/1615/1984
f 1735/1586/1955 1736/1587/1956 1765/1616/1985
f 1764/1615/1984 1766/1617/1986 1765/1616/1985
f 1765/1616/1985 1734/1585/1954 1735/1586/1955
f 1734/1585/1954 1765/1616/1985 1767/1618/1987
f 1766/1617/1986 1767/1618/1987 1765/1616/1985
f 1768/1619/1988 1767/1618/1987 1766/1617/1986
f 1769/1620/1989 1768/1619/1988 1766/1617/1986
f 1766/1617/1986 1770/1621/1990 1769/1620/1989
f 1770/1621/1990 1771/1622/1991 1769/1620/1989
f 1772/1623/1992 1769/1620/1989 1771/1622/1991
f 1773/1624/1993 1772/1623/1992 1771/1622/1991
f 1771/1622/1991 1774/1625/1994 1773/1624/1993
f 1775/1626/1995 1773/1624/1993 1774/1625/1994
f 1776/1627/1996 1775/1626/1995 1774/1625/1994
f 1775/1626/1995 1777/1628/1997 1773/1624/1993
f 1778/1629/1998 1775/1626/1995 1776/1627/1996
f 1779/1630/1999 1778/1629/1998 1776/1627/1996
f 1778/1629/1998 1780/1631/2000 1775/1626/1995
f 1780/1631/2000 1777/1628/1997 1775/1626/1995
f 1781/1632/2001 1778/1629/1998 1779/1630/1999
f 1782/1633/1912 1781/1632/2001 1779/1630/1999
f 1783/1634/2002 1781/1632/2001 1782/1633/1912
f 1784/1635/1910 1783/1634/2002 1782/1633/1912
f 1783/1634/2002 1785/1636/1911 1781/1632/2001
f 1785/1636/1911 1786/1637/2003 1781/1632/2001
f 1785/1636/1911 1787/1638/1907 1786/1637/2003
f 1787/1638/1907 1788/1639/1904 1786/1637/2003
f 1786/1637/2003 1788/1639/1904 1780/1631/2000
f 1788/1639/1904 1789/1640/1900 1780/1631/2000
f 1780/1631/2000 1789/1640/1900 1790/1641/1896
f 1780/1631/2000 1790/1641/1896 1777/1628/1997
f 1777/1628/1997 1790/1641/1896 1791/1642/1895
f 1777/1628/1997 1791/1642/1895 1792/1643/2004
f 1793/1644/1892 1792/1643/2004 1791/1642/1895
f 1792/1643/2004 1793/1644/1892 1794/1645/2005
f 1792/1643/2004 1794/1645/2005 1773/1624/1993
f 1777/1628/1997 1792/1643/2004 1773/1624/1993
f 1772/1623/1992 1773/1624/1993 1794/1645/2005
f 1794/1645/2005 1795/1646/2006 1772/1623/1992
f 1769/1620/1989 1772/1623/1992 1795/1646/2006
f 1795/1646/2006 1794/1645/2005 1796/1647/1890
f 1793/1644/1892 1796/1647/1890 1794/1645/2005
f 1795/1646/2006 1797/1648/2007 1769/1620/1989
f 1768/1619/1988 1769/1620/1989 1797/1648/2007
f 1797/1648/2007 1795/1646/2006 1798/1649/1889
f 1796/1647/1890 1798/1649/1889 1795/1646/2006
f 1797/1648/2007 1799/1650/2008 1768/1619/1988
f 1799/1650/2008 1797/1648/2007 1798/1649/1889
f 1767/1618/1987 1768/1619/1988 1799/1650/2008
f 1798/1649/1889 1800/1651/1888 1799/1650/2008
f 1799/1650/2008 1801/1652/2009 1767/1618/1987
f 1799/1650/2008 1800/1651/1888 1801/1652/2009
f 1802/1653/2010 1767/1618/1987 1801/1652/2009
f 1767/1618/1987 1802/1653/2010 1803/1654/2011
f 1803/1654/2011 1734/1585/1954 1767/1618/1987
f 1734/1585/1954 1803/1654/2011 1804/1655/2012
f 1804/1655/2012 1733/1584/1953 1734/1585/1954
f 1733/1584/1953 1804/1655/2012 1700/1551/1936
f 1805/1656/2013 1700/1551/1936 1804/1655/2012
f 1700/1551/1936 1805/1656/2013 1699/1550/1935
f 1806/1657/2014 1699/1550/1935 1805/1656/2013
f 1806/1657/2014 1807/1658/2015 1699/1550/1935
f 1697/1548/1933 1699/1550/1935 1807/1658/2015
f 1807/1658/2015 1808/1659/2016 1697/1548/1933
f 1698/1549/1934 1697/1548/1933 1808/1659/2016
f 1809/1660/1887 1801/1652/2009 1800/1651/1888
f 1805/1656/2013 1810/1661/2017 1806/1657/2014
f 1811/1662/2018 1806/1657/2014 1810/1661/2017
f 1806/1657/2014 1811/1662/2018 1807/1658/2015
f 1810/1661/2017 1805/1656/2013 1812/1663/2019
f 1804/1655/2012 1812/1663/2019 1805/1656/2013
f 1812/1663/2019 1804/1655/2012 1813/1664/2020
f 1803/1654/2011 1813/1664/2020 1804/1655/2012
f 1813/1664/2020 1803/1654/2011 1814/1665/2021
f 1802/1653/2010 1814/1665/2021 1803/1654/2011
f 1814/1665/2021 1802/1653/2010 1815/1666/2022
f 1801/1652/2009 1815/1666/2022 1802/1653/2010
f 1816/1667/2023 1807/1658/2015 1811/1662/2018
f 1807/1658/2015 1816/1667/2023 1808/1659/2016
f 1817/1668/2024 1808/1659/2016 1816/1667/2023
f 1815/1666/2022 1801/1652/2009 1818/1669/2025
f 1809/1660/1887 1818/1669/2025 1801/1652/2009
f 1819/1670/2026 1820/1671/2027 1821/1672/2028
f 1820/1671/2027 1822/1673/2029 1821/1672/2028
f 1823/1674/1967 1824/1675/2030 1825/1676/2031
f 1823/1674/1967 1825/1676/2031 1826/1677/1966
f 1824/1675/2030 1827/1678/2032 1825/1676/2031
f 1827/1678/2032 1828/1679/2033 1825/1676/2031
f 1827/1678/2032 1829/1680/1963 1828/1679/2033
f 1829/1680/1963 1830/1681/1961 1828/1679/2033
f 1831/1682/1971 1824/1675/2030 1823/1674/1967
f 1831/1682/1971 1832/1683/2034 1824/1675/2030
f 1832/1683/2034 1833/1684/2035 1824/1675/2030
f 1833/1684/2035 1827/1678/2032 1824/1675/2030
f 1833/1684/2035 1834/1685/1969 1827/1678/2032
f 1834/1685/1969 1829/1680/1963 1827/1678/2032
f 1835/1686/2036 1832/1683/2034 1831/1682/1971
f 1836/1687/1974 1835/1686/2036 1831/1682/1971
f 1835/1686/2036 1837/1688/2037 1832/1683/2034
f 1837/1688/2037 1833/1684/2035 1832/1683/2034
f 1838/1689/1973 1834/1685/1969 1833/1684/2035
f 1837/1688/2037 1838/1689/1973 1833/1684/2035
f 1839/1690/2038 1835/1686/2036 1836/1687/1974
f 1840/1691/1979 1839/1690/2038 1836/1687/1974
f 1839/1690/2038 1841/1692/2039 1835/1686/2036
f 1841/1692/2039 1837/1688/2037 1835/1686/2036
f 1830/1681/1961 1842/1693/1958 1828/1679/2033
f 1841/1692/2039 1843/1694/1977 1837/1688/2037
f 1844/1695/1980 1841/1692/2039 1839/1690/2038
f 1845/1696/2040 1828/1679/2033 1842/1693/1958
f 1828/1679/2033 1845/1696/2040 1825/1676/2031
f 1846/1697/2041 1825/1676/2031 1845/1696/2040
f 1825/1676/2031 1846/1697/2041 1847/1698/1981
f 1847/1698/1981 1826/1677/1966 1825/1676/2031
f 1846/1697/2041 1848/1699/2042 1847/1698/1981
f 1849/1700/1984 1847/1698/1981 1848/1699/2042
f 1848/1699/2042 1846/1697/2041 1850/1701/2043
f 1845/1696/2040 1850/1701/2043 1846/1697/2041
f 1850/1701/2043 1845/1696/2040 1851/1702/1957
f 1842/1693/1958 1851/1702/1957 1845/1696/2040
f 1848/1699/2042 1627/1478/1880 1849/1700/1984
f 1852/1703/1986 1849/1700/1984 1627/1478/1880
f 1627/1478/1880 1848/1699/2042 1625/1476/1878
f 1850/1701/2043 1625/1476/1878 1848/1699/2042
f 1625/1476/1878 1850/1701/2043 1624/1475/1877
f 1851/1702/1957 1624/1475/1877 1850/1701/2043
f 1853/1704/2044 1852/1703/1986 1627/1478/1880
f 1853/1704/2044 1854/1705/2045 1852/1703/1986
f 1855/1706/1990 1852/1703/1986 1854/1705/2045
f 1854/1705/2045 1856/1707/2046 1855/1706/1990
f 1857/1708/1991 1855/1706/1990 1856/1707/2046
f 1856/1707/2046 1646/1497/1899 1857/1708/1991
f 1858/1709/1994 1857/1708/1991 1646/1497/1899
f 1859/1710/1996 1858/1709/1994 1646/1497/1899
f 1645/1496/1898 1859/1710/1996 1646/1497/1899
f 1860/1711/1999 1859/1710/1996 1645/1496/1898
f 1649/1500/1902 1860/1711/1999 1645/1496/1898
f 1659/1510/1912 1860/1711/1999 1649/1500/1902
f 1652/1503/1905 1659/1510/1912 1649/1500/1902
f 1861/1712/2047 1862/1713/2048 1863/1714/2049
f 1862/1713/2048 1864/1715/2050 1863/1714/2049
f 1843/1694/1977 1838/1689/1973 1837/1688/2037
f 1844/1695/1980 1839/1690/2038 1840/1691/1979
f 1844/1695/1980 1843/1694/1977 1841/1692/2039
f 1865/1716/2051 1866/1717/2052 1867/1718/2053
f 1866/1717/2052 1868/1719/2054 1867/1718/2053
f 1656/1507/1909 1869/1720/2002 1657/1508/1910
f 1656/1507/1909 1658/1509/1911 1869/1720/2002
f 1640/1491/1893 1641/1492/1894 1856/1707/2046
f 1646/1497/1899 1856/1707/2046 1641/1492/1894
f 1856/1707/2046 1854/1705/2045 1640/1491/1893
f 1638/1489/1891 1640/1491/1893 1854/1705/2045
f 1854/1705/2045 1853/1704/2044 1638/1489/1891
f 1629/1480/1882 1638/1489/1891 1853/1704/2044
f 1629/1480/1882 1853/1704/2044 1627/1478/1880
f 1625/1476/1878 1624/1475/1877 1622/1473/1875
f 1870/1721/2055 1871/1722/2056 1872/1723/2057
f 1870/1721/2055 1872/1723/2057 1873/1724/2058
f 1871/1722/2056 1874/1725/2059 1872/1723/2057
f 1874/1725/2059 1875/1726/2060 1872/1723/2057
f 1874/1725/2059 1876/1727/2061 1875/1726/2060
f 1877/1728/2062 1871/1722/2056 1870/1721/2055
f 1877/1728/2062 1878/1729/2063 1871/1722/2056
f 1878/1729/2063 1879/1730/2064 1871/1722/2056
f 1879/1730/2064 1874/1725/2059 1871/1722/2056
f 1879/1730/2064 1880/1731/2065 1874/1725/2059
f 1880/1731/2065 1876/1727/2061 1874/1725/2059
f 1876/1727/2061 1881/1732/2066 1875/1726/2060
f 1882/1733/2067 1878/1729/2063 1877/1728/2062
f 1883/1734/2068 1882/1733/2067 1877/1728/2062
f 1882/1733/2067 1884/1735/2069 1878/1729/2063
f 1884/1735/2069 1879/1730/2064 1878/1729/2063
f 1884/1735/2069 1885/1736/2070 1879/1730/2064
f 1885/1736/2070 1880/1731/2065 1879/1730/2064
f 1886/1737/2071 1884/1735/2069 1882/1733/2067
f 1887/1738/2072 1886/1737/2071 1882/1733/2067
f 1881/1732/2066 1888/1739/2073 1875/1726/2060
f 1887/1738/2072 1882/1733/2067 1883/1734/2068
f 1889/1740/2074 1887/1738/2072 1883/1734/2068
f 1876/1727/2061 1890/1741/2075 1881/1732/2066
f 1890/1741/2075 1891/1742/2076 1881/1732/2066
f 1890/1741/2075 1892/1743/2077 1891/1742/2076
f 1892/1743/2077 1893/1744/2078 1891/1742/2076
f 1892/1743/2077 1873/1724/2058 1893/1744/2078
f 1892/1743/2077 1870/1721/2055 1873/1724/2058
f 1894/1745/2079 1892/1743/2077 1890/1741/2075
f 1894/1745/2079 1870/1721/2055 1892/1743/2077
f 1895/1746/2080 1894/1745/2079 1890/1741/2075
f 1880/1731/2065 1895/1746/2080 1876/1727/2061
f 1895/1746/2080 1890/1741/2075 1876/1727/2061
f 1894/1745/2079 1877/1728/2062 1870/1721/2055
f 1896/1747/2081 1895/1746/2080 1880/1731/2065
f 1885/1736/2070 1896/1747/2081 1880/1731/2065
f 1883/1734/2068 1877/1728/2062 1894/1745/2079
f 1897/1748/2082 1883/1734/2068 1894/1745/2079
f 1898/1749/2083 1896/1747/2081 1885/1736/2070
f 1899/1750/2084 1898/1749/2083 1885/1736/2070
f 1899/1750/2084 1885/1736/2070 1884/1735/2069
f 1886/1737/2071 1899/1750/2084 1884/1735/2069
f 1898/1749/2083 1900/1751/2085 1896/1747/2081
f 1900/1751/2085 1897/1748/2082 1896/1747/2081
f 1900/1751/2085 1889/1740/2074 1897/1748/2082
f 1901/1752/2086 1899/1750/2084 1886/1737/2071
f 1901/1752/2086 1898/1749/2083 1899/1750/2084
f 1901/1752/2086 1900/1751/2085 1898/1749/2083
f 1901/1752/2086 1889/1740/2074 1900/1751/2085
f 1901/1752/2086 1886/1737/2071 1887/1738/2072
f 1889/1740/2074 1883/1734/2068 1897/1748/2082
f 1901/1752/2086 1887/1738/2072 1889/1740/2074
f 1902/1753/2087 1903/1754/2088 1904/1755/2089
f 1903/1754/2088 1905/1756/2090 1904/1755/2089
f 1906/1757/2091 1873/1724/2058 1872/1723/2057
f 1872/1723/2057 1907/1758/2092 1906/1757/2091
f 1907/1758/2092 1872/1723/2057 1908/1759/2093
f 1875/1726/2060 1908/1759/2093 1872/1723/2057
f 1907/1758/2092 1909/1760/2094 1906/1757/2091
f 1910/1761/2095 1906/1757/2091 1909/1760/2094
f 1909/1760/2094 1907/1758/2092 1911/1762/2096
f 1908/1759/2093 1911/1762/2096 1907/1758/2092
f 1906/1757/2091 1910/1761/2095 1912/1763/2097
f 1913/1764/2098 1912/1763/2097 1910/1761/2095
f 1909/1760/2094 1914/1765/2099 1910/1761/2095
f 1915/1766/2100 1910/1761/2095 1914/1765/2099
f 1910/1761/2095 1915/1766/2100 1913/1764/2098
f 1916/1767/2101 1913/1764/2098 1915/1766/2100
f 1917/1768/2102 1916/1767/2101 1915/1766/2100
f 1915/1766/2100 1918/1769/1934 1917/1768/2102
f 1617/1468/1870 1918/1769/1934 1915/1766/2100
f 1918/1769/1934 1919/1770/2016 1917/1768/2102
f 1911/1762/2096 1908/1759/2093 1920/1771/2103
f 1888/1739/2073 1920/1771/2103 1908/1759/2093
f 1914/1765/2099 1909/1760/2094 1921/1772/2104
f 1911/1762/2096 1921/1772/2104 1909/1760/2094
f 1911/1762/2096 1922/1773/2105 1921/1772/2104
f 1616/1467/1869 1617/1468/1870 1914/1765/2099
f 1616/1467/1869 1914/1765/2099 1921/1772/2104
f 1921/1772/2104 1620/1471/1873 1616/1467/1869
f 1908/1759/2093 1875/1726/2060 1888/1739/2073
f 1888/1739/2073 1881/1732/2066 1891/1742/2076
f 1891/1742/2076 1923/1774/2106 1888/1739/2073
f 1923/1774/2106 1891/1742/2076 1912/1763/2097
f 1893/1744/2078 1912/1763/2097 1891/1742/2076
f 1893/1744/2078 1906/1757/2091 1912/1763/2097
f 1906/1757/2091 1893/1744/2078 1873/1724/2058
f 1923/1774/2106 1924/1775/2107 1888/1739/2073
f 1924/1775/2107 1923/1774/2106 1913/1764/2098
f 1912/1763/2097 1913/1764/2098 1923/1774/2106
f 1913/1764/2098 1916/1767/2101 1924/1775/2107
f 1925/1776/2108 1924/1775/2107 1916/1767/2101
f 1924/1775/2107 1925/1776/2108 1926/1777/2109
f 1926/1777/2109 1920/1771/2103 1924/1775/2107
f 1920/1771/2103 1888/1739/2073 1924/1775/2107
f 1920/1771/2103 1926/1777/2109 1922/1773/2105
f 1922/1773/2105 1911/1762/2096 1920/1771/2103
f 1925/1776/2108 1927/1778/2110 1926/1777/2109
f 1928/1779/2111 1926/1777/2109 1927/1778/2110
f 1927/1778/2110 1925/1776/2108 1917/1768/2102
f 1916/1767/2101 1917/1768/2102 1925/1776/2108
f 1919/1770/2016 1927/1778/2110 1917/1768/2102
f 1926/1777/2109 1929/1780/2112 1922/1773/2105
f 1926/1777/2109 1928/1779/2111 1929/1780/2112
f 1922/1773/2105 1929/1780/2112 1620/1471/1873
f 1620/1471/1873 1921/1772/2104 1922/1773/2105
f 1929/1780/2112 1631/1482/1884 1620/1471/1873
f 1928/1779/2111 1930/1781/2113 1929/1780/2112
f 1928/1779/2111 1919/1770/2016 1930/1781/2113
f 1928/1779/2111 1927/1778/2110 1919/1770/2016
f 1929/1780/2112 1930/1781/2113 1632/1483/1885
f 1632/1483/1885 1631/1482/1884 1929/1780/2112
f 1919/1770/2016 1931/1782/2024 1930/1781/2113
f 1932/1783/2114 1930/1781/2113 1931/1782/2024
f 1930/1781/2113 1932/1783/2114 1632/1483/1885
f 1933/1784/2115 1632/1483/1885 1932/1783/2114
f 1632/1483/1885 1933/1784/2115 1633/1484/1886
f 1934/1785/2116 1633/1484/1886 1933/1784/2115
f 1633/1484/1886 1934/1785/2116 1634/1485/1887
f 1935/1786/2025 1634/1485/1887 1934/1785/2116
f 1617/1468/1870 1915/1766/2100 1914/1765/2099
f 1936/1409/2117 1937/1408/2118 1938/1407/2119
f 1939/1410/2120 1936/1409/2117 1938/1407/2119
f 1938/1407/2119 1937/1408/2118 1940/1411/2121
f 1937/1408/2118 1941/1412/2122 1940/1411/2121
f 1940/1411/2121 1941/1412/2122 1942/1413/2123
f 1940/1411/2121 1942/1413/2123 1943/1414/2124
f 1943/1414/2124 1942/1413/2123 1944/1415/2125
f 1943/1414/2124 1944/1415/2125 1945/1416/2126
f 1945/1416/2126 1944/1415/2125 1946/1417/2127
f 1936/1409/2117 1939/1410/2120 1947/1418/2128
f 1947/1418/2128 1948/1419/2129 1936/1409/2117
f 1947/1418/2128 1949/1420/2130 1948/1419/2129
f 1949/1420/2130 1947/1418/2128 1950/1421/2131
f 1950/1421/2131 1951/1422/2132 1949/1420/2130
f 1951/1422/2132 1950/1421/2131 1952/1423/2133
f 1952/1423/2133 1953/1424/2134 1951/1422/2132
f 1952/1423/2133 1954/1425/2135 1953/1424/2134
f 1955/1426/2136 1953/1424/2134 1954/1425/2135
f 1954/1425/2135 1956/1427/2137 1955/1426/2136
f 1957/1428/2138 1955/1426/2136 1956/1427/2137
f 1957/1428/2138 1956/1427/2137 1958/1429/2139
f 1958/1429/2139 1959/1430/2140 1957/1428/2138
f 1959/1430/2140 1958/1429/2139 1960/1431/2141
f 1958/1429/2139 1961/1432/2142 1960/1431/2141
f 1958/1429/2139 1962/1433/2143 1961/1432/2142
f 1958/1429/2139 1963/1434/2144 1962/1433/2143
f 1963/1434/2144 1964/1435/2145 1962/1433/2143
f 1963/1434/2144 1965/1436/2146 1964/1435/2145
f 1960/1431/2141 1961/1432/2142 1966/1437/2147
f 1961/1432/2142 1967/1438/2148 1966/1437/2147
f 1961/1432/2142 1968/1439/2149 1967/1438/2148
f 1961/1432/2142 1962/1433/2143 1968/1439/2149
f 1962/1433/2143 1969/1440/2150 1968/1439/2149
f 1962/1433/2143 1964/1435/2145 1969/1440/2150
f 1966/1437/2147 1967/1438/2148 1970/1441/2151
f 1966/1437/2147 1970/1441/2151 1971/1442/2152
f 1967/1438/2148 1972/1443/2153 1970/1441/2151
f 1967/1438/2148 1968/1439/2149 1972/1443/2153
f 1968/1439/2149 1973/1444/2154 1972/1443/2153
f 1968/1439/2149 1969/1440/2150 1973/1444/2154
f 1971/1442/2152 1970/1441/2151 1974/1445/2155
f 1971/1442/2152 1974/1445/2155 1975/1446/2156
f 1970/1441/2151 1976/1447/2157 1974/1445/2155
f 1970/1441/2151 1972/1443/2153 1976/1447/2157
f 1972/1443/2153 1977/1448/2158 1976/1447/2157
f 1972/1443/2153 1973/1444/2154 1977/1448/2158
f 1975/1446/2156 1974/1445/2155 1978/1449/2159
f 1974/1445/2155 1976/1447/2157 1978/1449/2159
f 1976/1447/2157 1977/1448/2158 1978/1449/2159
f 1963/1434/2144 1979/1450/2160 1965/1436/2146
f 1979/1450/2160 1963/1434/2144 1980/1451/2161
f 1958/1429/2139 1980/1451/2161 1963/1434/2144
f 1980/1451/2161 1958/1429/2139 1956/1427/2137
f 1956/1427/2137 1954/1425/2135 1980/1451/2161
f 1981/1452/2162 1980/1451/2161 1954/1425/2135
f 1980/1451/2161 1981/1452/2162 1979/1450/2160
f 1954/1425/2135 1952/1423/2133 1981/1452/2162
f 1936/1409/2117 1982/1453/2163 1937/1408/2118
f 1936/1409/2117 1983/1454/2164 1982/1453/2163
f 1983/1454/2164 1984/1455/2165 1982/1453/2163
f 1983/1454/2164 1985/1456/2166 1984/1455/2165
f 1937/1408/2118 1982/1453/2163 1986/1457/2167
f 1937/1408/2118 1986/1457/2167 1941/1412/2122
f 1982/1453/2163 1987/1458/2168 1986/1457/2167
f 1982/1453/2163 1984/1455/2165 1987/1458/2168
f 1941/1412/2122 1986/1457/2167 1988/1459/2169
f 1941/1412/2122 1988/1459/2169 1942/1413/2123
f 1986/1457/2167 1989/1460/2170 1988/1459/2169
f 1986/1457/2167 1987/1458/2168 1989/1460/2170
f 1942/1413/2123 1988/1459/2169 1990/1461/2171
f 1942/1413/2123 1990/1461/2171 1944/1415/2125
f 1988/1459/2169 1991/1462/2172 1990/1461/2171
f 1988/1459/2169 1989/1460/2170 1991/1462/2172
f 1944/1415/2125 1990/1461/2171 1946/1417/2127
f 1990/1461/2171 1991/1462/2172 1946/1417/2127
f 1936/1409/2117 1992/1464/2173 1983/1454/2164
f 1992/1464/2173 1936/1409/2117 1948/1419/2129
f 1948/1419/2129 1993/1465/2174 1992/1464/2173
f 1993/1465/2174 1948/1419/2129 1949/1420/2130
f 1994/1466/2175 1992/1464/2173 1993/1465/2174
f 1992/1464/2173 1994/1466/2175 1995/1463/2176
f 1995/1463/2176 1983/1454/2164 1992/1464/2173
f 1983/1454/2164 1995/1463/2176 1985/1456/2166
f 1949/1420/2130 1996/1467/2177 1993/1465/2174
f 1994/1466/2175 1993/1465/2174 1996/1467/2177
f 1996/1467/2177 1949/1420/2130 1951/1422/2132
f 1996/1467/2177 1997/1468/2178 1994/1466/2175
f 1996/1467/2177 1951/1422/2132 1998/1469/2179
f 1953/1424/2134 1998/1469/2179 1951/1422/2132
f 1998/1469/2179 1953/1424/2134 1999/1470/2180
f 1996/1467/2177 1998/1469/2179 2000/1471/2181
f 1998/1469/2179 1999/1470/2180 2000/1471/2181
f 1999/1470/2180 2001/1472/2182 2000/1471/2181
f 1999/1470/2180 2002/1473/2183 2001/1472/2182
f 2002/1473/2183 1999/1470/2180 1953/1424/2134
f 1953/1424/2134 1955/1426/2136 2002/1473/2183
f 2003/1474/2184 2002/1473/2183 1955/1426/2136
f 1955/1426/2136 1957/1428/2138 2003/1474/2184
f 2002/1473/2183 2003/1474/2184 2004/1475/2185
f 2005/1476/2186 2001/1472/2182 2002/1473/2183
f 2001/1472/2182 2005/1476/2186 2006/1477/2187
f 2001/1472/2182 2006/1477/2187 2000/1471/2181
f 2007/1478/2188 2006/1477/2187 2005/1476/2186
f 2006/1477/2187 2007/1478/2188 2008/1479/2189
f 2007/1478/2188 2009/1480/2190 2008/1479/2189
f 2010/1481/2191 2008/1479/2189 2009/1480/2190
f 2008/1479/2189 2010/1481/2191 2011/1482/2192
f 2006/1477/2187 2008/1479/2189 2011/1482/2192
f 2006/1477/2187 2011/1482/2192 2000/1471/2181
f 2012/1483/2193 2011/1482/2192 2010/1481/2191
f 2010/1481/2191 2013/1484/2194 2012/1483/2193
f 2010/1481/2191 2014/1485/2195 2013/1484/2194
f 2014/1485/2195 2010/1481/2191 2015/1486/2196
f 2016/1487/2197 2015/1486/2196 2010/1481/2191
f 2016/1487/2197 2010/1481/2191 2009/1480/2190
f 2009/1480/2190 2017/1488/2198 2016/1487/2197
f 2017/1488/2198 2009/1480/2190 2018/1489/2199
f 2018/1489/2199 2019/1490/2200 2017/1488/2198
f 2019/1490/2200 2018/1489/2199 2020/1491/2201
f 2019/1490/2200 2020/1491/2201 2021/1492/2202
f 2021/1492/2202 2022/1493/2203 2019/1490/2200
f 2022/1493/2203 2021/1492/2202 2023/1494/2204
f 2021/1492/2202 2024/1495/2205 2023/1494/2204
f 2021/1492/2202 2025/1496/2206 2024/1495/2205
f 2021/1492/2202 2026/1497/2207 2025/1496/2206
f 2023/1494/2204 2024/1495/2205 2027/1498/2208
f 2024/1495/2205 2028/1499/2209 2027/1498/2208
f 2024/1495/2205 2029/1500/2210 2028/1499/2209
f 2024/1495/2205 2025/1496/2206 2029/1500/2210
f 2027/1498/2208 2028/1499/2209 2030/1501/2211
f 2027/1498/2208 2030/1501/2211 2031/1502/2212
f 2028/1499/2209 2032/1503/2213 2030/1501/2211
f 2028/1499/2209 2029/1500/2210 2032/1503/2213
f 2031/1502/2212 2030/1501/2211 2033/1504/2214
f 2031/1502/2212 2033/1504/2214 2034/1505/2215
f 2030/1501/2211 2035/1506/2216 2033/1504/2214
f 2030/1501/2211 2032/1503/2213 2035/1506/2216
f 2034/1505/2215 2033/1504/2214 2036/1507/2217
f 2033/1504/2214 2035/1506/2216 2036/1507/2217
f 2035/1506/2216 2037/1508/2218 2036/1507/2217
f 2038/1509/2219 2034/1505/2215 2036/1507/2217
f 2032/1503/2213 2037/1508/2218 2035/1506/2216
f 2032/1503/2213 2039/1510/2220 2037/1508/2218
f 2040/1513/2166 2041/1512/2221 2042/1511/2165
f 2040/1513/2166 2043/1514/2222 2041/1512/2221
f 2043/1514/2222 2040/1513/2166 2044/1515/2176
f 2044/1515/2176 2045/1516/2223 2043/1514/2222
f 2046/1517/2224 2043/1514/2222 2045/1516/2223
f 2043/1514/2222 2046/1517/2224 2047/1518/2225
f 2043/1514/2222 2047/1518/2225 2048/1519/2226
f 2043/1514/2222 2048/1519/2226 2041/1512/2221
f 2047/1518/2225 2049/1520/2120 2048/1519/2226
f 2049/1520/2120 2050/1521/2119 2048/1519/2226
f 2041/1512/2221 2048/1519/2226 2051/1522/2227
f 2048/1519/2226 2050/1521/2119 2051/1522/2227
f 2041/1512/2221 2051/1522/2227 2052/1523/2228
f 2050/1521/2119 2053/1524/2121 2051/1522/2227
f 2051/1522/2227 2053/1524/2121 2054/1525/2124
f 2051/1522/2227 2054/1525/2124 2055/1526/2229
f 2055/1526/2229 2054/1525/2124 2056/1527/2126
f 2055/1526/2229 2056/1527/2126 2057/1528/2230
f 2058/1529/2231 2055/1526/2229 2057/1528/2230
f 2058/1529/2231 2057/1528/2230 2059/1530/2232
f 2060/1531/2170 2058/1529/2231 2059/1530/2232
f 2061/1532/2168 2058/1529/2231 2060/1531/2170
f 2061/1532/2168 2052/1523/2228 2058/1529/2231
f 2042/1511/2165 2052/1523/2228 2061/1532/2168
f 2060/1531/2170 2059/1530/2232 2062/1533/2172
f 2062/1533/2172 2059/1530/2232 2063/1534/2127
f 2059/1530/2232 2057/1528/2230 2063/1534/2127
f 2057/1528/2230 2056/1527/2126 2063/1534/2127
f 2042/1511/2165 2041/1512/2221 2052/1523/2228
f 2064/1537/2233 2065/1536/2234 2066/1535/2235
f 2064/1537/2233 2067/1538/2236 2065/1536/2234
f 2049/1520/2120 2047/1518/2225 2068/1539/2128
f 2046/1517/2224 2068/1539/2128 2047/1518/2225
f 2046/1517/2224 2069/1540/2131 2068/1539/2128
f 2069/1540/2131 2046/1517/2224 2070/1541/2237
f 2045/1516/2223 2070/1541/2237 2046/1517/2224
f 2070/1541/2237 2045/1516/2223 2071/1542/2238
f 2044/1515/2176 2071/1542/2238 2045/1516/2223
f 2071/1542/2238 2044/1515/2176 2072/1543/2175
f 2071/1542/2238 2072/1543/2175 2073/1544/2178
f 2073/1544/2178 2074/1545/2239 2071/1542/2238
f 2075/1546/2240 2071/1542/2238 2074/1545/2239
f 2071/1542/2238 2075/1546/2240 2070/1541/2237
f 2076/1547/2133 2070/1541/2237 2075/1546/2240
f 2070/1541/2237 2076/1547/2133 2069/1540/2131
f 2073/1544/2178 2077/1548/2241 2074/1545/2239
f 2077/1548/2241 2073/1544/2178 2078/1549/2242
f 2079/1550/2243 2074/1545/2239 2077/1548/2241
f 2074/1545/2239 2079/1550/2243 2075/1546/2240
f 2075/1546/2240 2079/1550/2243 2076/1547/2133
f 2080/1551/2244 2076/1547/2133 2079/1550/2243
f 2076/1547/2133 2080/1551/2244 2081/1552/2245
f 2076/1547/2133 2081/1552/2245 2082/1553/2246
f 2082/1553/2246 2083/1554/2162 2076/1547/2133
f 2082/1553/2246 2084/1555/2160 2083/1554/2162
f 2084/1555/2160 2082/1553/2246 2085/1556/2247
f 2084/1555/2160 2085/1556/2247 2086/1557/2248
f 2086/1557/2248 2087/1558/2146 2084/1555/2160
f 2087/1558/2146 2086/1557/2248 2088/1559/2249
f 2087/1558/2146 2088/1559/2249 2089/1560/2145
f 2086/1557/2248 2090/1561/2250 2088/1559/2249
f 2086/1557/2248 2091/1562/2251 2090/1561/2250
f 2091/1562/2251 2092/1563/2140 2090/1561/2250
f 2092/1563/2140 2093/1564/2141 2090/1561/2250
f 2089/1560/2145 2088/1559/2249 2094/1565/2252
f 2089/1560/2145 2094/1565/2252 2095/1566/2150
f 2088/1559/2249 2096/1567/2253 2094/1565/2252
f 2088/1559/2249 2090/1561/2250 2096/1567/2253
f 2090/1561/2250 2093/1564/2141 2096/1567/2253
f 2093/1564/2141 2097/1568/2147 2096/1567/2253
f 2095/1566/2150 2094/1565/2252 2098/1569/2254
f 2095/1566/2150 2098/1569/2254 2099/1570/2154
f 2096/1567/2253 2097/1568/2147 2100/1571/2152
f 2096/1567/2253 2100/1571/2152 2101/1572/2255
f 2099/1570/2154 2098/1569/2254 2102/1573/2256
f 2099/1570/2154 2102/1573/2256 2103/1574/2158
f 2098/1569/2254 2104/1575/2257 2102/1573/2256
f 2098/1569/2254 2101/1572/2255 2104/1575/2257
f 2101/1572/2255 2105/1576/2156 2104/1575/2257
f 2101/1572/2255 2100/1571/2152 2105/1576/2156
f 2103/1574/2158 2102/1573/2256 2106/1577/2159
f 2102/1573/2256 2104/1575/2257 2106/1577/2159
f 2104/1575/2257 2105/1576/2156 2106/1577/2159
f 2092/1563/2140 2091/1562/2251 2107/1578/2138
f 2108/1579/2258 2107/1578/2138 2091/1562/2251
f 2086/1557/2248 2108/1579/2258 2091/1562/2251
f 2108/1579/2258 2086/1557/2248 2085/1556/2247
f 2085/1556/2247 2109/1580/2259 2108/1579/2258
f 2109/1580/2259 2085/1556/2247 2082/1553/2246
f 2110/1581/2184 2108/1579/2258 2109/1580/2259
f 2108/1579/2258 2110/1581/2184 2107/1578/2138
f 2082/1553/2246 2111/1582/2260 2109/1580/2259
f 2111/1582/2260 2082/1553/2246 2081/1552/2245
f 2112/1583/2185 2109/1580/2259 2111/1582/2260
f 2109/1580/2259 2112/1583/2185 2110/1581/2184
f 2081/1552/2245 2113/1584/2261 2111/1582/2260
f 2111/1582/2260 2113/1584/2261 2112/1583/2185
f 2113/1584/2261 2081/1552/2245 2080/1551/2244
f 2114/1585/2262 2112/1583/2185 2113/1584/2261
f 2112/1583/2185 2114/1585/2262 2115/1586/2263
f 2112/1583/2185 2115/1586/2263 2116/1587/2264
f 2116/1587/2264 2117/1588/2265 2112/1583/2185
f 2116/1587/2264 2118/1589/2266 2117/1588/2265
f 2118/1589/2266 2116/1587/2264 2119/1590/2267
f 2118/1589/2266 2119/1590/2267 2120/1591/2268
f 2120/1591/2268 2121/1592/2269 2118/1589/2266
f 2121/1592/2269 2120/1591/2268 2122/1593/2270
f 2121/1592/2269 2122/1593/2270 2123/1594/2271
f 2120/1591/2268 2124/1595/2272 2122/1593/2270
f 2120/1591/2268 2125/1596/2273 2124/1595/2272
f 2125/1596/2273 2126/1597/2274 2124/1595/2272
f 2126/1597/2274 2127/1598/2275 2124/1595/2272
f 2123/1594/2271 2122/1593/2270 2128/1599/2276
f 2123/1594/2271 2128/1599/2276 2129/1600/2277
f 2122/1593/2270 2130/1601/2278 2128/1599/2276
f 2122/1593/2270 2124/1595/2272 2130/1601/2278
f 2124/1595/2272 2127/1598/2275 2130/1601/2278
f 2127/1598/2275 2131/1602/2279 2130/1601/2278
f 2129/1600/2277 2128/1599/2276 2132/1603/2280
f 2129/1600/2277 2132/1603/2280 2133/1604/2281
f 2130/1601/2278 2131/1602/2279 2134/1605/2282
f 2130/1601/2278 2134/1605/2282 2135/1606/2283
f 2133/1604/2281 2132/1603/2280 2136/1607/2284
f 2133/1604/2281 2136/1607/2284 2137/1608/2285
f 2132/1603/2280 2138/1609/2286 2136/1607/2284
f 2132/1603/2280 2135/1606/2283 2138/1609/2286
f 2135/1606/2283 2139/1610/2287 2138/1609/2286
f 2135/1606/2283 2134/1605/2282 2139/1610/2287
f 2137/1608/2285 2136/1607/2284 2140/1611/2288
f 2136/1607/2284 2138/1609/2286 2140/1611/2288
f 2138/1609/2286 2139/1610/2287 2140/1611/2288
f 2126/1597/2274 2125/1596/2273 2141/1612/2289
f 2142/1613/2290 2141/1612/2289 2125/1596/2273
f 2120/1591/2268 2142/1613/2290 2125/1596/2273
f 2142/1613/2290 2120/1591/2268 2119/1590/2267
f 2119/1590/2267 2143/1614/2291 2142/1613/2290
f 2143/1614/2291 2119/1590/2267 2116/1587/2264
f 2144/1615/2292 2142/1613/2290 2143/1614/2291
f 2142/1613/2290 2144/1615/2292 2141/1612/2289
f 2116/1587/2264 2145/1616/2293 2143/1614/2291
f 2144/1615/2292 2143/1614/2291 2145/1616/2293
f 2145/1616/2293 2116/1587/2264 2115/1586/2263
f 2145/1616/2293 2146/1617/2294 2144/1615/2292
f 2115/1586/2263 2114/1585/2262 2145/1616/2293
f 2147/1618/2295 2145/1616/2293 2114/1585/2262
f 2145/1616/2293 2147/1618/2295 2146/1617/2294
f 2146/1617/2294 2147/1618/2295 2148/1619/2296
f 2146/1617/2294 2148/1619/2296 2149/1620/2297
f 2149/1620/2297 2150/1621/2298 2146/1617/2294
f 2149/1620/2297 2151/1622/2299 2150/1621/2298
f 2151/1622/2299 2149/1620/2297 2152/1623/2300
f 2151/1622/2299 2152/1623/2300 2153/1624/2301
f 2153/1624/2301 2154/1625/2302 2151/1622/2299
f 2154/1625/2302 2153/1624/2301 2155/1626/2303
f 2154/1625/2302 2155/1626/2303 2156/1627/2304
f 2153/1624/2301 2157/1628/2305 2155/1626/2303
f 2156/1627/2304 2155/1626/2303 2158/1629/2306
f 2156/1627/2304 2158/1629/2306 2159/1630/2307
f 2155/1626/2303 2160/1631/2308 2158/1629/2306
f 2155/1626/2303 2157/1628/2305 2160/1631/2308
f 2159/1630/2307 2158/1629/2306 2161/1632/2309
f 2159/1630/2307 2161/1632/2309 2162/1633/2220
f 2162/1633/2220 2161/1632/2309 2163/1634/2310
f 2162/1633/2220 2163/1634/2310 2164/1635/2218
f 2161/1632/2309 2165/1636/2219 2163/1634/2310
f 2161/1632/2309 2166/1637/2311 2165/1636/2219
f 2166/1637/2311 2167/1638/2215 2165/1636/2219
f 2166/1637/2311 2168/1639/2212 2167/1638/2215
f 2160/1631/2308 2168/1639/2212 2166/1637/2311
f 2160/1631/2308 2169/1640/2208 2168/1639/2212
f 2170/1641/2204 2169/1640/2208 2160/1631/2308
f 2157/1628/2305 2170/1641/2204 2160/1631/2308
f 2171/1642/2203 2170/1641/2204 2157/1628/2305
f 2172/1643/2312 2171/1642/2203 2157/1628/2305
f 2171/1642/2203 2172/1643/2312 2173/1644/2200
f 2174/1645/2313 2173/1644/2200 2172/1643/2312
f 2153/1624/2301 2174/1645/2313 2172/1643/2312
f 2153/1624/2301 2172/1643/2312 2157/1628/2305
f 2174/1645/2313 2153/1624/2301 2152/1623/2300
f 2152/1623/2300 2175/1646/2314 2174/1645/2313
f 2175/1646/2314 2152/1623/2300 2149/1620/2297
f 2176/1647/2198 2174/1645/2313 2175/1646/2314
f 2174/1645/2313 2176/1647/2198 2173/1644/2200
f 2149/1620/2297 2177/1648/2315 2175/1646/2314
f 2177/1648/2315 2149/1620/2297 2148/1619/2296
f 2178/1649/2197 2175/1646/2314 2177/1648/2315
f 2175/1646/2314 2178/1649/2197 2176/1647/2198
f 2148/1619/2296 2179/1650/2316 2177/1648/2315
f 2178/1649/2197 2177/1648/2315 2179/1650/2316
f 2179/1650/2316 2148/1619/2296 2147/1618/2295
f 2179/1650/2316 2180/1651/2196 2178/1649/2197
f 2147/1618/2295 2181/1652/2317 2179/1650/2316
f 2181/1652/2317 2180/1651/2196 2179/1650/2316
f 2181/1652/2317 2147/1618/2295 2182/1653/2318
f 2183/1654/2319 2182/1653/2318 2147/1618/2295
f 2147/1618/2295 2114/1585/2262 2183/1654/2319
f 2184/1655/2320 2183/1654/2319 2114/1585/2262
f 2114/1585/2262 2113/1584/2261 2184/1655/2320
f 2080/1551/2244 2184/1655/2320 2113/1584/2261
f 2184/1655/2320 2080/1551/2244 2185/1656/2321
f 2079/1550/2243 2185/1656/2321 2080/1551/2244
f 2185/1656/2321 2079/1550/2243 2186/1657/2322
f 2079/1550/2243 2187/1658/2323 2186/1657/2322
f 2187/1658/2323 2079/1550/2243 2077/1548/2241
f 2077/1548/2241 2188/1659/2324 2187/1658/2323
f 2188/1659/2324 2077/1548/2241 2078/1549/2242
f 2180/1651/2196 2181/1652/2317 2189/1660/2195
f 2186/1657/2322 2190/1661/2325 2185/1656/2321
f 2190/1661/2325 2186/1657/2322 2191/1662/2326
f 2187/1658/2323 2191/1662/2326 2186/1657/2322
f 2192/1663/2327 2185/1656/2321 2190/1661/2325
f 2185/1656/2321 2192/1663/2327 2184/1655/2320
f 2193/1664/2328 2184/1655/2320 2192/1663/2327
f 2184/1655/2320 2193/1664/2328 2183/1654/2319
f 2194/1665/2329 2183/1654/2319 2193/1664/2328
f 2183/1654/2319 2194/1665/2329 2182/1653/2318
f 2195/1666/2330 2182/1653/2318 2194/1665/2329
f 2182/1653/2318 2195/1666/2330 2181/1652/2317
f 2191/1662/2326 2187/1658/2323 2196/1667/2331
f 2188/1659/2324 2196/1667/2331 2187/1658/2323
f 2196/1667/2331 2188/1659/2324 2197/1668/2332
f 2198/1669/2333 2181/1652/2317 2195/1666/2330
f 2181/1652/2317 2198/1669/2333 2189/1660/2195
f 2199/1672/2334 2200/1671/2335 2201/1670/2336
f 2199/1672/2334 2202/1673/2337 2200/1671/2335
f 2203/1676/2338 2204/1675/2339 2205/1674/2275
f 2206/1677/2274 2203/1676/2338 2205/1674/2275
f 2203/1676/2338 2207/1678/2340 2204/1675/2339
f 2203/1676/2338 2208/1679/2341 2207/1678/2340
f 2208/1679/2341 2209/1680/2271 2207/1678/2340
f 2208/1679/2341 2210/1681/2269 2209/1680/2271
f 2205/1674/2275 2204/1675/2339 2211/1682/2279
f 2204/1675/2339 2212/1683/2342 2211/1682/2279
f 2204/1675/2339 2213/1684/2343 2212/1683/2342
f 2204/1675/2339 2207/1678/2340 2213/1684/2343
f 2207/1678/2340 2214/1685/2277 2213/1684/2343
f 2207/1678/2340 2209/1680/2271 2214/1685/2277
f 2211/1682/2279 2212/1683/2342 2215/1686/2344
f 2211/1682/2279 2215/1686/2344 2216/1687/2282
f 2212/1683/2342 2217/1688/2345 2215/1686/2344
f 2212/1683/2342 2213/1684/2343 2217/1688/2345
f 2213/1684/2343 2214/1685/2277 2218/1689/2281
f 2213/1684/2343 2218/1689/2281 2217/1688/2345
f 2216/1687/2282 2215/1686/2344 2219/1690/2346
f 2216/1687/2282 2219/1690/2346 2220/1691/2287
f 2215/1686/2344 2221/1692/2347 2219/1690/2346
f 2215/1686/2344 2217/1688/2345 2221/1692/2347
f 2208/1679/2341 2222/1693/2266 2210/1681/2269
f 2222/1693/2266 2208/1679/2341 2223/1696/2348
f 2203/1676/2338 2223/1696/2348 2208/1679/2341
f 2223/1696/2348 2203/1676/2338 2224/1697/2349
f 2225/1698/2289 2224/1697/2349 2203/1676/2338
f 2203/1676/2338 2206/1677/2274 2225/1698/2289
f 2225/1698/2289 2226/1699/2350 2224/1697/2349
f 2226/1699/2350 2225/1698/2289 2227/1700/2292
f 2228/1701/2351 2224/1697/2349 2226/1699/2350
f 2224/1697/2349 2228/1701/2351 2223/1696/2348
f 2229/1702/2265 2223/1696/2348 2228/1701/2351
f 2223/1696/2348 2229/1702/2265 2222/1693/2266
f 2227/1700/2292 2007/1478/2188 2226/1699/2350
f 2007/1478/2188 2227/1700/2292 2230/1703/2294
f 2005/1476/2186 2226/1699/2350 2007/1478/2188
f 2226/1699/2350 2005/1476/2186 2228/1701/2351
f 2004/1475/2185 2228/1701/2351 2005/1476/2186
f 2228/1701/2351 2004/1475/2185 2229/1702/2265
f 2007/1478/2188 2230/1703/2294 2231/1704/2352
f 2230/1703/2294 2232/1705/2353 2231/1704/2352
f 2232/1705/2353 2230/1703/2294 2233/1706/2298
f 2233/1706/2298 2234/1707/2354 2232/1705/2353
f 2234/1707/2354 2233/1706/2298 2235/1708/2299
f 2235/1708/2299 2026/1497/2207 2234/1707/2354
f 2026/1497/2207 2235/1708/2299 2236/1709/2302
f 2026/1497/2207 2236/1709/2302 2237/1710/2304
f 2026/1497/2207 2237/1710/2304 2025/1496/2206
f 2025/1496/2206 2237/1710/2304 2238/1711/2307
f 2025/1496/2206 2238/1711/2307 2029/1500/2210
f 2029/1500/2210 2238/1711/2307 2039/1510/2220
f 2029/1500/2210 2039/1510/2220 2032/1503/2213
f 2239/1714/2355 2240/1713/2356 2241/1712/2357
f 2239/1714/2355 2242/1715/2358 2240/1713/2356
f 2217/1688/2345 2243/1694/2285 2221/1692/2347
f 2217/1688/2345 2218/1689/2281 2243/1694/2285
f 2220/1691/2287 2219/1690/2346 2244/1695/2288
f 2221/1692/2347 2243/1694/2285 2244/1695/2288
f 2219/1690/2346 2221/1692/2347 2244/1695/2288
f 2245/1718/2359 2246/1717/2360 2247/1716/2361
f 2245/1718/2359 2248/1719/2362 2246/1717/2360
f 2037/1508/2218 2249/1720/2310 2036/1507/2217
f 2249/1720/2310 2038/1509/2219 2036/1507/2217
f 2234/1707/2354 2021/1492/2202 2020/1491/2201
f 2021/1492/2202 2234/1707/2354 2026/1497/2207
f 2020/1491/2201 2232/1705/2353 2234/1707/2354
f 2232/1705/2353 2020/1491/2201 2018/1489/2199
f 2018/1489/2199 2231/1704/2352 2232/1705/2353
f 2231/1704/2352 2018/1489/2199 2009/1480/2190
f 2007/1478/2188 2231/1704/2352 2009/1480/2190
f 2002/1473/2183 2004/1475/2185 2005/1476/2186
f 2250/1723/2363 2251/1722/2364 2252/1721/2365
f 2253/1724/2366 2250/1723/2363 2252/1721/2365
f 2250/1723/2363 2254/1725/2367 2251/1722/2364
f 2250/1723/2363 2255/1726/2368 2254/1725/2367
f 2255/1726/2368 2256/1727/2369 2254/1725/2367
f 2252/1721/2365 2251/1722/2364 2257/1728/2370
f 2251/1722/2364 2258/1729/2371 2257/1728/2370
f 2251/1722/2364 2259/1730/2372 2258/1729/2371
f 2251/1722/2364 2254/1725/2367 2259/1730/2372
f 2254/1725/2367 2260/1731/2373 2259/1730/2372
f 2254/1725/2367 2256/1727/2369 2260/1731/2373
f 2255/1726/2368 2261/1732/2374 2256/1727/2369
f 2257/1728/2370 2258/1729/2371 2262/1733/2375
f 2257/1728/2370 2262/1733/2375 2263/1734/2376
f 2258/1729/2371 2264/1735/2377 2262/1733/2375
f 2258/1729/2371 2259/1730/2372 2264/1735/2377
f 2259/1730/2372 2265/1736/2378 2264/1735/2377
f 2259/1730/2372 2260/1731/2373 2265/1736/2378
f 2262/1733/2375 2264/1735/2377 2266/1737/2379
f 2262/1733/2375 2266/1737/2379 2267/1738/2380
f 2255/1726/2368 2268/1739/2381 2261/1732/2374
f 2263/1734/2376 2262/1733/2375 2267/1738/2380
f 2263/1734/2376 2267/1738/2380 2269/1740/2382
f 2261/1732/2374 2270/1741/2383 2256/1727/2369
f 2261/1732/2374 2271/1742/2384 2270/1741/2383
f 2271/1742/2384 2272/1743/2385 2270/1741/2383
f 2271/1742/2384 2273/1744/2386 2272/1743/2385
f 2273/1744/2386 2253/1724/2366 2272/1743/2385
f 2253/1724/2366 2252/1721/2365 2272/1743/2385
f 2270/1741/2383 2272/1743/2385 2274/1745/2387
f 2272/1743/2385 2252/1721/2365 2274/1745/2387
f 2270/1741/2383 2274/1745/2387 2275/1746/2388
f 2256/1727/2369 2275/1746/2388 2260/1731/2373
f 2256/1727/2369 2270/1741/2383 2275/1746/2388
f 2252/1721/2365 2257/1728/2370 2274/1745/2387
f 2260/1731/2373 2275/1746/2388 2276/1747/2389
f 2260/1731/2373 2276/1747/2389 2265/1736/2378
f 2274/1745/2387 2257/1728/2370 2263/1734/2376
f 2274/1745/2387 2263/1734/2376 2277/1748/2390
f 2265/1736/2378 2276/1747/2389 2278/1749/2391
f 2265/1736/2378 2278/1749/2391 2279/1750/2392
f 2264/1735/2377 2265/1736/2378 2279/1750/2392
f 2264/1735/2377 2279/1750/2392 2266/1737/2379
f 2276/1747/2389 2280/1751/2393 2278/1749/2391
f 2276/1747/2389 2277/1748/2390 2280/1751/2393
f 2277/1748/2390 2269/1740/2382 2280/1751/2393
f 2266/1737/2379 2279/1750/2392 2281/1752/2394
f 2279/1750/2392 2278/1749/2391 2281/1752/2394
f 2278/1749/2391 2280/1751/2393 2281/1752/2394
f 2280/1751/2393 2269/1740/2382 2281/1752/2394
f 2267/1738/2380 2266/1737/2379 2281/1752/2394
f 2277/1748/2390 2263/1734/2376 2269/1740/2382
f 2269/1740/2382 2267/1738/2380 2281/1752/2394
f 2282/1755/2395 2283/1754/2396 2284/1753/2397
f 2282/1755/2395 2285/1756/2398 2283/1754/2396
f 2250/1723/2363 2253/1724/2366 2286/1757/2399
f 2286/1757/2399 2287/1758/2400 2250/1723/2363
f 2288/1759/2401 2250/1723/2363 2287/1758/2400
f 2250/1723/2363 2288/1759/2401 2255/1726/2368
f 2286/1757/2399 2289/1760/2402 2287/1758/2400
f 2289/1760/2402 2286/1757/2399 2290/1761/2403
f 2291/1762/2404 2287/1758/2400 2289/1760/2402
f 2287/1758/2400 2291/1762/2404 2288/1759/2401
f 2292/1763/2405 2290/1761/2403 2286/1757/2399
f 2290/1761/2403 2292/1763/2405 2293/1764/2406
f 2290/1761/2403 2294/1765/2407 2289/1760/2402
f 2294/1765/2407 2290/1761/2403 2295/1766/2408
f 2293/1764/2406 2295/1766/2408 2290/1761/2403
f 2295/1766/2408 2293/1764/2406 2296/1767/2409
f 2295/1766/2408 2296/1767/2409 2297/1768/2410
f 2297/1768/2410 2298/1769/2242 2295/1766/2408
f 2295/1766/2408 2298/1769/2242 1997/1468/2178
f 2297/1768/2410 2299/1770/2324 2298/1769/2242
f 2300/1771/2411 2288/1759/2401 2291/1762/2404
f 2288/1759/2401 2300/1771/2411 2268/1739/2381
f 2301/1772/2412 2289/1760/2402 2294/1765/2407
f 2289/1760/2402 2301/1772/2412 2291/1762/2404
f 2301/1772/2412 2302/1773/2413 2291/1762/2404
f 2294/1765/2407 1997/1468/2178 1996/1467/2177
f 2301/1772/2412 2294/1765/2407 1996/1467/2177
f 1996/1467/2177 2000/1471/2181 2301/1772/2412
f 2268/1739/2381 2255/1726/2368 2288/1759/2401
f 2271/1742/2384 2261/1732/2374 2268/1739/2381
f 2268/1739/2381 2303/1774/2414 2271/1742/2384
f 2292/1763/2405 2271/1742/2384 2303/1774/2414
f 2271/1742/2384 2292/1763/2405 2273/1744/2386
f 2292/1763/2405 2286/1757/2399 2273/1744/2386
f 2253/1724/2366 2273/1744/2386 2286/1757/2399
f 2268/1739/2381 2304/1775/2415 2303/1774/2414
f 2293/1764/2406 2303/1774/2414 2304/1775/2415
f 2303/1774/2414 2293/1764/2406 2292/1763/2405
f 2304/1775/2415 2296/1767/2409 2293/1764/2406
f 2296/1767/2409 2304/1775/2415 2305/1776/2416
f 2306/1777/2417 2305/1776/2416 2304/1775/2415
f 2304/1775/2415 2300/1771/2411 2306/1777/2417
f 2304/1775/2415 2268/1739/2381 2300/1771/2411
f 2302/1773/2413 2306/1777/2417 2300/1771/2411
f 2300/1771/2411 2291/1762/2404 2302/1773/2413
f 2306/1777/2417 2307/1778/2418 2305/1776/2416
f 2307/1778/2418 2306/1777/2417 2308/1779/2419
f 2297/1768/2410 2305/1776/2416 2307/1778/2418
f 2305/1776/2416 2297/1768/2410 2296/1767/2409
f 2297/1768/2410 2307/1778/2418 2299/1770/2324
f 2302/1773/2413 2309/1780/2420 2306/1777/2417
f 2309/1780/2420 2308/1779/2419 2306/1777/2417
f 2000/1471/2181 2309/1780/2420 2302/1773/2413
f 2302/1773/2413 2301/1772/2412 2000/1471/2181
f 2000/1471/2181 2011/1482/2192 2309/1780/2420
f 2309/1780/2420 2310/1781/2421 2308/1779/2419
f 2310/1781/2421 2299/1770/2324 2308/1779/2419
f 2299/1770/2324 2307/1778/2418 2308/1779/2419
f 2012/1483/2193 2310/1781/2421 2309/1780/2420
f 2309/1780/2420 2011/1482/2192 2012/1483/2193
f 2310/1781/2421 2311/1782/2332 2299/1770/2324
f 2311/1782/2332 2310/1781/2421 2312/1783/2422
f 2012/1483/2193 2312/1783/2422 2310/1781/2421
f 2312/1783/2422 2012/1483/2193 2313/1784/2423
f 2013/1484/2194 2313/1784/2423 2012/1483/2193
f 2313/1784/2423 2013/1484/2194 2314/1785/2424
f 2014/1485/2195 2314/1785/2424 2013/1484/2194
f 2314/1785/2424 2014/1485/2195 2315/1786/2333
f 2294/1765/2407 2295/1766/2408 1997/1468/2178
f 2316/1787/2425 2317/1788/2426 2318/1789/2427
f 2316/1787/2425 2318/1789/2427 2319/1790/2428
f 2318/1789/2427 2320/1791/2429 2319/1790/2428
f 2320/1791/2429 2318/1789/2427 2321/1792/2430
f 2318/1789/2427 2317/1788/2426 2321/1792/2430
f 2322/1793/2431 2321/1792/2430 2317/1788/2426
f 2322/1793/2431 2323/1794/2432 2321/1792/2430
f 2322/1793/2431 2324/1795/2433 2323/1794/2432
f 2325/1796/2434 2324/1795/2433 2322/1793/2431
f 2326/1797/2435 2324/1795/2433 2325/1796/2434
f 2326/1797/2435 2327/1798/2436 2324/1795/2433
f 2328/1799/2437 2327/1798/2436 2326/1797/2435
f 2328/1799/2437 2329/1800/2438 2327/1798/2436
f 2329/1800/2438 2330/1801/2439 2327/1798/2436
f 2331/1802/2440 2330/1801/2439 2329/1800/2438
f 2332/1803/2441 2331/1802/2440 2329/1800/2438
f 2333/1804/2442 2331/1802/2440 2332/1803/2441
f 2334/1805/2443 2333/1804/2442 2332/1803/2441
f 2335/1806/2444 2333/1804/2442 2334/1805/2443
f 2336/1807/2445 2325/1796/2434 2322/1793/2431
f 2325/1796/2434 2336/1807/2445 2337/1808/2446
f 2325/1796/2434 2337/1808/2446 2338/1809/2447
f 2333/1804/2442 2339/1810/2448 2331/1802/2440
f 2339/1810/2448 2333/1804/2442 2340/1811/2449
f 2341/1812/2450 2340/1811/2449 2333/1804/2442
f 2342/1813/2451 2341/1812/2450 2333/1804/2442
f 2342/1813/2451 2333/1804/2442 2335/1806/2444
f 2343/1814/2452 2341/1812/2450 2342/1813/2451
f 2343/1814/2452 2344/1815/2453 2341/1812/2450
f 2345/1816/2454 2344/1815/2453 2343/1814/2452
f 2346/1817/2455 2345/1816/2454 2343/1814/2452
f 2346/1817/2455 2347/1818/2456 2345/1816/2454
f 2347/1818/2456 2348/1819/2457 2345/1816/2454
f 2348/1819/2457 2347/1818/2456 2349/1820/2458
f 2350/1821/2459 2345/1816/2454 2348/1819/2457
f 2351/1822/2460 2344/1815/2453 2345/1816/2454
f 2345/1816/2454 2350/1821/2459 2351/1822/2460
f 2340/1811/2449 2341/1812/2450 2351/1822/2460
f 2344/1815/2453 2351/1822/2460 2341/1812/2450
f 2347/1818/2456 2346/1817/2455 2352/1823/2461
f 2353/1824/2462 2347/1818/2456 2352/1823/2461
f 2354/1825/2463 2352/1823/2461 2346/1817/2455
f 2355/1826/2464 2353/1824/2462 2352/1823/2461
f 2354/1825/2463 2355/1826/2464 2352/1823/2461
f 2353/1824/2462 2355/1826/2464 2356/1827/2465
f 2357/1828/2466 2355/1826/2464 2354/1825/2463
f 2343/1814/2452 2358/1829/2467 2346/1817/2455
f 2359/1830/2468 2346/1817/2455 2358/1829/2467
f 2360/1831/2469 2354/1825/2463 2346/1817/2455
f 2346/1817/2455 2359/1830/2468 2360/1831/2469
f 2357/1828/2466 2354/1825/2463 2360/1831/2469
f 2360/1831/2469 2361/1832/2470 2357/1828/2466
f 2358/1829/2467 2362/1833/2471 2359/1830/2468
f 2363/1834/2472 2359/1830/2468 2362/1833/2471
f 2358/1829/2467 2364/1835/2473 2362/1833/2471
f 2364/1835/2473 2358/1829/2467 2365/1836/2474
f 2343/1814/2452 2365/1836/2474 2358/1829/2467
f 2365/1836/2474 2343/1814/2452 2342/1813/2451
f 2366/1837/2475 2360/1831/2469 2359/1830/2468
f 2359/1830/2468 2363/1834/2472 2366/1837/2475
f 2367/1838/2476 2361/1832/2470 2360/1831/2469
f 2360/1831/2469 2366/1837/2475 2367/1838/2476
f 2363/1834/2472 2368/1839/2477 2366/1837/2475
f 2369/1840/2478 2366/1837/2475 2368/1839/2477
f 2366/1837/2475 2369/1840/2478 2367/1838/2476
f 2370/1841/2479 2367/1838/2476 2369/1840/2478
f 2371/1842/2480 2357/1828/2466 2361/1832/2470
f 2361/1832/2470 2367/1838/2476 2372/1843/2481
f 2372/1843/2481 2371/1842/2480 2361/1832/2470
f 2373/1844/2482 2367/1838/2476 2370/1841/2479
f 2373/1844/2482 2372/1843/2481 2367/1838/2476
f 2362/1833/2471 2374/1845/2483 2363/1834/2472
f 2375/1846/2484 2363/1834/2472 2374/1845/2483
f 2374/1845/2483 2362/1833/2471 2376/1847/2485
f 2364/1835/2473 2376/1847/2485 2362/1833/2471
f 2368/1839/2477 2377/1848/2486 2369/1840/2478
f 2378/1849/2487 2369/1840/2478 2377/1848/2486
f 2369/1840/2478 2378/1849/2487 2370/1841/2479
f 2379/1850/2488 2370/1841/2479 2378/1849/2487
f 2370/1841/2479 2379/1850/2488 2373/1844/2482
f 2377/1848/2486 2380/1851/2489 2378/1849/2487
f 2381/1852/2490 2378/1849/2487 2380/1851/2489
f 2379/1850/2488 2378/1849/2487 2381/1852/2490
f 2380/1851/2489 2382/1853/2491 2381/1852/2490
f 2383/1854/2492 2381/1852/2490 2382/1853/2491
f 2382/1853/2491 2384/1855/2493 2383/1854/2492
f 2385/1856/2494 2383/1854/2492 2384/1855/2493
f 2384/1855/2493 2386/1857/2495 2385/1856/2494
f 2387/1858/2496 2385/1856/2494 2386/1857/2495
f 2388/1859/2497 2387/1858/2496 2386/1857/2495
f 2386/1857/2495 2389/1860/2498 2388/1859/2497
f 2386/1857/2495 2390/1861/2499 2389/1860/2498
f 2391/1862/2500 2389/1860/2498 2390/1861/2499
f 2389/1860/2498 2392/1863/2501 2388/1859/2497
f 2393/1864/2502 2388/1859/2497 2392/1863/2501
f 2392/1863/2501 2389/1860/2498 2394/1865/2503
f 2391/1862/2500 2394/1865/2503 2389/1860/2498
f 2392/1863/2501 2395/1866/2504 2393/1864/2502
f 2396/1867/2505 2393/1864/2502 2395/1866/2504
f 2395/1866/2504 2392/1863/2501 2397/1868/2506
f 2394/1865/2503 2397/1868/2506 2392/1863/2501
f 2395/1866/2504 2398/1869/2507 2396/1867/2505
f 2399/1870/2508 2396/1867/2505 2398/1869/2507
f 2398/1869/2507 2395/1866/2504 2400/1871/2509
f 2397/1868/2506 2400/1871/2509 2395/1866/2504
f 2398/1869/2507 2401/1872/2510 2399/1870/2508
f 2402/1873/2511 2399/1870/2508 2401/1872/2510
f 2401/1872/2510 2398/1869/2507 2403/1874/2512
f 2400/1871/2509 2403/1874/2512 2398/1869/2507
f 2393/1864/2502 2404/1875/2513 2388/1859/2497
f 2404/1875/2513 2393/1864/2502 2396/1867/2505
f 2396/1867/2505 2405/1876/2514 2404/1875/2513
f 2405/1876/2514 2396/1867/2505 2406/1877/2515
f 2399/1870/2508 2406/1877/2515 2396/1867/2505
f 2406/1877/2515 2399/1870/2508 2407/1878/2516
f 2402/1873/2511 2407/1878/2516 2399/1870/2508
f 2394/1865/2503 2408/1879/2517 2397/1868/2506
f 2408/1879/2517 2394/1865/2503 2409/1880/2518
f 2391/1862/2500 2409/1880/2518 2394/1865/2503
f 2409/1880/2518 2391/1862/2500 2410/1881/2519
f 2390/1861/2499 2410/1881/2519 2391/1862/2500
f 2411/1882/2520 2397/1868/2506 2408/1879/2517
f 2412/1883/2521 2400/1871/2509 2411/1882/2520
f 2400/1871/2509 2412/1883/2521 2403/1874/2512
f 2397/1868/2506 2411/1882/2520 2400/1871/2509
f 2413/1884/2522 2403/1874/2512 2412/1883/2521
f 2405/1876/2514 2414/1885/2523 2404/1875/2513
f 2415/1886/2524 2404/1875/2513 2414/1885/2523
f 2414/1885/2523 2405/1876/2514 2416/1887/2525
f 2406/1877/2515 2416/1887/2525 2405/1876/2514
f 2416/1887/2525 2406/1877/2515 2417/1888/2526
f 2407/1878/2516 2417/1888/2526 2406/1877/2515
f 2414/1885/2523 2418/1889/2527 2415/1886/2524
f 2419/1890/2528 2415/1886/2524 2418/1889/2527
f 2418/1889/2527 2414/1885/2523 2420/1891/2529
f 2416/1887/2525 2420/1891/2529 2414/1885/2523
f 2420/1891/2529 2416/1887/2525 2421/1892/2530
f 2417/1888/2526 2421/1892/2530 2416/1887/2525
f 2418/1889/2527 2422/1893/2531 2419/1890/2528
f 2423/1894/2532 2419/1890/2528 2422/1893/2531
f 2422/1893/2531 2418/1889/2527 2424/1895/2533
f 2420/1891/2529 2424/1895/2533 2418/1889/2527
f 2424/1895/2533 2420/1891/2529 2425/1896/2534
f 2421/1892/2530 2425/1896/2534 2420/1891/2529
f 2422/1893/2531 2426/1897/2535 2423/1894/2532
f 2427/1898/2536 2423/1894/2532 2426/1897/2535
f 2426/1897/2535 2422/1893/2531 2428/1899/2537
f 2424/1895/2533 2428/1899/2537 2422/1893/2531
f 2428/1899/2537 2424/1895/2533 2429/1900/2538
f 2425/1896/2534 2429/1900/2538 2424/1895/2533
f 2423/1894/2532 2430/1901/2539 2419/1890/2528
f 2430/1901/2539 2423/1894/2532 2427/1898/2536
f 2431/1902/2540 2419/1890/2528 2430/1901/2539
f 2432/1903/2541 2431/1902/2540 2430/1901/2539
f 2430/1901/2539 2433/1904/2542 2432/1903/2541
f 2433/1904/2542 2430/1901/2539 2427/1898/2536
f 2433/1904/2542 2434/1905/2543 2432/1903/2541
f 2431/1902/2540 2415/1886/2524 2419/1890/2528
f 2431/1902/2540 2435/1906/2544 2415/1886/2524
f 2435/1906/2544 2404/1875/2513 2415/1886/2524
f 2435/1906/2544 2388/1859/2497 2404/1875/2513
f 2387/1858/2496 2388/1859/2497 2435/1906/2544
f 2436/1907/2545 2387/1858/2496 2435/1906/2544
f 2432/1903/2541 2436/1907/2545 2431/1902/2540
f 2436/1907/2545 2435/1906/2544 2431/1902/2540
f 2387/1858/2496 2436/1907/2545 2437/1908/2546
f 2434/1905/2543 2437/1908/2546 2432/1903/2541
f 2437/1908/2546 2436/1907/2545 2432/1903/2541
f 2437/1908/2546 2385/1856/2494 2387/1858/2496
f 2429/1900/2538 2438/1909/2547 2428/1899/2537
f 2439/1910/2548 2428/1899/2537 2438/1909/2547
f 2440/1911/2549 2385/1856/2494 2437/1908/2546
f 2440/1911/2549 2437/1908/2546 2434/1905/2543
f 2385/1856/2494 2440/1911/2549 2441/1912/2550
f 2441/1912/2550 2383/1854/2492 2385/1856/2494
f 2383/1854/2492 2441/1912/2550 2381/1852/2490
f 2442/1913/2551 2381/1852/2490 2441/1912/2550
f 2442/1913/2551 2379/1850/2488 2381/1852/2490
f 2438/1909/2547 2443/1914/2552 2439/1910/2548
f 2444/1915/2553 2439/1910/2548 2443/1914/2552
f 2439/1910/2548 2444/1915/2553 2427/1898/2536
f 2427/1898/2536 2426/1897/2535 2439/1910/2548
f 2428/1899/2537 2439/1910/2548 2426/1897/2535
f 2445/1916/2554 2427/1898/2536 2444/1915/2553
f 2427/1898/2536 2445/1916/2554 2433/1904/2542
f 2441/1912/2550 2446/1917/2555 2442/1913/2551
f 2446/1917/2555 2441/1912/2550 2440/1911/2549
f 2447/1918/2556 2442/1913/2551 2446/1917/2555
f 2442/1913/2551 2447/1918/2556 2379/1850/2488
f 2440/1911/2549 2448/1919/2557 2446/1917/2555
f 2448/1919/2557 2440/1911/2549 2434/1905/2543
f 2444/1915/2553 2449/1920/2558 2445/1916/2554
f 2450/1921/2559 2445/1916/2554 2449/1920/2558
f 2445/1916/2554 2450/1921/2559 2433/1904/2542
f 2449/1920/2558 2444/1915/2553 2451/1922/2560
f 2443/1914/2552 2451/1922/2560 2444/1915/2553
f 2452/1923/2561 2433/1904/2542 2450/1921/2559
f 2452/1923/2561 2434/1905/2543 2433/1904/2542
f 2449/1920/2558 2453/1924/2562 2450/1921/2559
f 2454/1925/2563 2450/1921/2559 2453/1924/2562
f 2450/1921/2559 2454/1925/2563 2452/1923/2561
f 2453/1924/2562 2449/1920/2558 2455/1926/2564
f 2451/1922/2560 2455/1926/2564 2449/1920/2558
f 2456/1927/2565 2452/1923/2561 2454/1925/2563
f 2448/1919/2557 2434/1905/2543 2456/1927/2565
f 2452/1923/2561 2456/1927/2565 2434/1905/2543
f 2453/1924/2562 2457/1928/2566 2454/1925/2563
f 2458/1929/2567 2454/1925/2563 2457/1928/2566
f 2454/1925/2563 2458/1929/2567 2456/1927/2565
f 2457/1928/2566 2453/1924/2562 2459/1930/2568
f 2455/1926/2564 2459/1930/2568 2453/1924/2562
f 2460/1931/2569 2456/1927/2565 2458/1929/2567
f 2456/1927/2565 2460/1931/2569 2448/1919/2557
f 2461/1932/2570 2448/1919/2557 2460/1931/2569
f 2461/1932/2570 2446/1917/2555 2448/1919/2557
f 2455/1926/2564 2451/1922/2560 2462/1933/2571
f 2463/1934/2572 2462/1933/2571 2451/1922/2560
f 2462/1933/2571 2463/1934/2572 2464/1935/2573
f 2465/1936/2574 2464/1935/2573 2463/1934/2572
f 2463/1934/2572 2466/1937/2575 2465/1936/2574
f 2467/1938/2576 2465/1936/2574 2466/1937/2575
f 2468/1939/2577 2465/1936/2574 2467/1938/2576
f 2467/1938/2576 2469/1940/2578 2468/1939/2577
f 2470/1941/2579 2468/1939/2577 2469/1940/2578
f 2469/1940/2578 2471/1942/2580 2470/1941/2579
f 2472/1943/2581 2470/1941/2579 2471/1942/2580
f 2471/1942/2580 2473/1944/2582 2472/1943/2581
f 2474/1945/2583 2472/1943/2581 2473/1944/2582
f 2473/1944/2582 2475/1946/2584 2474/1945/2583
f 2476/1947/2585 2474/1945/2583 2475/1946/2584
f 2474/1945/2583 2476/1947/2585 2477/1948/2586
f 2477/1948/2586 2476/1947/2585 2478/1949/2587
f 2478/1949/2587 2479/1950/2588 2477/1948/2586
f 2479/1950/2588 2480/1951/2589 2477/1948/2586
f 2481/1952/2590 2477/1948/2586 2480/1951/2589
f 2482/1953/2591 2481/1952/2590 2480/1951/2589
f 2480/1951/2589 2483/1954/2592 2482/1953/2591
f 2484/1955/2593 2482/1953/2591 2483/1954/2592
f 2483/1954/2592 2485/1956/2594 2484/1955/2593
f 2486/1957/2595 2484/1955/2593 2485/1956/2594
f 2485/1956/2594 2487/1958/2596 2486/1957/2595
f 2488/1959/2597 2486/1957/2595 2487/1958/2596
f 2487/1958/2596 2489/1960/2598 2488/1959/2597
f 2490/1961/2599 2488/1959/2597 2489/1960/2598
f 2489/1960/2598 2491/1962/2600 2490/1961/2599
f 2492/1963/2601 2490/1961/2599 2491/1962/2600
f 2491/1962/2600 2493/1964/2602 2492/1963/2601
f 2494/1965/2603 2492/1963/2601 2493/1964/2602
f 2495/1966/2604 2494/1965/2603 2493/1964/2602
f 2495/1966/2604 2493/1964/2602 2496/1967/2605
f 2496/1967/2605 2497/1968/2606 2495/1966/2604
f 2498/1969/2607 2495/1966/2604 2497/1968/2606
f 2497/1968/2606 2499/1970/2608 2498/1969/2607
f 2500/1971/2609 2498/1969/2607 2499/1970/2608
f 2501/1972/2610 2500/1971/2609 2499/1970/2608
f 2501/1972/2610 2499/1970/2608 2502/1973/2611
f 2502/1973/2611 2499/1970/2608 2503/1974/2612
f 2502/1973/2611 2503/1974/2612 2504/1975/2613
f 2504/1975/2613 2503/1974/2612 2505/1976/2614
f 2504/1975/2613 2505/1976/2614 2506/1977/2615
f 2507/1978/2616 2504/1975/2613 2506/1977/2615
f 2507/1978/2616 2506/1977/2615 2508/1979/2617
f 2509/1980/2618 2507/1978/2616 2508/1979/2617
f 2509/1980/2618 2508/1979/2617 2510/1981/2619
f 2511/1982/2620 2509/1980/2618 2510/1981/2619
f 2511/1982/2620 2510/1981/2619 2512/1983/2621
f 2513/1984/2622 2511/1982/2620 2512/1983/2621
f 2513/1984/2622 2512/1983/2621 2514/1985/2623
f 2508/1979/2617 2515/1986/2624 2510/1981/2619
f 2516/1987/2625 2512/1983/2621 2510/1981/2619
f 2515/1986/2624 2516/1987/2625 2510/1981/2619
f 2514/1985/2623 2512/1983/2621 2517/1988/2626
f 2517/1988/2626 2512/1983/2621 2518/1989/2627
f 2512/1983/2621 2516/1987/2625 2518/1989/2627
f 2514/1985/2623 2517/1988/2626 2519/1990/2628
f 2520/1991/2629 2514/1985/2623 2519/1990/2628
f 2519/1990/2628 2521/1992/2630 2520/1991/2629
f 2519/1990/2628 2522/1993/2631 2521/1992/2630
f 2521/1992/2630 2522/1993/2631 2523/1994/2632
f 2523/1994/2632 2522/1993/2631 2524/1995/2633
f 2525/1996/2634 2517/1988/2626 2518/1989/2627
f 2526/1997/2635 2519/1990/2628 2517/1988/2626
f 2525/1996/2634 2526/1997/2635 2517/1988/2626
f 2521/1992/2630 2527/1998/2636 2520/1991/2629
f 2527/1998/2636 2521/1992/2630 2523/1994/2632
f 2528/1999/2637 2520/1991/2629 2527/1998/2636
f 2523/1994/2632 2529/2000/2638 2527/1998/2636
f 2529/2000/2638 2523/1994/2632 2498/1969/2607
f 2523/1994/2632 2530/2001/2639 2498/1969/2607
f 2530/2001/2639 2523/1994/2632 2524/1995/2633
f 2529/2000/2638 2498/1969/2607 2500/1971/2609
f 2500/1971/2609 2531/2002/2640 2529/2000/2638
f 2531/2002/2640 2500/1971/2609 2532/2003/2641
f 2501/1972/2610 2532/2003/2641 2500/1971/2609
f 2532/2003/2641 2501/1972/2610 2502/1973/2611
f 2502/1973/2611 2533/2004/2642 2532/2003/2641
f 2533/2004/2642 2502/1973/2611 2504/1975/2613
f 2504/1975/2613 2534/2005/2643 2533/2004/2642
f 2534/2005/2643 2504/1975/2613 2507/1978/2616
f 2507/1978/2616 2535/2006/2644 2534/2005/2643
f 2535/2006/2644 2507/1978/2616 2509/1980/2618
f 2509/1980/2618 2536/2007/2645 2535/2006/2644
f 2536/2007/2645 2509/1980/2618 2511/1982/2620
f 2511/1982/2620 2537/2008/2646 2536/2007/2645
f 2537/2008/2646 2511/1982/2620 2513/1984/2622
f 2513/1984/2622 2538/2009/2647 2537/2008/2646
f 2538/2009/2647 2513/1984/2622 2514/1985/2623
f 2514/1985/2623 2539/2010/2648 2538/2009/2647
f 2539/2010/2648 2514/1985/2623 2520/1991/2629
f 2520/1991/2629 2528/1999/2637 2539/2010/2648
f 2540/2011/2649 2322/1793/2431 2317/1788/2426
f 2322/1793/2431 2540/2011/2649 2336/1807/2445
f 2540/2011/2649 2541/2012/2650 2336/1807/2445
f 2336/1807/2445 2541/2012/2650 2542/2013/2651
f 2542/2013/2651 2337/1808/2446 2336/1807/2445
f 2543/2014/2652 2337/1808/2446 2542/2013/2651
f 2337/1808/2446 2543/2014/2652 2544/2015/2653
f 2337/1808/2446 2544/2015/2653 2338/1809/2447
f 2545/2016/2654 2338/1809/2447 2544/2015/2653
f 2545/2016/2654 2546/2017/2655 2338/1809/2447
f 2547/2018/2656 2546/2017/2655 2545/2016/2654
f 2548/2019/2657 2338/1809/2447 2546/2017/2655
f 2325/1796/2434 2338/1809/2447 2548/2019/2657
f 2548/2019/2657 2326/1797/2435 2325/1796/2434
f 2548/2019/2657 2549/2020/2658 2326/1797/2435
f 2548/2019/2657 2546/2017/2655 2549/2020/2658
f 2328/1799/2437 2326/1797/2435 2549/2020/2658
f 2545/2016/2654 2550/2021/2659 2547/2018/2656
f 2551/2022/2660 2547/2018/2656 2550/2021/2659
f 2550/2021/2659 2545/2016/2654 2552/2023/2661
f 2544/2015/2653 2552/2023/2661 2545/2016/2654
f 2552/2023/2661 2544/2015/2653 2543/2014/2652
f 2550/2021/2659 2553/2024/2662 2551/2022/2660
f 2554/2025/2663 2551/2022/2660 2553/2024/2662
f 2553/2024/2662 2550/2021/2659 2555/2026/2664
f 2552/2023/2661 2555/2026/2664 2550/2021/2659
f 2555/2026/2664 2552/2023/2661 2556/2027/2665
f 2547/2018/2656 2557/2028/2666 2546/2017/2655
f 2558/2029/2667 2546/2017/2655 2557/2028/2666
f 2546/2017/2655 2558/2029/2667 2549/2020/2658
f 2557/2028/2666 2547/2018/2656 2559/2030/2668
f 2551/2022/2660 2559/2030/2668 2547/2018/2656
f 2559/2030/2668 2551/2022/2660 2560/2031/2669
f 2554/2025/2663 2560/2031/2669 2551/2022/2660
f 2549/2020/2658 2561/2032/2670 2328/1799/2437
f 2561/2032/2670 2549/2020/2658 2558/2029/2667
f 2562/2033/2671 2328/1799/2437 2561/2032/2670
f 2328/1799/2437 2562/2033/2671 2329/1800/2438
f 2563/2034/2672 2329/1800/2438 2562/2033/2671
f 2329/1800/2438 2563/2034/2672 2332/1803/2441
f 2564/2035/2673 2332/1803/2441 2563/2034/2672
f 2332/1803/2441 2564/2035/2673 2334/1805/2443
f 2565/2036/2674 2334/1805/2443 2564/2035/2673
f 2563/2034/2672 2566/2037/2675 2564/2035/2673
f 2567/2038/2676 2564/2035/2673 2566/2037/2675
f 2564/2035/2673 2567/2038/2676 2568/2039/2677
f 2564/2035/2673 2568/2039/2677 2565/2036/2674
f 2569/2040/2678 2334/1805/2443 2565/2036/2674
f 2334/1805/2443 2569/2040/2678 2335/1806/2444
f 2570/2041/2679 2335/1806/2444 2569/2040/2678
f 2570/2041/2679 2365/1836/2474 2335/1806/2444
f 2342/1813/2451 2335/1806/2444 2365/1836/2474
f 2365/1836/2474 2570/2041/2679 2364/1835/2473
f 2571/2042/2680 2364/1835/2473 2570/2041/2679
f 2364/1835/2473 2571/2042/2680 2376/1847/2485
f 2572/2043/2681 2376/1847/2485 2571/2042/2680
f 2570/2041/2679 2573/2044/2682 2571/2042/2680
f 2570/2041/2679 2569/2040/2678 2573/2044/2682
f 2574/2045/2683 2571/2042/2680 2573/2044/2682
f 2571/2042/2680 2574/2045/2683 2572/2043/2681
f 2575/2046/2684 2572/2043/2681 2574/2045/2683
f 2572/2043/2681 2576/2047/2685 2376/1847/2485
f 2577/2048/2686 2376/1847/2485 2576/2047/2685
f 2376/1847/2485 2577/2048/2686 2374/1845/2483
f 2578/2049/2687 2374/1845/2483 2577/2048/2686
f 2374/1845/2483 2578/2049/2687 2375/1846/2484
f 2576/2047/2685 2572/2043/2681 2579/2050/2688
f 2575/2046/2684 2579/2050/2688 2572/2043/2681
f 2580/2051/2689 2574/2045/2683 2573/2044/2682
f 2573/2044/2682 2581/2052/2690 2580/2051/2689
f 2582/2053/2691 2580/2051/2689 2581/2052/2690
f 2581/2052/2690 2583/2054/2692 2582/2053/2691
f 2497/1968/2606 2582/2053/2691 2583/2054/2692
f 2499/1970/2608 2497/1968/2606 2583/2054/2692
f 2583/2054/2692 2503/1974/2612 2499/1970/2608
f 2582/2053/2691 2497/1968/2606 2496/1967/2605
f 2584/2055/2693 2582/2053/2691 2496/1967/2605
f 2580/2051/2689 2582/2053/2691 2584/2055/2693
f 2496/1967/2605 2585/2056/2694 2584/2055/2693
f 2585/2056/2694 2496/1967/2605 2493/1964/2602
f 2493/1964/2602 2586/2057/2695 2585/2056/2694
f 2493/1964/2602 2491/1962/2600 2586/2057/2695
f 2583/2054/2692 2581/2052/2690 2587/2058/2696
f 2587/2058/2696 2503/1974/2612 2583/2054/2692
f 2584/2055/2693 2588/2059/2697 2580/2051/2689
f 2587/2058/2696 2581/2052/2690 2589/2060/2698
f 2574/2045/2683 2580/2051/2689 2588/2059/2697
f 2588/2059/2697 2575/2046/2684 2574/2045/2683
f 2590/2061/2699 2503/1974/2612 2587/2058/2696
f 2591/2062/2700 2585/2056/2694 2586/2057/2695
f 2585/2056/2694 2591/2062/2700 2592/2063/2701
f 2592/2063/2701 2584/2055/2693 2585/2056/2694
f 2584/2055/2693 2592/2063/2701 2593/2064/2702
f 2593/2064/2702 2588/2059/2697 2584/2055/2693
f 2588/2059/2697 2593/2064/2702 2579/2050/2688
f 2579/2050/2688 2575/2046/2684 2588/2059/2697
f 2586/2057/2695 2491/1962/2600 2594/2065/2703
f 2594/2065/2703 2491/1962/2600 2489/1960/2598
f 2590/2061/2699 2587/2058/2696 2595/2066/2704
f 2589/2060/2698 2595/2066/2704 2587/2058/2696
f 2596/2067/2705 2595/2066/2704 2589/2060/2698
f 2589/2060/2698 2597/2068/2706 2596/2067/2705
f 2505/1976/2614 2595/2066/2704 2596/2067/2705
f 2505/1976/2614 2590/2061/2699 2595/2066/2704
f 2505/1976/2614 2596/2067/2705 2598/2069/2707
f 2596/2067/2705 2597/2068/2706 2598/2069/2707
f 2598/2069/2707 2506/1977/2615 2505/1976/2614
f 2598/2069/2707 2508/1979/2617 2506/1977/2615
f 2508/1979/2617 2598/2069/2707 2563/2034/2672
f 2508/1979/2617 2563/2034/2672 2562/2033/2671
f 2562/2033/2671 2515/1986/2624 2508/1979/2617
f 2515/1986/2624 2562/2033/2671 2561/2032/2670
f 2561/2032/2670 2599/2070/2708 2515/1986/2624
f 2516/1987/2625 2515/1986/2624 2599/2070/2708
f 2600/2071/2709 2516/1987/2625 2599/2070/2708
f 2516/1987/2625 2600/2071/2709 2601/2072/2710
f 2601/2072/2710 2518/1989/2627 2516/1987/2625
f 2601/2072/2710 2525/1996/2634 2518/1989/2627
f 2525/1996/2634 2601/2072/2710 2602/2073/2711
f 2603/2074/2712 2601/2072/2710 2600/2071/2709
f 2600/2071/2709 2604/2075/2713 2603/2074/2712
f 2601/2072/2710 2603/2074/2712 2605/2076/2714
f 2605/2076/2714 2602/2073/2711 2601/2072/2710
f 2602/2073/2711 2605/2076/2714 2606/2077/2715
f 2607/2078/2716 2525/1996/2634 2602/2073/2711
f 2606/2077/2715 2607/2078/2716 2602/2073/2711
f 2525/1996/2634 2607/2078/2716 2526/1997/2635
f 2608/2079/2717 2603/2074/2712 2604/2075/2713
f 2604/2075/2713 2609/2080/2718 2608/2079/2717
f 2603/2074/2712 2608/2079/2717 2610/2081/2719
f 2610/2081/2719 2605/2076/2714 2603/2074/2712
f 2605/2076/2714 2610/2081/2719 2606/2077/2715
f 2611/2082/2720 2608/2079/2717 2609/2080/2718
f 2609/2080/2718 2612/2083/2721 2611/2082/2720
f 2608/2079/2717 2611/2082/2720 2613/2084/2722
f 2613/2084/2722 2610/2081/2719 2608/2079/2717
f 2610/2081/2719 2613/2084/2722 2614/2085/2723
f 2614/2085/2723 2606/2077/2715 2610/2081/2719
f 2559/2030/2668 2609/2080/2718 2604/2075/2713
f 2604/2075/2713 2557/2028/2666 2559/2030/2668
f 2557/2028/2666 2604/2075/2713 2600/2071/2709
f 2600/2071/2709 2558/2029/2667 2557/2028/2666
f 2609/2080/2718 2559/2030/2668 2560/2031/2669
f 2560/2031/2669 2612/2083/2721 2609/2080/2718
f 2558/2029/2667 2600/2071/2709 2599/2070/2708
f 2599/2070/2708 2561/2032/2670 2558/2029/2667
f 2607/2078/2716 2615/2086/2724 2526/1997/2635
f 2607/2078/2716 2616/2087/2725 2615/2086/2724
f 2606/2077/2715 2616/2087/2725 2607/2078/2716
f 2606/2077/2715 2617/2088/2726 2616/2087/2725
f 2617/2088/2726 2606/2077/2715 2614/2085/2723
f 2616/2087/2725 2618/2089/2727 2615/2086/2724
f 2618/2089/2727 2616/2087/2725 2619/2090/2728
f 2619/2090/2728 2617/2088/2726 2614/2085/2723
f 2617/2088/2726 2619/2090/2728 2616/2087/2725
f 2618/2089/2727 2620/2091/2729 2615/2086/2724
f 2621/2092/2730 2620/2091/2729 2618/2089/2727
f 2620/2091/2729 2621/2092/2730 2622/2093/2731
f 2622/2093/2731 2623/2094/2732 2620/2091/2729
f 2624/2095/2733 2620/2091/2729 2623/2094/2732
f 2623/2094/2732 2625/2096/2734 2624/2095/2733
f 2626/2097/2735 2624/2095/2733 2625/2096/2734
f 2625/2096/2734 2627/2098/2736 2626/2097/2735
f 2627/2098/2736 2628/2099/2737 2626/2097/2735
f 2628/2099/2737 2627/2098/2736 2629/2100/2738
f 2629/2100/2738 2494/1965/2603 2628/2099/2737
f 2530/2001/2639 2628/2099/2737 2494/1965/2603
f 2494/1965/2603 2495/1966/2604 2530/2001/2639
f 2495/1966/2604 2498/1969/2607 2530/2001/2639
f 2630/2101/2739 2494/1965/2603 2629/2100/2738
f 2494/1965/2603 2630/2101/2739 2492/1963/2601
f 2631/2102/2740 2628/2099/2737 2530/2001/2639
f 2631/2102/2740 2626/2097/2735 2628/2099/2737
f 2524/1995/2633 2631/2102/2740 2530/2001/2639
f 2631/2102/2740 2524/1995/2633 2632/2103/2741
f 2522/1993/2631 2632/2103/2741 2524/1995/2633
f 2632/2103/2741 2522/1993/2631 2519/1990/2628
f 2490/1961/2599 2492/1963/2601 2630/2101/2739
f 2630/2101/2739 2633/2104/2742 2490/1961/2599
f 2519/1990/2628 2634/2105/2743 2632/2103/2741
f 2635/2106/2744 2632/2103/2741 2634/2105/2743
f 2632/2103/2741 2635/2106/2744 2631/2102/2740
f 2626/2097/2735 2631/2102/2740 2635/2106/2744
f 2519/1990/2628 2526/1997/2635 2634/2105/2743
f 2488/1959/2597 2490/1961/2599 2633/2104/2742
f 2630/2101/2739 2636/2107/2745 2633/2104/2742
f 2630/2101/2739 2637/2108/2746 2636/2107/2745
f 2629/2100/2738 2637/2108/2746 2630/2101/2739
f 2637/2108/2746 2629/2100/2738 2627/2098/2736
f 2638/2109/2747 2633/2104/2742 2636/2107/2745
f 2633/2104/2742 2638/2109/2747 2486/1957/2595
f 2488/1959/2597 2633/2104/2742 2486/1957/2595
f 2639/2110/2748 2637/2108/2746 2627/2098/2736
f 2627/2098/2736 2625/2096/2734 2639/2110/2748
f 2637/2108/2746 2639/2110/2748 2640/2111/2749
f 2640/2111/2749 2636/2107/2745 2637/2108/2746
f 2635/2106/2744 2624/2095/2733 2626/2097/2735
f 2638/2109/2747 2641/2112/2750 2486/1957/2595
f 2486/1957/2595 2641/2112/2750 2642/2113/2751
f 2642/2113/2751 2484/1955/2593 2486/1957/2595
f 2484/1955/2593 2642/2113/2751 2482/1953/2591
f 2643/2114/2752 2482/1953/2591 2642/2113/2751
f 2482/1953/2591 2643/2114/2752 2644/2115/2753
f 2482/1953/2591 2644/2115/2753 2481/1952/2590
f 2645/2116/2754 2481/1952/2590 2644/2115/2753
f 2481/1952/2590 2645/2116/2754 2646/2117/2755
f 2477/1948/2586 2481/1952/2590 2646/2117/2755
f 2477/1948/2586 2646/2117/2755 2474/1945/2583
f 2474/1945/2583 2646/2117/2755 2472/1943/2581
f 2646/2117/2755 2647/2118/2756 2472/1943/2581
f 2646/2117/2755 2645/2116/2754 2647/2118/2756
f 2472/1943/2581 2647/2118/2756 2470/1941/2579
f 2470/1941/2579 2647/2118/2756 2648/2119/2757
f 2648/2119/2757 2468/1939/2577 2470/1941/2579
f 2649/2120/2758 2648/2119/2757 2647/2118/2756
f 2647/2118/2756 2650/2121/2759 2649/2120/2758
f 2645/2116/2754 2650/2121/2759 2647/2118/2756
f 2645/2116/2754 2644/2115/2753 2650/2121/2759
f 2644/2115/2753 2651/2122/2760 2650/2121/2759
f 2644/2115/2753 2643/2114/2752 2651/2122/2760
f 2651/2122/2760 2649/2120/2758 2650/2121/2759
f 2468/1939/2577 2648/2119/2757 2465/1936/2574
f 2648/2119/2757 2649/2120/2758 2464/1935/2573
f 2464/1935/2573 2465/1936/2574 2648/2119/2757
f 2652/2123/2761 2464/1935/2573 2649/2120/2758
f 2464/1935/2573 2652/2123/2761 2462/1933/2571
f 2651/2122/2760 2653/2124/2762 2649/2120/2758
f 2654/2125/2763 2462/1933/2571 2652/2123/2761
f 2652/2123/2761 2655/2126/2764 2654/2125/2763
f 2462/1933/2571 2654/2125/2763 2455/1926/2564
f 2653/2124/2762 2656/2127/2765 2655/2126/2764
f 2655/2126/2764 2652/2123/2761 2653/2124/2762
f 2649/2120/2758 2653/2124/2762 2652/2123/2761
f 2651/2122/2760 2657/2128/2766 2656/2127/2765
f 2643/2114/2752 2657/2128/2766 2651/2122/2760
f 2657/2128/2766 2643/2114/2752 2658/2129/2767
f 2642/2113/2751 2658/2129/2767 2643/2114/2752
f 2658/2129/2767 2642/2113/2751 2641/2112/2750
f 2641/2112/2750 2659/2130/2768 2658/2129/2767
f 2659/2130/2768 2641/2112/2750 2638/2109/2747
f 2638/2109/2747 2636/2107/2745 2659/2130/2768
f 2640/2111/2749 2659/2130/2768 2636/2107/2745
f 2640/2111/2749 2660/2131/2769 2659/2130/2768
f 2660/2131/2769 2640/2111/2749 2661/2132/2770
f 2639/2110/2748 2661/2132/2770 2640/2111/2749
f 2661/2132/2770 2639/2110/2748 2625/2096/2734
f 2625/2096/2734 2623/2094/2732 2661/2132/2770
f 2662/2133/2771 2661/2132/2770 2623/2094/2732
f 2623/2094/2732 2622/2093/2731 2662/2133/2771
f 2661/2132/2770 2663/2134/2772 2660/2131/2769
f 2663/2134/2772 2661/2132/2770 2662/2133/2771
f 2659/2130/2768 2664/2135/2773 2658/2129/2767
f 2665/2136/2774 2658/2129/2767 2664/2135/2773
f 2664/2135/2773 2659/2130/2768 2666/2137/2775
f 2659/2130/2768 2660/2131/2769 2666/2137/2775
f 2666/2137/2775 2660/2131/2769 2663/2134/2772
f 2657/2128/2766 2665/2136/2774 2667/2138/2776
f 2667/2138/2776 2656/2127/2765 2657/2128/2766
f 2656/2127/2765 2667/2138/2776 2668/2139/2777
f 2668/2139/2777 2655/2126/2764 2656/2127/2765
f 2655/2126/2764 2668/2139/2777 2669/2140/2778
f 2669/2140/2778 2654/2125/2763 2655/2126/2764
f 2654/2125/2763 2669/2140/2778 2459/1930/2568
f 2459/1930/2568 2455/1926/2564 2654/2125/2763
f 2658/2129/2767 2665/2136/2774 2657/2128/2766
f 2656/2127/2765 2653/2124/2762 2651/2122/2760
f 2321/1792/2430 2670/2141/2779 2320/1791/2429
f 2670/2141/2779 2321/1792/2430 2671/2142/2780
f 2323/1794/2432 2671/2142/2780 2321/1792/2430
f 2671/2142/2780 2323/1794/2432 2672/2143/2781
f 2324/1795/2433 2672/2143/2781 2323/1794/2432
f 2672/2143/2781 2324/1795/2433 2673/2144/2782
f 2327/1798/2436 2673/2144/2782 2324/1795/2433
f 2673/2144/2782 2327/1798/2436 2674/2145/2783
f 2330/1801/2439 2674/2145/2783 2327/1798/2436
f 2674/2145/2783 2330/1801/2439 2675/2146/2784
f 2331/1802/2440 2675/2146/2784 2330/1801/2439
f 2675/2146/2784 2331/1802/2440 2339/1810/2448
f 2540/2011/2649 2317/1788/2426 2316/1787/2425
f 2316/1787/2425 2356/1827/2465 2540/2011/2649
f 2541/2012/2650 2540/2011/2649 2676/2147/2785
f 2676/2147/2785 2677/2148/2786 2541/2012/2650
f 2677/2148/2786 2676/2147/2785 2678/2149/2787
f 2679/2150/2788 2678/2149/2787 2676/2147/2785
f 2356/1827/2465 2679/2150/2788 2676/2147/2785
f 2676/2147/2785 2540/2011/2649 2356/1827/2465
f 2679/2150/2788 2356/1827/2465 2355/1826/2464
f 2355/1826/2464 2680/2151/2789 2679/2150/2788
f 2680/2151/2789 2355/1826/2464 2357/1828/2466
f 2357/1828/2466 2371/1842/2480 2680/2151/2789
f 2371/1842/2480 2681/2152/2790 2680/2151/2789
f 2681/2152/2790 2371/1842/2480 2682/2153/2791
f 2372/1843/2481 2682/2153/2791 2371/1842/2480
f 2683/2154/2792 2680/2151/2789 2681/2152/2790
f 2683/2154/2792 2679/2150/2788 2680/2151/2789
f 2683/2154/2792 2678/2149/2787 2679/2150/2788
f 2682/2153/2791 2372/1843/2481 2684/2155/2793
f 2373/1844/2482 2684/2155/2793 2372/1843/2481
f 2685/2156/2794 2681/2152/2790 2682/2153/2791
f 2681/2152/2790 2685/2156/2794 2683/2154/2792
f 2682/2153/2791 2686/2157/2795 2685/2156/2794
f 2686/2157/2795 2682/2153/2791 2684/2155/2793
f 2687/2158/2796 2683/2154/2792 2685/2156/2794
f 2684/2155/2793 2373/1844/2482 2688/2159/2797
f 2688/2159/2797 2686/2157/2795 2684/2155/2793
f 2686/2157/2795 2689/2160/2798 2685/2156/2794
f 2690/2161/2799 2685/2156/2794 2689/2160/2798
f 2685/2156/2794 2690/2161/2799 2687/2158/2796
f 2691/2162/2800 2687/2158/2796 2690/2161/2799
f 2692/2163/2801 2686/2157/2795 2688/2159/2797
f 2686/2157/2795 2692/2163/2801 2689/2160/2798
f 2683/2154/2792 2687/2158/2796 2678/2149/2787
f 2687/2158/2796 2691/2162/2800 2693/2164/2802
f 2687/2158/2796 2693/2164/2802 2677/2148/2786
f 2687/2158/2796 2677/2148/2786 2678/2149/2787
f 2694/2165/2803 2677/2148/2786 2693/2164/2802
f 2694/2165/2803 2542/2013/2651 2677/2148/2786
f 2677/2148/2786 2542/2013/2651 2541/2012/2650
f 2694/2165/2803 2543/2014/2652 2542/2013/2651
f 2543/2014/2652 2694/2165/2803 2695/2166/2804
f 2693/2164/2802 2695/2166/2804 2694/2165/2803
f 2695/2166/2804 2696/2167/2805 2543/2014/2652
f 2543/2014/2652 2696/2167/2805 2552/2023/2661
f 2695/2166/2804 2556/2027/2665 2696/2167/2805
f 2696/2167/2805 2556/2027/2665 2552/2023/2661
f 2692/2163/2801 2688/2159/2797 2697/2168/2806
f 2697/2168/2806 2688/2159/2797 2447/1918/2556
f 2697/2168/2806 2447/1918/2556 2698/2169/2807
f 2446/1917/2555 2698/2169/2807 2447/1918/2556
f 2698/2169/2807 2446/1917/2555 2461/1932/2570
f 2688/2159/2797 2699/2170/2808 2447/1918/2556
f 2699/2170/2808 2688/2159/2797 2373/1844/2482
f 2447/1918/2556 2699/2170/2808 2379/1850/2488
f 2699/2170/2808 2373/1844/2482 2379/1850/2488
f 2368/1839/2477 2363/1834/2472 2375/1846/2484
f 2368/1839/2477 2375/1846/2484 2377/1848/2486
f 2700/2171/2809 2701/2172/2663 2702/2173/2810
f 2703/2174/2662 2702/2173/2810 2701/2172/2663
f 2702/2173/2810 2703/2174/2662 2704/2175/2664
f 2704/2175/2664 2705/2176/2811 2702/2173/2810
f 2705/2176/2811 2704/2175/2664 2706/2177/2665
f 2706/2177/2665 2707/2178/2812 2705/2176/2811
f 2700/2171/2809 2708/2179/2813 2701/2172/2663
f 2709/2180/2669 2701/2172/2663 2708/2179/2813
f 2710/2181/2814 2700/2171/2809 2702/2173/2810
f 2700/2171/2809 2710/2181/2814 2708/2179/2813
f 2702/2173/2810 2711/2182/2815 2710/2181/2814
f 2711/2182/2815 2702/2173/2810 2705/2176/2811
f 2705/2176/2811 2712/2183/2816 2711/2182/2815
f 2712/2183/2816 2705/2176/2811 2707/2178/2812
f 2707/2178/2812 2713/2184/2817 2712/2183/2816
f 2714/2185/2818 2708/2179/2813 2710/2181/2814
f 2707/2178/2812 2706/2177/2665 2715/2186/2804
f 2716/2187/2802 2707/2178/2812 2715/2186/2804
f 2713/2184/2817 2707/2178/2812 2716/2187/2802
f 2713/2184/2817 2716/2187/2802 2717/2188/2800
f 2713/2184/2817 2717/2188/2800 2718/2189/2819
f 2719/2190/2799 2718/2189/2819 2717/2188/2800
f 2718/2189/2819 2719/2190/2799 2720/2191/2820
f 2721/2192/2798 2720/2191/2820 2719/2190/2799
f 2720/2191/2820 2721/2192/2798 2722/2193/2821
f 2723/2194/2801 2722/2193/2821 2721/2192/2798
f 2724/2195/2822 2718/2189/2819 2720/2191/2820
f 2712/2183/2816 2713/2184/2817 2724/2195/2822
f 2718/2189/2819 2724/2195/2822 2713/2184/2817
f 2720/2191/2820 2725/2196/2823 2724/2195/2822
f 2725/2196/2823 2720/2191/2820 2722/2193/2821
f 2722/2193/2821 2726/2197/2824 2725/2196/2823
f 2727/2198/2825 2711/2182/2815 2712/2183/2816
f 2712/2183/2816 2728/2199/2826 2727/2198/2825
f 2728/2199/2826 2712/2183/2816 2724/2195/2822
f 2728/2199/2826 2724/2195/2822 2725/2196/2823
f 2729/2200/2827 2727/2198/2825 2728/2199/2826
f 2727/2198/2825 2729/2200/2827 2730/2201/2828
f 2730/2201/2828 2731/2202/2829 2727/2198/2825
f 2711/2182/2815 2727/2198/2825 2731/2202/2829
f 2731/2202/2829 2710/2181/2814 2711/2182/2815
f 2732/2203/2830 2725/2196/2823 2726/2197/2824
f 2732/2203/2830 2728/2199/2826 2725/2196/2823
f 2729/2200/2827 2728/2199/2826 2732/2203/2830
f 2726/2197/2824 2733/2204/2831 2732/2203/2830
f 2733/2204/2831 2729/2200/2827 2732/2203/2830
f 2730/2201/2828 2729/2200/2827 2733/2204/2831
f 2710/2181/2814 2731/2202/2829 2714/2185/2818
f 2734/2205/2832 2714/2185/2818 2731/2202/2829
f 2731/2202/2829 2730/2201/2828 2734/2205/2832
f 2735/2206/2833 2734/2205/2832 2730/2201/2828
f 2714/2185/2818 2734/2205/2832 2736/2207/2834
f 2736/2207/2834 2737/2208/2835 2714/2185/2818
f 2708/2179/2813 2714/2185/2818 2737/2208/2835
f 2737/2208/2835 2738/2209/2836 2708/2179/2813
f 2708/2179/2813 2738/2209/2836 2739/2210/2721
f 2738/2209/2836 2740/2211/2720 2739/2210/2721
f 2740/2211/2720 2738/2209/2836 2741/2212/2837
f 2738/2209/2836 2737/2208/2835 2741/2212/2837
f 2741/2212/2837 2742/2213/2722 2740/2211/2720
f 2742/2213/2722 2741/2212/2837 2743/2214/2723
f 2743/2214/2723 2741/2212/2837 2744/2215/2838
f 2745/2216/2839 2743/2214/2723 2744/2215/2838
f 2739/2210/2721 2709/2180/2669 2708/2179/2813
f 2746/2217/2840 2741/2212/2837 2737/2208/2835
f 2741/2212/2837 2746/2217/2840 2744/2215/2838
f 2737/2208/2835 2736/2207/2834 2746/2217/2840
f 2747/2218/2841 2744/2215/2838 2746/2217/2840
f 2744/2215/2838 2747/2218/2841 2745/2216/2839
f 2748/2219/2842 2745/2216/2839 2747/2218/2841
f 2743/2214/2723 2745/2216/2839 2749/2220/2728
f 2745/2216/2839 2750/2221/2727 2749/2220/2728
f 2745/2216/2839 2748/2219/2842 2750/2221/2727
f 2750/2221/2727 2748/2219/2842 2751/2222/2730
f 2751/2222/2730 2748/2219/2842 2752/2223/2843
f 2752/2223/2843 2753/2224/2731 2751/2222/2730
f 2753/2224/2731 2752/2223/2843 2754/2225/2844
f 2754/2225/2844 2755/2226/2771 2753/2224/2731
f 2755/2226/2771 2754/2225/2844 2756/2227/2845
f 2756/2227/2845 2757/2228/2772 2755/2226/2771
f 2758/2229/2846 2754/2225/2844 2752/2223/2843
f 2748/2219/2842 2747/2218/2841 2758/2229/2846
f 2758/2229/2846 2752/2223/2843 2748/2219/2842
f 2754/2225/2844 2758/2229/2846 2759/2230/2847
f 2759/2230/2847 2756/2227/2845 2754/2225/2844
f 2756/2227/2845 2759/2230/2847 2760/2231/2848
f 2746/2217/2840 2761/2232/2849 2747/2218/2841
f 2761/2232/2849 2746/2217/2840 2736/2207/2834
f 2736/2207/2834 2762/2233/2850 2761/2232/2849
f 2763/2234/2851 2761/2232/2849 2762/2233/2850
f 2761/2232/2849 2763/2234/2851 2764/2235/2852
f 2758/2229/2846 2764/2235/2852 2759/2230/2847
f 2764/2235/2852 2747/2218/2841 2761/2232/2849
f 2747/2218/2841 2764/2235/2852 2758/2229/2846
f 2759/2230/2847 2765/2236/2853 2760/2231/2848
f 2764/2235/2852 2765/2236/2853 2759/2230/2847
f 2764/2235/2852 2763/2234/2851 2765/2236/2853
f 2766/2237/2854 2760/2231/2848 2765/2236/2853
f 2763/2234/2851 2762/2233/2850 2766/2237/2854
f 2765/2236/2853 2763/2234/2851 2766/2237/2854
f 2762/2233/2850 2736/2207/2834 2734/2205/2832
f 2734/2205/2832 2735/2206/2833 2762/2233/2850
f 2766/2237/2854 2762/2233/2850 2767/2238/2855
f 2735/2206/2833 2767/2238/2855 2762/2233/2850
f 2767/2238/2855 2735/2206/2833 2730/2201/2828
f 2730/2201/2828 2733/2204/2831 2767/2238/2855
f 2768/2239/2856 2767/2238/2855 2733/2204/2831
f 2767/2238/2855 2768/2239/2856 2766/2237/2854
f 2733/2204/2831 2769/2240/2857 2768/2239/2856
f 2770/2241/2858 2766/2237/2854 2768/2239/2856
f 2769/2240/2857 2733/2204/2831 2726/2197/2824
f 2760/2231/2848 2766/2237/2854 2770/2241/2858
f 2769/2240/2857 2726/2197/2824 2771/2242/2859
f 2768/2239/2856 2769/2240/2857 2771/2242/2859
f 2726/2197/2824 2772/2243/2860 2771/2242/2859
f 2772/2243/2860 2726/2197/2824 2722/2193/2821
f 2772/2243/2860 2722/2193/2821 2723/2194/2801
f 2723/2194/2801 2773/2244/2806 2772/2243/2860
f 2772/2243/2860 2773/2244/2806 2774/2245/2861
f 2774/2245/2861 2773/2244/2806 2775/2246/2807
f 2775/2246/2807 2776/2247/2862 2774/2245/2861
f 2776/2247/2862 2775/2246/2807 2777/2248/2863
f 2778/2249/2570 2777/2248/2863 2775/2246/2807
f 2777/2248/2863 2778/2249/2570 2779/2250/2864
f 2780/2251/2569 2779/2250/2864 2778/2249/2570
f 2779/2250/2864 2780/2251/2569 2781/2252/2865
f 2782/2253/2567 2781/2252/2865 2780/2251/2569
f 2781/2252/2865 2782/2253/2567 2783/2254/2866
f 2784/2255/2566 2783/2254/2866 2782/2253/2567
f 2783/2254/2866 2784/2255/2566 2785/2256/2867
f 2786/2257/2568 2785/2256/2867 2784/2255/2566
f 2787/2258/2778 2785/2256/2867 2786/2257/2568
f 2785/2256/2867 2787/2258/2778 2788/2259/2868
f 2789/2260/2777 2788/2259/2868 2787/2258/2778
f 2788/2259/2868 2789/2260/2777 2790/2261/2869
f 2791/2262/2776 2790/2261/2869 2789/2260/2777
f 2790/2261/2869 2791/2262/2776 2792/2263/2870
f 2793/2264/2774 2792/2263/2870 2791/2262/2776
f 2792/2263/2870 2793/2264/2774 2794/2265/2871
f 2795/2266/2773 2794/2265/2871 2793/2264/2774
f 2794/2265/2871 2795/2266/2773 2796/2267/2872
f 2797/2268/2873 2796/2267/2872 2795/2266/2773
f 2795/2266/2773 2798/2269/2775 2797/2268/2873
f 2797/2268/2873 2798/2269/2775 2799/2270/2874
f 2799/2270/2874 2798/2269/2775 2757/2228/2772
f 2757/2228/2772 2756/2227/2845 2799/2270/2874
f 2756/2227/2845 2760/2231/2848 2799/2270/2874
f 2800/2271/2875 2799/2270/2874 2760/2231/2848
f 2800/2271/2875 2760/2231/2848 2770/2241/2858
f 2800/2271/2875 2770/2241/2858 2768/2239/2856
f 2800/2271/2875 2801/2272/2876 2799/2270/2874
f 2797/2268/2873 2799/2270/2874 2801/2272/2876
f 2801/2272/2876 2800/2271/2875 2802/2273/2877
f 2802/2273/2877 2800/2271/2875 2803/2274/2878
f 2768/2239/2856 2803/2274/2878 2800/2271/2875
f 2803/2274/2878 2768/2239/2856 2771/2242/2859
f 2771/2242/2859 2804/2275/2879 2803/2274/2878
f 2804/2275/2879 2771/2242/2859 2805/2276/2880
f 2772/2243/2860 2805/2276/2880 2771/2242/2859
f 2805/2276/2880 2772/2243/2860 2774/2245/2861
f 2806/2277/2881 2807/2278/2882 2565/2036/2674
f 2569/2040/2678 2565/2036/2674 2807/2278/2882
f 2569/2040/2678 2807/2278/2882 2808/2279/2883
f 2808/2279/2883 2807/2278/2882 2809/2280/2884
f 2809/2280/2884 2807/2278/2882 2806/2277/2881
f 2573/2044/2682 2808/2279/2883 2809/2280/2884
f 2573/2044/2682 2569/2040/2678 2808/2279/2883
f 2589/2060/2698 2573/2044/2682 2809/2280/2884
f 2597/2068/2706 2589/2060/2698 2809/2280/2884
f 2597/2068/2706 2809/2280/2884 2806/2277/2881
f 2597/2068/2706 2806/2277/2881 2567/2038/2676
f 2567/2038/2676 2598/2069/2707 2597/2068/2706
f 2598/2069/2707 2567/2038/2676 2566/2037/2675
f 2566/2037/2675 2563/2034/2672 2598/2069/2707
f 2589/2060/2698 2581/2052/2690 2573/2044/2682
f 2806/2277/2881 2568/2039/2677 2567/2038/2676
f 2806/2277/2881 2565/2036/2674 2568/2039/2677
f 2810/2281/2885 2377/1848/2486 2375/1846/2484
f 2377/1848/2486 2810/2281/2885 2380/1851/2489
f 2811/2282/2886 2380/1851/2489 2810/2281/2885
f 2380/1851/2489 2811/2282/2886 2382/1853/2491
f 2812/2283/2887 2382/1853/2491 2811/2282/2886
f 2382/1853/2491 2812/2283/2887 2384/1855/2493
f 2813/2284/2888 2384/1855/2493 2812/2283/2887
f 2384/1855/2493 2813/2284/2888 2386/1857/2495
f 2810/2281/2885 2814/2285/2889 2811/2282/2886
f 2814/2285/2889 2810/2281/2885 2815/2286/2890
f 2375/1846/2484 2815/2286/2890 2810/2281/2885
f 2816/2287/2891 2811/2282/2886 2814/2285/2889
f 2811/2282/2886 2816/2287/2891 2812/2283/2887
f 2817/2288/2892 2812/2283/2887 2816/2287/2891
f 2812/2283/2887 2817/2288/2892 2813/2284/2888
f 2818/2289/2893 2813/2284/2888 2817/2288/2892
f 2813/2284/2888 2818/2289/2893 2390/1861/2499
f 2390/1861/2499 2386/1857/2495 2813/2284/2888
f 2410/1881/2519 2390/1861/2499 2818/2289/2893
f 2819/2290/2894 2820/2291/2895 2821/2292/2896
f 2819/2290/2894 2821/2292/2896 2822/2293/2897
f 2823/2294/2898 2824/2295/2899 2820/2291/2895
f 2825/2296/2900 2824/2295/2899 2823/2294/2898
f 2824/2295/2899 2825/2296/2900 2826/2297/2901
f 2827/2298/2902 2826/2297/2901 2825/2296/2900
f 2824/2295/2899 2826/2297/2901 2828/2299/2903
f 2829/2300/2904 2822/2293/2897 2828/2299/2903
f 2822/2293/2897 2829/2300/2904 2830/2301/2905
f 2831/2302/2906 2830/2301/2905 2829/2300/2904
f 2830/2301/2905 2831/2302/2906 2832/2303/2907
f 2833/2304/2908 2832/2303/2907 2831/2302/2906
f 2832/2303/2907 2833/2304/2908 2834/2305/2909
f 2835/2306/2910 2834/2305/2909 2833/2304/2908
f 2834/2305/2909 2835/2306/2910 2836/2307/2911
f 2837/2308/2912 2836/2307/2911 2835/2306/2910
f 2836/2307/2911 2837/2308/2912 2838/2309/2913
f 2839/2310/2914 2838/2309/2913 2837/2308/2912
f 2826/2297/2901 2840/2311/2915 2828/2299/2903
f 2841/2312/2916 2840/2311/2915 2827/2298/2902
f 2840/2311/2915 2841/2312/2916 2842/2313/2917
f 2842/2313/2917 2843/2314/2918 2840/2311/2915
f 2840/2311/2915 2843/2314/2918 2828/2299/2903
f 2843/2314/2918 2842/2313/2917 2844/2315/2919
f 2844/2315/2919 2845/2316/2920 2843/2314/2918
f 2845/2316/2920 2844/2315/2919 2846/2317/2921
f 2847/2318/2922 2833/2304/2908 2831/2302/2906
f 2848/2319/2923 2835/2306/2910 2833/2304/2908
f 2833/2304/2908 2847/2318/2922 2848/2319/2923
f 2849/2320/2924 2848/2319/2923 2847/2318/2922
f 2847/2318/2922 2850/2321/2925 2849/2320/2924
f 2850/2321/2925 2847/2318/2922 2851/2322/2926
f 2851/2322/2926 2852/2323/2927 2850/2321/2925
f 2852/2323/2927 2851/2322/2926 2853/2324/2928
f 2848/2319/2923 2849/2320/2924 2854/2325/2929
f 2854/2325/2929 2855/2326/2930 2848/2319/2923
f 2855/2326/2930 2854/2325/2929 2856/2327/2931
f 2856/2327/2931 2857/2328/2932 2855/2326/2930
f 2831/2302/2906 2851/2322/2926 2847/2318/2922
f 2851/2322/2926 2831/2302/2906 2829/2300/2904
f 2829/2300/2904 2853/2324/2928 2851/2322/2926
f 2853/2324/2928 2829/2300/2904 2828/2299/2903
f 2835/2306/2910 2848/2319/2923 2855/2326/2930
f 2855/2326/2930 2837/2308/2912 2835/2306/2910
f 2837/2308/2912 2855/2326/2930 2857/2328/2932
f 2857/2328/2932 2839/2310/2914 2837/2308/2912
f 2828/2299/2903 2858/2329/2933 2853/2324/2928
f 2858/2329/2933 2859/2330/2934 2853/2324/2928
f 2860/2331/2935 2859/2330/2934 2858/2329/2933
f 2859/2330/2934 2860/2331/2935 2861/2332/2936
f 2828/2299/2903 2845/2316/2920 2858/2329/2933
f 2858/2329/2933 2845/2316/2920 2860/2331/2935
f 2843/2314/2918 2845/2316/2920 2828/2299/2903
f 2821/2292/2896 2824/2295/2899 2828/2299/2903
f 2821/2292/2896 2828/2299/2903 2822/2293/2897
f 2846/2317/2921 2860/2331/2935 2845/2316/2920
f 2862/2333/2937 2863/2334/2938 2857/2328/2932
f 2821/2292/2896 2820/2291/2895 2824/2295/2899
f 2826/2297/2901 2827/2298/2902 2840/2311/2915
f 2864/2335/2939 2860/2331/2935 2846/2317/2921
f 2489/1960/2598 2865/2336/2940 2594/2065/2703
f 2865/2336/2940 2489/1960/2598 2487/1958/2596
f 2487/1958/2596 2866/2337/2941 2865/2336/2940
f 2866/2337/2941 2487/1958/2596 2485/1956/2594
f 2485/1956/2594 2867/2338/2942 2866/2337/2941
f 2867/2338/2942 2485/1956/2594 2483/1954/2592
f 2483/1954/2592 2868/2339/2943 2867/2338/2942
f 2868/2339/2943 2483/1954/2592 2480/1951/2589
f 2480/1951/2589 2869/2340/2944 2868/2339/2943
f 2869/2340/2944 2480/1951/2589 2479/1950/2588
f 2479/1950/2588 2870/2341/2945 2869/2340/2944
f 2871/2342/2946 2870/2341/2945 2479/1950/2588
f 2479/1950/2588 2478/1949/2587 2871/2342/2946
f 2872/2343/2947 2871/2342/2946 2478/1949/2587
f 2478/1949/2587 2873/2344/2948 2872/2343/2947
f 2873/2344/2948 2478/1949/2587 2476/1947/2585
f 2476/1947/2585 2874/2345/2949 2873/2344/2948
f 2875/2346/2950 2873/2344/2948 2874/2345/2949
f 2874/2345/2949 2876/2347/2951 2875/2346/2950
f 2873/2344/2948 2875/2346/2950 2877/2348/2952
f 2877/2348/2952 2872/2343/2947 2873/2344/2948
f 2401/1872/2510 2875/2346/2950 2876/2347/2951
f 2876/2347/2951 2402/1873/2511 2401/1872/2510
f 2875/2346/2950 2401/1872/2510 2403/1874/2512
f 2403/1874/2512 2877/2348/2952 2875/2346/2950
f 2475/1946/2584 2874/2345/2949 2476/1947/2585
f 2874/2345/2949 2475/1946/2584 2878/2349/2953
f 2878/2349/2953 2876/2347/2951 2874/2345/2949
f 2876/2347/2951 2878/2349/2953 2407/1878/2516
f 2407/1878/2516 2402/1873/2511 2876/2347/2951
f 2879/2350/2954 2870/2341/2945 2871/2342/2946
f 2871/2342/2946 2880/2351/2955 2879/2350/2954
f 2880/2351/2955 2871/2342/2946 2872/2343/2947
f 2872/2343/2947 2881/2352/2956 2880/2351/2955
f 2881/2352/2956 2872/2343/2947 2877/2348/2952
f 2877/2348/2952 2882/2353/2957 2881/2352/2956
f 2882/2353/2957 2877/2348/2952 2403/1874/2512
f 2403/1874/2512 2413/1884/2522 2882/2353/2957
f 2883/2354/2958 2878/2349/2953 2475/1946/2584
f 2475/1946/2584 2473/1944/2582 2883/2354/2958
f 2878/2349/2953 2883/2354/2958 2417/1888/2526
f 2417/1888/2526 2407/1878/2516 2878/2349/2953
f 2884/2355/2959 2883/2354/2958 2473/1944/2582
f 2473/1944/2582 2471/1942/2580 2884/2355/2959
f 2883/2354/2958 2884/2355/2959 2421/1892/2530
f 2421/1892/2530 2417/1888/2526 2883/2354/2958
f 2885/2356/2960 2884/2355/2959 2471/1942/2580
f 2471/1942/2580 2469/1940/2578 2885/2356/2960
f 2884/2355/2959 2885/2356/2960 2425/1896/2534
f 2425/1896/2534 2421/1892/2530 2884/2355/2959
f 2886/2357/2961 2885/2356/2960 2469/1940/2578
f 2469/1940/2578 2467/1938/2576 2886/2357/2961
f 2885/2356/2960 2886/2357/2961 2429/1900/2538
f 2429/1900/2538 2425/1896/2534 2885/2356/2960
f 2466/1937/2575 2886/2357/2961 2467/1938/2576
f 2886/2357/2961 2466/1937/2575 2438/1909/2547
f 2438/1909/2547 2429/1900/2538 2886/2357/2961
f 2443/1914/2552 2438/1909/2547 2466/1937/2575
f 2466/1937/2575 2463/1934/2572 2443/1914/2552
f 2451/1922/2560 2443/1914/2552 2463/1934/2572
f 2861/2332/2936 2853/2324/2928 2859/2330/2934
f 2853/2324/2928 2861/2332/2936 2852/2323/2927
f 2634/2105/2743 2615/2086/2724 2887/2358/2962
f 2887/2358/2962 2635/2106/2744 2634/2105/2743
f 2615/2086/2724 2634/2105/2743 2526/1997/2635
f 2887/2358/2962 2624/2095/2733 2635/2106/2744
f 2620/2091/2729 2624/2095/2733 2887/2358/2962
f 2615/2086/2724 2620/2091/2729 2887/2358/2962
f 2505/1976/2614 2503/1974/2612 2590/2061/2699
f 2349/1820/2458 2347/1818/2456 2319/1790/2428
f 2319/1790/2428 2320/1791/2429 2349/1820/2458
f 2353/1824/2462 2319/1790/2428 2347/1818/2456
f 2316/1787/2425 2319/1790/2428 2353/1824/2462
f 2356/1827/2465 2316/1787/2425 2353/1824/2462
f 2863/2334/2938 2839/2310/2914 2857/2328/2932
f 2888/2359/2963 2839/2310/2914 2863/2334/2938
f 2889/2360/2964 2839/2310/2914 2888/2359/2963
f 2889/2360/2964 2890/2361/2965 2839/2310/2914
f 2890/2361/2965 2891/2362/2966 2839/2310/2914
f 2839/2310/2914 2891/2362/2966 2892/2363/2967
f 2838/2309/2913 2839/2310/2914 2892/2363/2967
# Vertices: 2892, normals: 2967, texture coordinates: 2363, faces: 4618

# Moustache_1
o obj2
v -0.93868025 1.45533399 0.65384622
v -0.95830155 1.45683305 0.65327108
v -0.94749357 1.42509577 0.66039013
v -0.97497629 1.44999529 0.65153812
v -0.98428706 1.43661031 0.65008028
v -0.98378957 1.42025092 0.64977073
v -0.97356661 1.40531428 0.65020986
v -0.95630682 1.39584524 0.65031138
v -0.93668552 1.39442481 0.64956306
v -0.92001076 1.40141964 0.64865221
v -0.91069996 1.41488306 0.64878975
v -0.91119745 1.43116401 0.65041961
v -0.92142041 1.44594356 0.65262425
v -0.96356535 1.4803123 0.63071468
v -0.93222835 1.47845758 0.63243312
v -0.99035501 1.46793103 0.62633488
v -1.00566024 1.4445446 0.62312976
v -1.00562006 1.41641229 0.62327366
v -0.99000519 1.3910792 0.62541247
v -0.96275846 1.37542004 0.6263107
v -0.93142145 1.37378182 0.62438505
v -0.90140301 1.38468907 0.63747086
v -0.88450416 1.40754651 0.64163208
v -0.88770518 1.43713277 0.63278087
v -0.90438593 1.46253186 0.63484659
v -0.96193073 1.48919737 0.59980157
v -0.92986666 1.48827059 0.6018885
v -0.98980068 1.47399929 0.59463506
v -1.00633492 1.44666023 0.59088904
v -1.00742725 1.41451056 0.5911003
v -0.99246083 1.38615984 0.59367912
v -0.96511979 1.36929309 0.59481893
v -0.90252553 1.47165742 0.59875971
v -0.89368281 1.36102821 0.6149359
v -0.87391425 1.37133835 0.61972141
v -0.8612703 1.39512407 0.61919975
v -0.86049404 1.41807313 0.61326333
v -0.86950789 1.43817345 0.5895198
v -0.84190787 1.3529937 0.59163619
v -0.83474165 1.36374995 0.59610659
v -0.82840934 1.3838069 0.59678708
v -0.82599552 1.40151396 0.59369337
v -0.85721866 1.34863268 0.57294154
v -0.91624458 1.35506797 0.59058517
v -0.83340101 1.41889501 0.5755328
v -0.80709078 1.35447469 0.56920185
v -0.80224249 1.36356447 0.57354021
v -0.79960062 1.38044173 0.57602813
v -0.80010819 1.39531709 0.57540643
v -0.82082102 1.35095524 0.55499263
v -0.80782987 1.41239932 0.56245411
v -0.77433989 1.36797048 0.54395419
v -0.77188974 1.37487674 0.54877298
v -0.77259435 1.38759153 0.55368722
v -0.77555995 1.39877782 0.55585912
v -0.78532261 1.36456388 0.53294688
v -0.78574067 1.41362327 0.55016179
v -0.75957686 1.37915679 0.53298305
v -0.7562662 1.38976247 0.54062025
v -0.75516559 1.40444661 0.54473126
v -0.76374693 1.41495027 0.55101439
v -0.77393282 1.3781623 0.51770558
v -0.78835368 1.43048937 0.55088958
v -0.75662804 1.42645572 0.54795695
v -0.77771226 1.44711588 0.54693274
v -0.76370808 1.45020833 0.5344726
v -0.76388297 1.39144896 0.51078363
v -0.75175753 1.38998399 0.52805159
v -0.75587021 1.40682496 0.50701809
v -0.74766326 1.40319407 0.52634017
v -0.74982172 1.42609754 0.53778195
v -0.75309266 1.44351416 0.51978742
v -0.74674282 1.4226238 0.5251737
v -0.75042198 1.42669809 0.50880873
v -1.04840866 1.45683329 0.65327056
v -1.06802998 1.45533433 0.65384547
v -1.05921689 1.42509608 0.6603895
v -1.03173394 1.44999544 0.65153781
v -1.02242322 1.43661042 0.65008006
v -1.0229208 1.42025103 0.6497705
v -1.03314385 1.40531444 0.65020955
v -1.05040369 1.39584549 0.65031085
v -1.07002499 1.39442516 0.64956231
v -1.0866997 1.40142009 0.64865125
v -1.09601044 1.41488356 0.64878871
v -1.09551286 1.4311645 0.65041856
v -1.08528985 1.44594399 0.65262335
v -1.04314449 1.48031251 0.63071422
v -1.07448152 1.47845796 0.63243228
v -1.01635485 1.46793111 0.62633474
v -1.0010497 1.44454458 0.62312978
v -1.00109003 1.41641228 0.62327367
v -1.01670506 1.39107927 0.62541231
v -1.04395188 1.37542026 0.62631024
v -1.07528888 1.3737822 0.62438424
v -1.10530741 1.38468962 0.63746973
v -1.1222062 1.40754714 0.64163074
v -1.1190049 1.43713338 0.63277958
v -1.10232404 1.46253238 0.63484548
v -1.0447787 1.48919759 0.59980107
v -1.07684282 1.48827099 0.60188768
v -1.01690878 1.47399937 0.59463489
v -1.00037465 1.44666021 0.59088909
v -0.9992825 1.41451055 0.59110032
v -1.01424909 1.38615989 0.59367903
v -1.04159023 1.3692933 0.59481848
v -1.10418399 1.47165796 0.59875858
v -1.11302748 1.3610288 0.61493467
v -1.13279604 1.37133904 0.61971995
v -1.14543984 1.39512483 0.61919816
v -1.14621593 1.41807389 0.61326174
v -1.13720171 1.43817416 0.58951829
v -1.16480219 1.35299456 0.59163437
v -1.17196841 1.36375085 0.59610471
v -1.17830061 1.38380784 0.59678513
v -1.18071433 1.40151491 0.59369138
v -1.14949122 1.34863346 0.5729399
v -1.09046548 1.35506844 0.59058419
v -1.17330852 1.41889592 0.57553088
v -1.19961905 1.35447574 0.56919963
v -1.20446733 1.36356554 0.57353794
v -1.20710912 1.38044282 0.57602584
v -1.20660148 1.39531818 0.57540415
v -1.18588865 1.35095621 0.55499055
v -1.19887954 1.41240037 0.56245193
v -1.23236956 1.36797171 0.54395162
v -1.23481976 1.37487798 0.54877036
v -1.23411514 1.38759277 0.55368463
v -1.23114947 1.39877904 0.55585656
v -1.22138675 1.36456504 0.53294445
v -1.22096863 1.41362443 0.55015936
v -1.24713242 1.3791581 0.5329803
v -1.25044314 1.38976379 0.54061745
v -1.25154367 1.40444793 0.54472845
v -1.24296239 1.41495155 0.55101172
v -1.2327763 1.37816353 0.517703
v -1.21835554 1.43049052 0.55088717
v -1.25008112 1.42645704 0.54795415
v -1.22899681 1.44711708 0.54693022
v -1.24300083 1.45020961 0.5344699
v -1.24282599 1.39145023 0.51078095
v -1.25495166 1.38998534 0.52804877
v -1.25083864 1.40682629 0.50701529
v -1.25904581 1.40319544 0.52633727
v -1.25688738 1.4260989 0.53777906
v -1.25361611 1.4435155 0.51978461
v -1.25996614 1.42262517 0.52517083
v -1.25628678 1.42669944 0.5088059
vn 0.14466 -0.85028 0.50605
vn -0.13794 -0.83812 0.52776
vn -0 -1 -0
vn -0.39876 -0.81641 0.41768
vn -0.56367 -0.80763 0.17321
vn -0.55252 -0.8243 -0.12345
vn -0.3928 -0.84493 -0.36305
vn -0.14467 -0.85028 -0.50605
vn 0.06098 -0.86644 -0.49554
vn 0.21652 -0.95004 -0.22482
vn 0.32125 -0.94696 -0.00841
vn 0.45983 -0.88129 0.109
vn 0.34795 -0.8714 0.34582
vn -0.22324 -0.44533 0.86709
vn 0.21273 -0.48431 0.84864
vn -0.64341 -0.36436 0.67325
vn -0.90529 -0.32331 0.27553
vn -0.90606 -0.36865 -0.20774
vn -0.65275 -0.44924 -0.61
vn -0.2452 -0.48882 -0.83722
vn -0.08809 -0.575 -0.8134
vn 0.16274 -0.85094 -0.49941
vn 0.5027 -0.86355 0.03977
vn 0.66922 -0.59591 0.4439
vn 0.59371 -0.50025 0.63029
vn -0.24594 -0.20784 0.94674
vn 0.25855 -0.24058 0.93556
vn -0.68859 -0.09885 0.71838
vn -0.95633 -0.03043 0.29069
vn -0.97184 -0.07282 -0.22412
vn -0.71769 -0.18427 -0.67154
vn -0.32661 -0.30422 -0.89486
vn 0.65181 -0.20759 0.72941
vn 0.0077 -0.59059 -0.80693
vn 0.33962 -0.81871 -0.463
vn 0.6003 -0.7997 0.01081
vn 0.66521 -0.57207 0.47982
vn 0.66514 -0.28457 0.69037
vn 0.23401 -0.5366 -0.81074
vn 0.4752 -0.80555 -0.35393
vn 0.55515 -0.83163 -0.01434
vn 0.5856 -0.68055 0.44036
vn 0.0318 -0.26229 -0.96446
vn -0.14849 -0.4072 -0.90119
vn 0.52593 -0.43956 0.72813
vn 0.41596 -0.38392 -0.82437
vn 0.59674 -0.70938 -0.37508
vn 0.61571 -0.78671 -0.04456
vn 0.5683 -0.71973 0.39877
vn 0.20517 -0.10263 -0.97333
vn 0.43726 -0.5886 0.67997
vn 0.59325 -0.18123 -0.78435
vn 0.68529 -0.61069 -0.39677
vn 0.61358 -0.78314 -0.10104
vn 0.43671 -0.86761 0.23779
vn 0.43773 0.11754 -0.89139
vn 0.13943 -0.9245 0.35476
vn 0.70073 -0.00208 -0.71342
vn 0.79099 -0.52932 -0.30685
vn 0.75795 -0.64604 -0.09023
vn 0.28792 -0.95269 0.09736
vn 0.51469 0.35498 -0.78044
vn 0.06035 -0.98652 0.15212
vn 0.56692 -0.776 0.27645
vn 0.30148 -0.86386 0.40355
vn 0.65938 -0.50254 0.55917
vn 0.63767 0.47148 -0.60917
vn 0.87098 0.08646 -0.48365
vn 0.86195 0.40181 -0.30918
vn 0.98425 0.02132 -0.1755
vn 0.90465 -0.36773 0.21538
vn 0.90171 -0.1324 0.41157
vn 0.99866 0.00468 0.05154
vn 0.97514 0.2205 -0.02184
vn 0.1221 0.93989 0.3189
vn 0.02932 0.8646 0.50161
vn 0.02895 0.98419 0.17475
vn -0.05039 0.99846 0.02317
vn 0.05625 0.61577 0.78592
vn -0.554 0.82058 0.14052
vn -0.2227 0.73261 0.64318
vn -0.60229 0.73916 0.30147
vn -0.7505 0.63065 0.19757
vn -0.67529 0.73285 0.08321
vn -0.3334 0.94041 -0.06687
vn -0.66084 0.67048 0.33727
vn -0.76382 0.60464 0.22583
vn -0.76475 0.6029 0.22731
vn -0.74047 0.64362 0.19351
vn -0.32365 0.85496 -0.40533
vn -0.3084 0.74323 -0.59371
vn -0.20655 0.69306 -0.69066
vn -0.26977 0.59634 -0.75604
vn -0.18404 0.8916 -0.41374
vn -0.05241 0.98933 -0.13597
vn 0.14852 0.98642 -0.07017
vn 0.09917 0.99467 0.02838
vn 0.06946 0.9868 0.14627
vn 0.13794 -0.83812 0.52776
vn -0.14466 -0.85028 0.50605
vn -0 -1 -0
vn 0.39876 -0.81642 0.41768
vn 0.56367 -0.80764 0.17321
vn 0.55252 -0.82431 -0.12345
vn 0.39279 -0.84493 -0.36306
vn 0.14466 -0.85028 -0.50605
vn -0.06099 -0.86644 -0.49554
vn -0.21652 -0.95004 -0.22481
vn -0.32125 -0.94696 -0.00841
vn -0.45984 -0.88129 0.109
vn -0.34795 -0.8714 0.34582
vn 0.22324 -0.44533 0.86709
vn -0.21274 -0.48431 0.84864
vn 0.64341 -0.36436 0.67325
vn 0.90529 -0.32332 0.27553
vn 0.90606 -0.36865 -0.20774
vn 0.65275 -0.44924 -0.61
vn 0.24519 -0.48882 -0.83722
vn 0.08809 -0.575 -0.8134
vn -0.16275 -0.85094 -0.49941
vn -0.5027 -0.86354 0.03978
vn -0.66922 -0.5959 0.4439
vn -0.59371 -0.50024 0.63029
vn 0.24594 -0.20784 0.94674
vn -0.25855 -0.24057 0.93556
vn 0.6886 -0.09885 0.71838
vn 0.95633 -0.03044 0.29069
vn 0.97184 -0.07282 -0.22412
vn 0.71769 -0.18427 -0.67154
vn 0.32661 -0.30422 -0.89486
vn -0.65181 -0.20759 0.72941
vn -0.0077 -0.59059 -0.80693
vn -0.33963 -0.81871 -0.463
vn -0.60031 -0.7997 0.01081
vn -0.66521 -0.57207 0.47983
vn -0.66514 -0.28457 0.69037
vn -0.23401 -0.5366 -0.81074
vn -0.47521 -0.80555 -0.35393
vn -0.55515 -0.83163 -0.01434
vn -0.5856 -0.68055 0.44036
vn -0.0318 -0.26229 -0.96446
vn 0.14849 -0.4072 -0.90119
vn -0.52593 -0.43956 0.72814
vn -0.41596 -0.38392 -0.82437
vn -0.59674 -0.70938 -0.37508
vn -0.61572 -0.78671 -0.04456
vn -0.56831 -0.71972 0.39878
vn -0.20518 -0.10263 -0.97333
vn -0.43726 -0.58859 0.67997
vn -0.59325 -0.18122 -0.78435
vn -0.6853 -0.61068 -0.39677
vn -0.61359 -0.78314 -0.10103
vn -0.43671 -0.8676 0.23779
vn -0.43773 0.11754 -0.89139
vn -0.13943 -0.9245 0.35476
vn -0.70074 -0.00208 -0.71342
vn -0.79099 -0.52931 -0.30685
vn -0.75795 -0.64604 -0.09023
vn -0.28793 -0.95269 0.09736
vn -0.51469 0.35499 -0.78043
vn -0.06036 -0.98652 0.15212
vn -0.56692 -0.776 0.27646
vn -0.30148 -0.86386 0.40355
vn -0.65938 -0.50254 0.55917
vn -0.63767 0.47148 -0.60917
vn -0.87098 0.08647 -0.48365
vn -0.86195 0.40182 -0.30918
vn -0.98425 0.02133 -0.1755
vn -0.90465 -0.36773 0.21538
vn -0.90171 -0.1324 0.41158
vn -0.99866 0.00468 0.05154
vn -0.97514 0.2205 -0.02183
vn -0.02932 0.8646 0.50161
vn -0.1221 0.93989 0.3189
vn -0.02895 0.98419 0.17475
vn 0.0504 0.99846 0.02317
vn -0.05624 0.61577 0.78592
vn 0.554 0.82057 0.14051
vn 0.22271 0.73261 0.64318
vn 0.6023 0.73916 0.30147
vn 0.7505 0.63064 0.19757
vn 0.67529 0.73284 0.0832
vn 0.3334 0.94041 -0.06687
vn 0.66084 0.67048 0.33727
vn 0.76382 0.60463 0.22583
vn 0.76475 0.6029 0.22731
vn 0.74048 0.64362 0.1935
vn 0.32365 0.85496 -0.40533
vn 0.3084 0.74323 -0.59371
vn 0.20656 0.69306 -0.69066
vn 0.26977 0.59634 -0.75604
vn 0.05242 0.98932 -0.13597
vn 0.18405 0.8916 -0.41374
vn -0.14851 0.98642 -0.07017
vn -0.09916 0.99467 0.02837
vn -0.06945 0.9868 0.14627
vt 0.20342 0.65246
vt 0.16826 0.61355
vt 0.22119 0.4511
vt 0.13886 0.54546
vt 0.1268 0.44478
vt 0.12951 0.34972
vt 0.16358 0.29659
vt 0.20997 0.27033
vt 0.25517 0.29356
vt 0.28924 0.35043
vt 0.30411 0.4511
vt 0.28924 0.55178
vt 0.24862 0.62548
vt 0.14448 0.70192
vt 0.20716 0.72941
vt 0.09938 0.60606
vt 0.08346 0.44478
vt 0.09189 0.30594
vt 0.14822 0.20448
vt 0.22 0.17034
vt 0.29204 0.18862
vt 0.35959 0.27673
vt 0.38534 0.4511
vt 0.36117 0.5749
vt 0.28292 0.69623
vt 0.10903 0.79354
vt 0.19313 0.83484
vt 0.05211 0.64613
vt 0.04157 0.44478
vt 0.05585 0.27149
vt 0.12867 0.14466
vt 0.22 0.09581
vt 0.31517 0.74612
vt 0.41879 0.18287
vt 0.46104 0.23789
vt 0.47848 0.40848
vt 0.4666 0.50265
vt 0.4625 0.60404
vt 0.59811 0.19154
vt 0.60258 0.25411
vt 0.60438 0.39042
vt 0.60348 0.4751
vt 0.58898 0.14527
vt 0.34068 0.09608
vt 0.60043 0.57195
vt 0.72543 0.25645
vt 0.7231 0.30438
vt 0.71464 0.41484
vt 0.70567 0.50595
vt 0.72258 0.21363
vt 0.70023 0.57961
vt 0.84663 0.39106
vt 0.83731 0.42121
vt 0.81846 0.50059
vt 0.80144 0.56533
vt 0.85122 0.34568
vt 0.78307 0.63966
vt 0.89765 0.46457
vt 0.88105 0.53925
vt 0.86699 0.63388
vt 0.81408 0.67497
vt 0.90857 0.42638
vt 0.78093 0.72615
vt 0.8462 0.7689
vt 0.80503 0.8185
vt 0.8518 0.87208
vt 0.94204 0.52472
vt 0.92032 0.54428
vt 0.96186 0.63343
vt 0.92697 0.63312
vt 0.88454 0.77544
vt 0.91399 0.85781
vt 0.92377 0.7549
vt 0.95248 0.76743
usemtl mat1
f 2893/2364/2968 2894/2365/2969 2895/2366/2970
f 2894/2365/2969 2896/2367/2971 2895/2366/2970
f 2896/2367/2971 2897/2368/2972 2895/2366/2970
f 2897/2368/2972 2898/2369/2973 2895/2366/2970
f 2898/2369/2973 2899/2370/2974 2895/2366/2970
f 2899/2370/2974 2900/2371/2975 2895/2366/2970
f 2900/2371/2975 2901/2372/2976 2895/2366/2970
f 2901/2372/2976 2902/2373/2977 2895/2366/2970
f 2902/2373/2977 2903/2374/2978 2895/2366/2970
f 2903/2374/2978 2904/2375/2979 2895/2366/2970
f 2904/2375/2979 2905/2376/2980 2895/2366/2970
f 2905/2376/2980 2893/2364/2968 2895/2366/2970
f 2906/2377/2981 2894/2365/2969 2893/2364/2968
f 2907/2378/2982 2906/2377/2981 2893/2364/2968
f 2907/2378/2982 2893/2364/2968 2905/2376/2980
f 2906/2377/2981 2908/2379/2983 2894/2365/2969
f 2908/2379/2983 2896/2367/2971 2894/2365/2969
f 2908/2379/2983 2909/2380/2984 2896/2367/2971
f 2909/2380/2984 2897/2368/2972 2896/2367/2971
f 2909/2380/2984 2910/2381/2985 2897/2368/2972
f 2910/2381/2985 2898/2369/2973 2897/2368/2972
f 2910/2381/2985 2911/2382/2986 2898/2369/2973
f 2911/2382/2986 2899/2370/2974 2898/2369/2973
f 2911/2382/2986 2912/2383/2987 2899/2370/2974
f 2912/2383/2987 2900/2371/2975 2899/2370/2974
f 2912/2383/2987 2913/2384/2988 2900/2371/2975
f 2913/2384/2988 2901/2372/2976 2900/2371/2975
f 2913/2384/2988 2914/2385/2989 2901/2372/2976
f 2914/2385/2989 2902/2373/2977 2901/2372/2976
f 2914/2385/2989 2915/2386/2990 2902/2373/2977
f 2915/2386/2990 2903/2374/2978 2902/2373/2977
f 2915/2386/2990 2916/2387/2991 2903/2374/2978
f 2916/2387/2991 2904/2375/2979 2903/2374/2978
f 2916/2387/2991 2917/2388/2992 2904/2375/2979
f 2917/2388/2992 2905/2376/2980 2904/2375/2979
f 2917/2388/2992 2907/2378/2982 2905/2376/2980
f 2918/2389/2993 2906/2377/2981 2907/2378/2982
f 2919/2390/2994 2918/2389/2993 2907/2378/2982
f 2919/2390/2994 2907/2378/2982 2917/2388/2992
f 2918/2389/2993 2920/2391/2995 2906/2377/2981
f 2920/2391/2995 2908/2379/2983 2906/2377/2981
f 2920/2391/2995 2921/2392/2996 2908/2379/2983
f 2921/2392/2996 2909/2380/2984 2908/2379/2983
f 2921/2392/2996 2922/2393/2997 2909/2380/2984
f 2922/2393/2997 2910/2381/2985 2909/2380/2984
f 2922/2393/2997 2923/2394/2998 2910/2381/2985
f 2923/2394/2998 2911/2382/2986 2910/2381/2985
f 2923/2394/2998 2924/2395/2999 2911/2382/2986
f 2924/2395/2999 2912/2383/2987 2911/2382/2986
f 2924/2395/2999 2913/2384/2988 2912/2383/2987
f 2925/2396/3000 2917/2388/2992 2916/2387/2991
f 2925/2396/3000 2919/2390/2994 2917/2388/2992
f 2913/2384/2988 2926/2397/3001 2914/2385/2989
f 2927/2398/3002 2914/2385/2989 2926/2397/3001
f 2914/2385/2989 2927/2398/3002 2915/2386/2990
f 2928/2399/3003 2915/2386/2990 2927/2398/3002
f 2915/2386/2990 2928/2399/3003 2916/2387/2991
f 2929/2400/3004 2916/2387/2991 2928/2399/3003
f 2916/2387/2991 2929/2400/3004 2925/2396/3000
f 2930/2401/3005 2925/2396/3000 2929/2400/3004
f 2926/2397/3001 2931/2402/3006 2927/2398/3002
f 2932/2403/3007 2927/2398/3002 2931/2402/3006
f 2927/2398/3002 2932/2403/3007 2928/2399/3003
f 2933/2404/3008 2928/2399/3003 2932/2403/3007
f 2928/2399/3003 2933/2404/3008 2929/2400/3004
f 2934/2405/3009 2929/2400/3004 2933/2404/3008
f 2929/2400/3004 2934/2405/3009 2930/2401/3005
f 2931/2402/3006 2926/2397/3001 2935/2406/3010
f 2936/2407/3011 2935/2406/3010 2926/2397/3001
f 2924/2395/2999 2936/2407/3011 2913/2384/2988
f 2926/2397/3001 2913/2384/2988 2936/2407/3011
f 2937/2408/3012 2930/2401/3005 2934/2405/3009
f 2931/2402/3006 2938/2409/3013 2932/2403/3007
f 2939/2410/3014 2932/2403/3007 2938/2409/3013
f 2932/2403/3007 2939/2410/3014 2933/2404/3008
f 2940/2411/3015 2933/2404/3008 2939/2410/3014
f 2933/2404/3008 2940/2411/3015 2934/2405/3009
f 2941/2412/3016 2934/2405/3009 2940/2411/3015
f 2934/2405/3009 2941/2412/3016 2937/2408/3012
f 2938/2409/3013 2931/2402/3006 2942/2413/3017
f 2935/2406/3010 2942/2413/3017 2931/2402/3006
f 2943/2414/3018 2937/2408/3012 2941/2412/3016
f 2938/2409/3013 2944/2415/3019 2939/2410/3014
f 2945/2416/3020 2939/2410/3014 2944/2415/3019
f 2939/2410/3014 2945/2416/3020 2940/2411/3015
f 2946/2417/3021 2940/2411/3015 2945/2416/3020
f 2940/2411/3015 2946/2417/3021 2941/2412/3016
f 2947/2418/3022 2941/2412/3016 2946/2417/3021
f 2941/2412/3016 2947/2418/3022 2943/2414/3018
f 2944/2415/3019 2938/2409/3013 2948/2419/3023
f 2942/2413/3017 2948/2419/3023 2938/2409/3013
f 2949/2420/3024 2943/2414/3018 2947/2418/3022
f 2944/2415/3019 2950/2421/3025 2945/2416/3020
f 2951/2422/3026 2945/2416/3020 2950/2421/3025
f 2945/2416/3020 2951/2422/3026 2946/2417/3021
f 2952/2423/3027 2946/2417/3021 2951/2422/3026
f 2946/2417/3021 2952/2423/3027 2947/2418/3022
f 2953/2424/3028 2947/2418/3022 2952/2423/3027
f 2947/2418/3022 2953/2424/3028 2949/2420/3024
f 2950/2421/3025 2944/2415/3019 2954/2425/3029
f 2948/2419/3023 2954/2425/3029 2944/2415/3019
f 2955/2426/3030 2949/2420/3024 2953/2424/3028
f 2953/2424/3028 2956/2427/3031 2955/2426/3030
f 2952/2423/3027 2956/2427/3031 2953/2424/3028
f 2957/2428/3032 2955/2426/3030 2956/2427/3031
f 2958/2429/3033 2957/2428/3032 2956/2427/3031
f 2954/2425/3029 2959/2430/3034 2950/2421/3025
f 2960/2431/3035 2950/2421/3025 2959/2430/3034
f 2960/2431/3035 2951/2422/3026 2950/2421/3025
f 2959/2430/3034 2961/2432/3036 2960/2431/3035
f 2962/2433/3037 2960/2431/3035 2961/2432/3036
f 2962/2433/3037 2952/2423/3027 2951/2422/3026
f 2962/2433/3037 2951/2422/3026 2960/2431/3035
f 2956/2427/3031 2963/2434/3038 2958/2429/3033
f 2952/2423/3027 2963/2434/3038 2956/2427/3031
f 2964/2435/3039 2958/2429/3033 2963/2434/3038
f 2963/2434/3038 2965/2436/3040 2964/2435/3039
f 2965/2436/3040 2962/2433/3037 2961/2432/3036
f 2965/2436/3040 2952/2423/3027 2962/2433/3037
f 2965/2436/3040 2963/2434/3038 2952/2423/3027
f 2966/2437/3041 2964/2435/3039 2965/2436/3040
f 2966/2437/3041 2965/2436/3040 2961/2432/3036
f 2925/2396/3042 2930/2401/3043 2919/2390/3044
f 2930/2401/3043 2921/2392/3045 2919/2390/3044
f 2937/2408/3046 2921/2392/3045 2930/2401/3043
f 2954/2425/3047 2921/2392/3045 2937/2408/3046
f 2943/2414/3048 2954/2425/3047 2937/2408/3046
f 2949/2420/3049 2954/2425/3047 2943/2414/3048
f 2964/2435/3050 2954/2425/3047 2949/2420/3049
f 2957/2428/3051 2964/2435/3050 2949/2420/3049
f 2955/2426/3052 2957/2428/3051 2949/2420/3049
f 2958/2429/3053 2964/2435/3050 2957/2428/3051
f 2961/2432/3054 2954/2425/3047 2964/2435/3050
f 2966/2437/3055 2961/2432/3054 2964/2435/3050
f 2959/2430/3056 2954/2425/3047 2961/2432/3054
f 2936/2407/3057 2921/2392/3045 2954/2425/3047
f 2942/2413/3058 2936/2407/3057 2954/2425/3047
f 2948/2419/3059 2942/2413/3058 2954/2425/3047
f 2935/2406/3060 2936/2407/3057 2942/2413/3058
f 2924/2395/3061 2923/2394/3062 2936/2407/3057
f 2923/2394/3062 2921/2392/3045 2936/2407/3057
f 2922/2393/3063 2921/2392/3045 2923/2394/3062
f 2921/2392/3045 2920/2391/3064 2919/2390/3044
f 2920/2391/3064 2918/2389/3065 2919/2390/3044
f 2967/2365/3066 2968/2364/3067 2969/2366/3068
f 2970/2367/3069 2967/2365/3066 2969/2366/3068
f 2971/2368/3070 2970/2367/3069 2969/2366/3068
f 2972/2369/3071 2971/2368/3070 2969/2366/3068
f 2973/2370/3072 2972/2369/3071 2969/2366/3068
f 2974/2371/3073 2973/2370/3072 2969/2366/3068
f 2975/2372/3074 2974/2371/3073 2969/2366/3068
f 2976/2373/3075 2975/2372/3074 2969/2366/3068
f 2977/2374/3076 2976/2373/3075 2969/2366/3068
f 2978/2375/3077 2977/2374/3076 2969/2366/3068
f 2979/2376/3078 2978/2375/3077 2969/2366/3068
f 2968/2364/3067 2979/2376/3078 2969/2366/3068
f 2967/2365/3066 2980/2377/3079 2968/2364/3067
f 2980/2377/3079 2981/2378/3080 2968/2364/3067
f 2968/2364/3067 2981/2378/3080 2979/2376/3078
f 2982/2379/3081 2980/2377/3079 2967/2365/3066
f 2970/2367/3069 2982/2379/3081 2967/2365/3066
f 2983/2380/3082 2982/2379/3081 2970/2367/3069
f 2971/2368/3070 2983/2380/3082 2970/2367/3069
f 2984/2381/3083 2983/2380/3082 2971/2368/3070
f 2972/2369/3071 2984/2381/3083 2971/2368/3070
f 2985/2382/3084 2984/2381/3083 2972/2369/3071
f 2973/2370/3072 2985/2382/3084 2972/2369/3071
f 2986/2383/3085 2985/2382/3084 2973/2370/3072
f 2974/2371/3073 2986/2383/3085 2973/2370/3072
f 2987/2384/3086 2986/2383/3085 2974/2371/3073
f 2975/2372/3074 2987/2384/3086 2974/2371/3073
f 2988/2385/3087 2987/2384/3086 2975/2372/3074
f 2976/2373/3075 2988/2385/3087 2975/2372/3074
f 2989/2386/3088 2988/2385/3087 2976/2373/3075
f 2977/2374/3076 2989/2386/3088 2976/2373/3075
f 2990/2387/3089 2989/2386/3088 2977/2374/3076
f 2978/2375/3077 2990/2387/3089 2977/2374/3076
f 2991/2388/3090 2990/2387/3089 2978/2375/3077
f 2979/2376/3078 2991/2388/3090 2978/2375/3077
f 2981/2378/3080 2991/2388/3090 2979/2376/3078
f 2980/2377/3079 2992/2389/3091 2981/2378/3080
f 2992/2389/3091 2993/2390/3092 2981/2378/3080
f 2981/2378/3080 2993/2390/3092 2991/2388/3090
f 2994/2391/3093 2992/2389/3091 2980/2377/3079
f 2982/2379/3081 2994/2391/3093 2980/2377/3079
f 2995/2392/3094 2994/2391/3093 2982/2379/3081
f 2983/2380/3082 2995/2392/3094 2982/2379/3081
f 2996/2393/3095 2995/2392/3094 2983/2380/3082
f 2984/2381/3083 2996/2393/3095 2983/2380/3082
f 2997/2394/3096 2996/2393/3095 2984/2381/3083
f 2985/2382/3084 2997/2394/3096 2984/2381/3083
f 2998/2395/3097 2997/2394/3096 2985/2382/3084
f 2986/2383/3085 2998/2395/3097 2985/2382/3084
f 2987/2384/3086 2998/2395/3097 2986/2383/3085
f 2991/2388/3090 2999/2396/3098 2990/2387/3089
f 2993/2390/3092 2999/2396/3098 2991/2388/3090
f 3000/2397/3099 2987/2384/3086 2988/2385/3087
f 2988/2385/3087 3001/2398/3100 3000/2397/3099
f 3001/2398/3100 2988/2385/3087 2989/2386/3088
f 2989/2386/3088 3002/2399/3101 3001/2398/3100
f 3002/2399/3101 2989/2386/3088 2990/2387/3089
f 2990/2387/3089 3003/2400/3102 3002/2399/3101
f 3003/2400/3102 2990/2387/3089 2999/2396/3098
f 2999/2396/3098 3004/2401/3103 3003/2400/3102
f 3005/2402/3104 3000/2397/3099 3001/2398/3100
f 3001/2398/3100 3006/2403/3105 3005/2402/3104
f 3006/2403/3105 3001/2398/3100 3002/2399/3101
f 3002/2399/3101 3007/2404/3106 3006/2403/3105
f 3007/2404/3106 3002/2399/3101 3003/2400/3102
f 3003/2400/3102 3008/2405/3107 3007/2404/3106
f 3008/2405/3107 3003/2400/3102 3004/2401/3103
f 3000/2397/3099 3005/2402/3104 3009/2406/3108
f 3009/2406/3108 3010/2407/3109 3000/2397/3099
f 3010/2407/3109 2998/2395/3097 2987/2384/3086
f 2987/2384/3086 3000/2397/3099 3010/2407/3109
f 3004/2401/3103 3011/2408/3110 3008/2405/3107
f 3012/2409/3111 3005/2402/3104 3006/2403/3105
f 3006/2403/3105 3013/2410/3112 3012/2409/3111
f 3013/2410/3112 3006/2403/3105 3007/2404/3106
f 3007/2404/3106 3014/2411/3113 3013/2410/3112
f 3014/2411/3113 3007/2404/3106 3008/2405/3107
f 3008/2405/3107 3015/2412/3114 3014/2411/3113
f 3015/2412/3114 3008/2405/3107 3011/2408/3110
f 3005/2402/3104 3012/2409/3111 3016/2413/3115
f 3016/2413/3115 3009/2406/3108 3005/2402/3104
f 3011/2408/3110 3017/2414/3116 3015/2412/3114
f 3018/2415/3117 3012/2409/3111 3013/2410/3112
f 3013/2410/3112 3019/2416/3118 3018/2415/3117
f 3019/2416/3118 3013/2410/3112 3014/2411/3113
f 3014/2411/3113 3020/2417/3119 3019/2416/3118
f 3020/2417/3119 3014/2411/3113 3015/2412/3114
f 3015/2412/3114 3021/2418/3120 3020/2417/3119
f 3021/2418/3120 3015/2412/3114 3017/2414/3116
f 3012/2409/3111 3018/2415/3117 3022/2419/3121
f 3022/2419/3121 3016/2413/3115 3012/2409/3111
f 3017/2414/3116 3023/2420/3122 3021/2418/3120
f 3024/2421/3123 3018/2415/3117 3019/2416/3118
f 3019/2416/3118 3025/2422/3124 3024/2421/3123
f 3025/2422/3124 3019/2416/3118 3020/2417/3119
f 3020/2417/3119 3026/2423/3125 3025/2422/3124
f 3026/2423/3125 3020/2417/3119 3021/2418/3120
f 3021/2418/3120 3027/2424/3126 3026/2423/3125
f 3027/2424/3126 3021/2418/3120 3023/2420/3122
f 3018/2415/3117 3024/2421/3123 3028/2425/3127
f 3028/2425/3127 3022/2419/3121 3018/2415/3117
f 3023/2420/3122 3029/2426/3128 3027/2424/3126
f 3030/2427/3129 3027/2424/3126 3029/2426/3128
f 3030/2427/3129 3026/2423/3125 3027/2424/3126
f 3029/2426/3128 3031/2428/3130 3030/2427/3129
f 3031/2428/3130 3032/2429/3131 3030/2427/3129
f 3033/2430/3132 3028/2425/3127 3024/2421/3123
f 3024/2421/3123 3034/2431/3133 3033/2430/3132
f 3025/2422/3124 3034/2431/3133 3024/2421/3123
f 3035/2432/3134 3033/2430/3132 3034/2431/3133
f 3034/2431/3133 3036/2433/3135 3035/2432/3134
f 3026/2423/3125 3036/2433/3135 3025/2422/3124
f 3025/2422/3124 3036/2433/3135 3034/2431/3133
f 3037/2434/3136 3030/2427/3129 3032/2429/3131
f 3037/2434/3136 3026/2423/3125 3030/2427/3129
f 3032/2429/3131 3038/2435/3137 3037/2434/3136
f 3039/2436/3138 3037/2434/3136 3038/2435/3137
f 3036/2433/3135 3039/2436/3138 3035/2432/3134
f 3026/2423/3125 3039/2436/3138 3036/2433/3135
f 3037/2434/3136 3039/2436/3138 3026/2423/3125
f 3038/2435/3137 3040/2437/3139 3039/2436/3138
f 3039/2436/3138 3040/2437/3139 3035/2432/3134
f 3004/2401/3140 2999/2396/3141 2993/2390/3142
f 2995/2392/3143 3004/2401/3140 2993/2390/3142
f 2995/2392/3143 3011/2408/3144 3004/2401/3140
f 2995/2392/3143 3028/2425/3145 3011/2408/3144
f 3028/2425/3145 3017/2414/3146 3011/2408/3144
f 3028/2425/3145 3023/2420/3147 3017/2414/3146
f 3028/2425/3145 3038/2435/3148 3023/2420/3147
f 3038/2435/3148 3031/2428/3149 3023/2420/3147
f 3031/2428/3149 3029/2426/3150 3023/2420/3147
f 3038/2435/3148 3032/2429/3151 3031/2428/3149
f 3028/2425/3145 3035/2432/3152 3038/2435/3148
f 3035/2432/3152 3040/2437/3153 3038/2435/3148
f 3028/2425/3145 3033/2430/3154 3035/2432/3152
f 2995/2392/3143 3010/2407/3155 3028/2425/3145
f 3010/2407/3155 3016/2413/3156 3028/2425/3145
f 3016/2413/3156 3022/2419/3157 3028/2425/3145
f 3010/2407/3155 3009/2406/3158 3016/2413/3156
f 2995/2392/3143 2997/2394/3159 3010/2407/3155
f 2997/2394/3159 2998/2395/3160 3010/2407/3155
f 2995/2392/3143 2996/2393/3161 2997/2394/3159
f 2994/2391/3162 2995/2392/3143 2993/2390/3142
f 2992/2389/3163 2994/2391/3162 2993/2390/3142
# Vertices: 148, normals: 196, texture coordinates: 74, faces: 288

# Bucket_0
o obj3
v -0.78710277 1.61252963 0.11461182
v -0.73725719 1.6310725 0.21580691
v -0.72943896 1.61802813 0.21750705
v -0.78172458 1.59857755 0.11135835
v -0.88000616 1.6151661 0.04804704
v -0.87917572 1.60134306 0.04153516
v -0.99107395 1.6382754 0.03394854
v -0.99568041 1.62558358 0.02674652
v -1.0905456 1.67566546 0.07609399
v -1.10002132 1.6648039 0.07095503
v -0.73632875 1.65448302 0.33153895
v -0.74382545 1.6658262 0.32451725
v -0.80054785 1.69817415 0.42289894
v -0.80504764 1.70747833 0.41161379
v -0.90488875 1.73739449 0.46710741
v -0.90451926 1.74486843 0.45375915
v -1.02139341 1.76163497 0.45231869
v -1.01558701 1.7679777 0.43966062
v -1.11884456 1.76440047 0.38249546
v -1.10849045 1.7706141 0.3730958
v -1.17113016 1.74494992 0.27634674
v -1.15833602 1.75207126 0.27190073
v -1.16424038 1.70849502 0.16231502
v -1.15176775 1.71731765 0.16319056
v -1.10002132 1.6648039 0.07095503
v -1.0905456 1.67566546 0.07609399
v -1.10267202 1.65406152 0.07422912
v -1.16689105 1.69775261 0.16558914
v -1.17378087 1.73420751 0.27962084
v -1.12149529 1.75365808 0.3857695
v -1.02404412 1.75089258 0.45559278
v -0.90753947 1.72665207 0.47038149
v -0.80319856 1.6874317 0.42617299
v -0.73897951 1.64374063 0.33481299
v -0.73208966 1.60728569 0.22078115
v -0.78437533 1.58783511 0.11463246
v -0.88182644 1.59060062 0.04480924
v -0.99833113 1.61484117 0.03002062
v -1.10267202 1.65406152 0.07422912
v -0.74542034 1.60584822 0.22389461
v -0.79483729 1.58746477 0.12356974
v -0.88694171 1.59007858 0.0575775
v -0.99705431 1.61298912 0.04360027
v -1.09567051 1.65005763 0.08538322
v -0.7519321 1.64030301 0.33167005
v -0.8126278 1.68159698 0.41801761
v -0.91124398 1.71866548 0.45980056
v -1.02135657 1.74157601 0.44582318
v -1.11346101 1.74418973 0.37983082
v -1.16287794 1.72580636 0.27950604
v -1.15636619 1.69135159 0.17173072
v -1.09567051 1.65005763 0.08538322
v -0.75444214 1.94780966 0.06133644
v -0.71868545 1.96111141 0.13392848
v -0.82108616 1.94970103 0.01358631
v -0.90076041 1.96627845 0.00347273
v -0.97211617 1.99310005 0.03370573
v -0.72339723 1.9860419 0.21191163
v -0.76731484 2.01592095 0.27439012
v -0.8386706 2.04274259 0.30462298
v -0.91834482 2.05932008 0.29450942
v -0.98498885 2.06121127 0.24675934
v -1.02074547 2.04790964 0.17416725
v -1.01603373 2.02297911 0.09618422
v -0.97211617 1.99310005 0.03370573
v -0.75539454 1.95168332 0.06177957
v -0.72016573 1.96478863 0.13329999
v -0.71868545 1.96111141 0.13392848
v -0.75444214 1.94780966 0.06133644
v -0.82105479 1.95354664 0.01473434
v -0.82108616 1.94970103 0.01358631
v -0.89955284 1.96987933 0.00477011
v -0.90076041 1.96627845 0.00347273
v -0.96985525 1.996305 0.03455676
v -0.97211617 1.99310005 0.03370573
v -1.01312448 2.02574306 0.09611294
v -1.01603373 2.02297911 0.09618422
v -1.01776667 2.05030552 0.17294477
v -1.02074547 2.04790964 0.17416725
v -0.98253788 2.06341083 0.24446519
v -0.98498885 2.06121127 0.24675934
v -0.91687765 2.06154745 0.29151045
v -0.91834482 2.05932008 0.29450942
v -0.8383796 2.04521482 0.30147469
v -0.8386706 2.04274259 0.30462298
v -0.76807723 2.01878909 0.27168807
v -0.76731484 2.01592095 0.27439012
v -0.72480792 1.9893511 0.21013193
v -0.72339723 1.9860419 0.21191163
v -0.86896619 2.00754705 0.1531224
v -0.67952836 1.64038245 0.40043904
v -0.6759915 1.62742526 0.39945652
v -0.70610815 1.6370058 0.21568293
v -0.70964498 1.64996296 0.21666549
v -0.71599756 1.62790629 0.21655666
v -0.68588091 1.61832577 0.40033021
v -0.74753277 1.64907143 0.18832784
v -0.74317821 1.65972831 0.19489736
v -0.74274265 1.63572109 0.19388427
v -0.73526404 1.65282194 0.2080714
v -0.7217202 1.64887151 0.21814639
v -0.69160355 1.63929097 0.40191998
v -0.69552964 1.6256592 0.40185267
v -0.72564629 1.63523972 0.21807915
v -0.73919016 1.63919024 0.20800413
v -0.66942533 1.63495837 0.54086787
v -0.66588853 1.62200115 0.53988536
v -0.67577791 1.61290169 0.540759
v -0.68525713 1.63939683 0.56544866
v -0.68742669 1.62803772 0.57366493
v -0.69160968 1.61734018 0.56533979
v -0.7903541 1.6695348 0.59202743
v -0.79252366 1.65817576 0.60024372
v -0.79670667 1.64747819 0.59191864
v -0.89627515 1.69994352 0.61183701
v -0.89844468 1.68858447 0.62005327
v -0.90262769 1.67788688 0.61172823
v -1.0035615 1.73080082 0.62042969
v -1.00573103 1.71944178 0.62864601
v -1.00991405 1.70874419 0.62032096
v -1.11167179 1.76192888 0.62225337
v -1.11384134 1.75056975 0.63046964
v -1.11802436 1.73987217 0.62214448
v -1.13298324 1.76818852 0.59756964
v -1.14287873 1.75909112 0.59839455
v -1.13933583 1.74613185 0.59746082
v -1.16117576 1.77884036 0.45354167
v -1.17107113 1.7697429 0.45436661
v -1.16752832 1.75678372 0.45343291
v -0.68150058 1.63386688 0.54234875
v -0.68542667 1.62023516 0.54228153
v -0.68809929 1.63571954 0.55204559
v -0.69202541 1.62208779 0.55197837
v -0.79319628 1.66585753 0.57862426
v -0.79712237 1.65222577 0.57855698
v -0.89911729 1.69626625 0.5984339
v -0.90304338 1.68263456 0.59836671
v -1.00640365 1.72712352 0.60702653
v -1.01032974 1.71349184 0.60695942
v -1.11451399 1.75825155 0.60885018
v -1.11844009 1.74461982 0.60878296
v -1.1233249 1.76085198 0.59612624
v -1.127251 1.74722019 0.59605893
v -1.15151726 1.77150375 0.45209823
v -1.15544335 1.757872 0.452031
v -1.17141235 1.78267865 0.27312624
v -1.18130768 1.77358114 0.27395108
v -1.17776492 1.76062197 0.27301741
v -1.14009106 1.7737931 0.24569663
v -1.14461076 1.76318362 0.23916055
v -1.14644363 1.75173643 0.24558781
v -1.16175386 1.77534202 0.27168284
v -1.13913075 1.76890291 0.25616351
v -1.14305684 1.75527112 0.25609628
v -1.16567998 1.76171029 0.27161556
v -0.73903953 1.64658327 0.19685228
v -0.74753277 1.64907143 0.18832784
v -0.70610815 1.6370058 0.21568293
v -0.73903953 1.64658327 0.19685228
v -1.14461076 1.76318362 0.23916055
v -1.18130768 1.77358114 0.27395108
v -1.1454667 1.75305954 0.24805296
v -1.14009106 1.7737931 0.24569663
v -1.17141235 1.78267865 0.27312624
v -1.13913075 1.76890291 0.25616351
v -1.16175386 1.77534202 0.27168284
v -1.14305684 1.75527112 0.25609628
v -1.16567998 1.76171029 0.27161556
v -1.14644363 1.75173643 0.24558781
v -1.17776492 1.76062197 0.27301741
v -1.14224109 1.77808838 0.24370424
v -1.14644098 1.78356273 0.23935728
v -1.14535158 1.79046789 0.25630938
v -1.14141393 1.78333159 0.25657623
v -1.14553303 1.7656764 0.23832201
v -1.15077637 1.76721639 0.23226895
v -1.14936129 1.75336639 0.24358229
v -1.15581817 1.7510044 0.23919667
v -1.15148347 1.74836943 0.25640376
v -1.15861289 1.74442345 0.25608224
v -1.15660021 1.76886678 0.23773363
v -1.15330825 1.78127874 0.24311589
v -1.1524811 1.78652197 0.25598786
v -1.16042848 1.75655672 0.24299395
v -1.1625506 1.75155978 0.2558154
v -1.15485616 1.75908691 0.26492875
v -1.15065625 1.75361259 0.26927573
v -1.15542106 1.75550573 0.25613691
v -1.15260765 1.76756461 0.26860493
v -1.14736432 1.76602458 0.27465798
v -1.14999289 1.77597262 0.26501202
v -1.14353605 1.77833459 0.26939768
v -1.14854339 1.77938567 0.25625471
v -1.16172344 1.75680298 0.26868737
v -1.15843154 1.769215 0.27406961
v -1.15460322 1.78152497 0.26880932
v -1.14910841 1.77580443 0.24746289
v -1.15135682 1.76732675 0.24378669
v -1.15397169 1.75891877 0.24737957
v -1.15752361 1.75132867 0.27303434
v -1.15318816 1.76767497 0.28012266
v -1.14814642 1.78388696 0.27319496
v -0.73094902 1.65921919 0.19057225
v -0.73624214 1.66499809 0.18831605
v -0.72970656 1.67033801 0.20459528
v -0.72598646 1.6632739 0.20293329
v -0.73595388 1.64729952 0.18540163
v -0.74283343 1.64930013 0.18150643
v -0.73806922 1.63449723 0.1904503
v -0.74561931 1.63243977 0.18815543
v -0.73605591 1.62831168 0.20276083
v -0.74296789 1.62429357 0.20436814
v -0.74658592 1.65034554 0.1886709
v -0.74158106 1.66226521 0.19384153
v -0.73661847 1.6663199 0.20620259
v -0.7487013 1.63754319 0.19371958
v -0.74668795 1.6313577 0.20603011
v -0.73638652 1.63814527 0.21286567
v -0.73109335 1.63236634 0.21512188
v -0.73977607 1.63537582 0.20442281
v -0.73296813 1.64628666 0.21639732
v -0.72608846 1.64428604 0.2202925
v -0.73152326 1.65503087 0.21294897
v -0.72397315 1.65708833 0.21524383
v -0.7328984 1.65925576 0.20454059
v -0.74172545 1.63541242 0.21839114
v -0.73672062 1.64733209 0.22356178
v -0.73460522 1.66013438 0.21851311
v -0.73628786 1.65648628 0.19609776
v -0.73970637 1.64834489 0.19256609
v -0.74115112 1.63960065 0.19601444
v -0.73643224 1.62963351 0.22064736
v -0.72984104 1.64533147 0.22745697
v -0.7270551 1.66219181 0.22080797
v -0.74542034 1.60584822 0.22389461
v -0.8892688 1.92526785 0.17819962
v -0.79483729 1.58746477 0.12356974
v -0.8892688 1.92526785 0.17819962
v -0.88694171 1.59007858 0.0575775
v -0.7519321 1.64030301 0.33167005
v -0.8892688 1.92526785 0.17819962
v -0.8126278 1.68159698 0.41801761
v -0.8892688 1.92526785 0.17819962
v -0.91124398 1.71866548 0.45980056
v -0.8892688 1.92526785 0.17819962
v -1.02135657 1.74157601 0.44582318
v -0.8892688 1.92526785 0.17819962
v -1.11346101 1.74418973 0.37983082
v -0.8892688 1.92526785 0.17819962
v -1.16287794 1.72580636 0.27950604
v -0.8892688 1.92526785 0.17819962
v -1.15636619 1.69135159 0.17173072
v -0.8892688 1.92526785 0.17819962
v -1.09567051 1.65005763 0.08538322
v -0.8892688 1.92526785 0.17819962
v -0.99705431 1.61298912 0.04360027
v -0.8892688 1.92526785 0.17819962
v -0.88694171 1.59007858 0.0575775
v -0.8892688 1.92526785 0.17819962
vn 0.67726 0.55023 0.48843
vn 0.837 0.22076 0.50069
vn 0.97188 0.20706 0.11217
vn 0.76145 0.64107 0.09602
vn 0.37953 0.76013 0.52741
vn 0.36925 0.91757 0.14737
vn 0.02359 0.79421 0.60718
vn -0.09962 0.96247 0.25245
vn -0.29518 0.64335 0.70638
vn -0.51954 0.76373 0.38312
vn 0.94415 -0.26817 0.19149
vn 0.81595 -0.14 0.56091
vn 0.6857 -0.65728 0.31273
vn 0.61976 -0.43539 0.65295
vn 0.26578 -0.85601 0.4434
vn 0.30098 -0.58625 0.75214
vn -0.2031 -0.81111 0.54849
vn -0.05496 -0.55217 0.83192
vn -0.5953 -0.53462 0.59984
vn -0.35269 -0.34227 0.8709
vn -0.80572 -0.10061 0.58369
vn -0.51243 -0.0128 0.85864
vn -0.778 0.37462 0.50436
vn -0.49138 0.34796 0.79842
vn -0.67214 0.5766 -0.4645
vn -0.90953 0.21919 -0.35314
vn -0.935 -0.21731 -0.28028
vn -0.74172 -0.61595 -0.26545
vn -0.38149 -0.86991 -0.31261
vn 0.04918 -0.91115 -0.40913
vn 0.43488 -0.72861 -0.52916
vn 0.67227 -0.37121 -0.64052
vn 0.69773 0.06529 -0.71337
vn 0.50446 0.46393 -0.72821
vn 0.14422 0.7179 -0.68105
vn -0.28644 0.75913 -0.58452
vn -0.37301 -0.17166 -0.91181
vn -0.33624 -0.24115 -0.91038
vn -0.27239 -0.28365 -0.91943
vn -0.19816 -0.28994 -0.93631
vn -0.13138 -0.25914 -0.95686
vn -0.37122 -0.09237 -0.92394
vn -0.32923 -0.0253 -0.94391
vn -0.25786 0.00932 -0.96614
vn -0.17795 0.00077 -0.98404
vn -0.11302 -0.0478 -0.99244
vn -0.08084 -0.1211 -0.98934
vn -0.08831 -0.19813 -0.97619
vn 0.75962 0.6452 -0.08183
vn 0.97979 0.18649 -0.07232
vn 0.97877 0.19158 -0.07278
vn 0.75668 0.64867 -0.08159
vn 0.34741 0.93745 -0.0221
vn 0.34493 0.93838 -0.02163
vn -0.14634 0.98505 0.09083
vn -0.14645 0.98504 0.09086
vn -0.58946 0.77532 0.22674
vn -0.58763 0.7769 0.22608
vn 0.95021 -0.31161 0.00298
vn 0.94883 -0.31576 0.00388
vn 0.67686 -0.7253 0.12571
vn 0.67502 -0.7269 0.12637
vn 0.23167 -0.93675 0.26234
vn 0.23177 -0.93673 0.26231
vn -0.26463 -0.88813 0.37577
vn -0.26213 -0.88907 0.37529
vn -0.6773 -0.59314 0.43525
vn -0.67436 -0.59665 0.43502
vn -0.8954 -0.13274 0.42503
vn -0.89441 -0.13783 0.42548
vn -0.86191 0.36848 0.34834
vn -0.86329 0.36436 0.34924
vn 0.57033 0.44968 0.68739
vn 0.68607 0.21097 0.69627
vn 0.90861 0.21986 0.3551
vn 0.72518 0.59818 0.34101
vn 0.35462 0.60176 0.71563
vn 0.38332 0.83919 0.38578
vn 0.09673 0.62645 0.77344
vn -0.02539 0.87832 0.47739
vn -0.13423 0.51715 0.84531
vn -0.39143 0.7051 0.59128
vn -0.27639 0.30313 0.91199
vn -0.61673 0.36592 0.69696
vn -0.29164 0.04174 0.95562
vn -0.64089 -0.04833 0.76611
vn -0.1759 -0.19697 0.9645
vn -0.45746 -0.42665 0.78019
vn 0.03982 -0.34905 0.93626
vn -0.1156 -0.66767 0.73543
vn 0.2977 -0.37374 0.87846
vn 0.29311 -0.70681 0.64382
vn 0.52867 -0.26443 0.80659
vn 0.65915 -0.53357 0.52992
vn 0.67082 -0.05042 0.7399
vn 0.88444 -0.19439 0.42424
vn 0.22972 0.14718 0.96206
vn 0.58205 -0.08532 0.80866
vn 0.95416 0.16246 -0.25138
vn 0.83773 0.52391 -0.15401
vn 0.58732 0.20535 0.78287
vn 0.10854 0.4083 -0.90637
vn 0.06109 0.19473 -0.97895
vn 0.5614 0.80538 0.19024
vn 0.56956 0.60274 0.55884
vn 0.35786 0.84259 -0.40246
vn -0.32707 -0.77722 0.53755
vn -0.45502 -0.57799 0.67741
vn -0.6202 -0.21866 0.75335
vn -0.9408 -0.04814 -0.33553
vn -0.79296 -0.3872 -0.47042
vn -0.62113 -0.54387 -0.56427
vn 0.65098 -0.26938 0.70969
vn 0.93743 -0.17439 -0.30134
vn 0.15331 -0.00187 -0.98818
vn 0.54521 -0.44304 0.71166
vn 0.50706 -0.81848 -0.27013
vn 0.05068 -0.18869 -0.98073
vn 0.326 -0.44152 0.83593
vn 0.19647 -0.95964 -0.20124
vn -0.1985 -0.17125 -0.96503
vn 0.301 -0.4529 0.83921
vn 0.12074 -0.97593 -0.18162
vn -0.22229 -0.18324 -0.95761
vn 0.27539 -0.45028 0.84936
vn 0.04424 -0.98599 -0.16085
vn -0.2491 -0.18 -0.9516
vn -0.01101 -0.53478 0.84492
vn -0.31945 -0.94643 -0.04709
vn -0.48886 -0.28133 -0.82576
vn -0.09454 -0.37215 0.92334
vn -0.86623 -0.46521 0.1823
vn -0.59367 -0.0967 -0.79888
vn -0.06926 -0.1983 0.97769
vn -0.95212 -0.17061 0.25368
vn -0.59128 0.07962 -0.80253
vn -0.5598 0.11641 0.82041
vn -0.89377 0.29145 -0.34094
vn -0.2792 0.50609 0.81604
vn -0.62074 0.68623 -0.37918
vn 0.00489 0.68803 0.72567
vn -0.32325 0.85712 -0.40106
vn 0.06834 0.69784 0.71299
vn -0.26207 0.86811 -0.42155
vn 0.12942 0.70959 0.69263
vn -0.19872 0.87868 -0.4341
vn 0.57747 0.58648 0.56796
vn 0.19046 0.7624 -0.61845
vn 0.86584 0.29184 0.40639
vn 0.53574 0.44699 -0.71637
vn 0.93691 0.05267 0.34557
vn 0.61769 0.22512 -0.75351
vn -0.17069 0.13043 0.97665
vn -0.90715 0.28399 0.31053
vn -0.64635 0.36316 -0.67108
vn -0.12155 0.25911 0.95817
vn -0.633 0.71349 0.3004
vn -0.57276 0.48941 -0.65759
vn 0.81194 -0.50075 0.3
vn 0.61369 -0.72048 0.32294
vn 0.25678 -0.55769 -0.78933
vn 0.47937 -0.27916 -0.83203
vn -0.50047 -0.29324 -0.81458
vn -0.53439 -0.45526 -0.71215
vn -0.24851 0.34174 -0.90634
vn -0.52148 -0.85322 -0.00845
vn -0.60288 -0.75572 -0.25579
vn 0.50525 0.84935 -0.15269
vn 0.34519 0.78775 -0.51019
vn 0.41376 0.07941 0.90692
vn 0.60459 0.47526 0.63922
vn -0.58367 -0.79958 0.14142
vn -0.25168 -0.76502 0.5928
vn 0.6852 -0.72534 -0.06616
vn 0.65609 -0.72242 -0.2183
vn 0.65197 -0.72041 0.23653
vn 0.38269 -0.53069 -0.75625
vn 0.40471 -0.53129 -0.74427
vn -0.42022 0.37332 -0.82707
vn -0.60889 0.65651 -0.44526
vn -0.58002 0.78056 0.23305
vn -0.33488 0.64107 0.69057
vn 0.39528 -0.25546 0.88232
vn 0.66405 -0.6427 0.38207
vn 0.98509 0.09232 -0.14516
vn 0.23128 0.59899 0.76663
vn 0.27676 -0.14262 0.9503
vn 0.99291 -0.03513 -0.1136
vn 0.95399 0.15946 -0.2539
vn 0.05033 0.98972 0.13387
vn 0.91783 0.12698 -0.37612
vn -0.16011 0.80068 -0.5773
vn 0.89779 0.01389 -0.44021
vn -0.27675 0.14262 -0.9503
vn -0.9367 0.1807 0.29991
vn -0.9056 0.11355 0.40865
vn -0.89778 -0.01389 0.44022
vn -0.97286 0.14821 0.1777
vn -0.99291 0.03513 0.1136
vn 0.23128 0.59899 0.76663
vn 0.9056 -0.11355 -0.40865
vn 0.27677 -0.14262 0.95029
vn 0.05033 0.98972 0.13387
vn 0.9367 -0.1807 -0.29991
vn -0.16011 0.80068 -0.5773
vn 0.97286 -0.14821 -0.1777
vn -0.27675 0.14262 -0.9503
vn -0.98509 -0.09232 0.14517
vn -0.95399 -0.15946 0.2539
vn -0.91783 -0.12698 0.37612
vn -0.23129 -0.59899 -0.76662
vn -0.05033 -0.98972 -0.13388
vn 0.1601 -0.80068 0.5773
vn -0.23129 -0.59899 -0.76662
vn -0.05033 -0.98972 -0.13388
vn 0.1601 -0.80068 0.5773
vn 0.90886 0.41026 -0.07525
vn 0.00397 0.56182 0.82725
vn 0.27675 -0.14262 0.9503
vn 0.95574 0.28921 -0.0541
vn 0.86158 0.47476 -0.17967
vn -0.27115 0.93715 0.21961
vn 0.8416 0.44492 -0.3062
vn -0.38743 0.76351 -0.51667
vn 0.86062 0.33822 -0.38071
vn -0.27676 0.14261 -0.9503
vn -0.95477 -0.15267 0.25515
vn -0.9075 -0.21717 0.35957
vn -0.86062 -0.33822 0.38072
vn -0.97476 -0.18251 0.12862
vn -0.95574 -0.28921 0.0541
vn 0.00397 0.56182 0.82725
vn 0.9075 0.21717 -0.35957
vn 0.27675 -0.14262 0.9503
vn -0.27115 0.93715 0.21961
vn 0.95477 0.15266 -0.25515
vn -0.38743 0.76351 -0.51667
vn 0.97476 0.18251 -0.12862
vn -0.27676 0.14261 -0.9503
vn -0.90886 -0.41026 0.07525
vn -0.86158 -0.47476 0.17967
vn -0.8416 -0.44492 0.3062
vn -0.00396 -0.56182 -0.82725
vn 0.27115 -0.93715 -0.21961
vn 0.38743 -0.76351 0.51667
vn -0.00396 -0.56182 -0.82725
vn 0.27115 -0.93715 -0.21961
vn 0.38743 -0.76351 0.51667
vn -0.23237 -0.13516 -0.96319
vt 0.7502 0.06068
vt 0.66751 0.06068
vt 0.66751 0.03711
vt 0.7502 0.03711
vt 0.83288 0.06068
vt 0.83288 0.03711
vt 0.91556 0.06068
vt 0.91556 0.03711
vt 0.99979 0.06068
vt 0.99979 0.03711
vt 0.58483 0.03711
vt 0.58483 0.06068
vt 0.50215 0.03711
vt 0.50215 0.06068
vt 0.41947 0.03711
vt 0.41947 0.06068
vt 0.33678 0.03711
vt 0.33678 0.06068
vt 0.2541 0.03711
vt 0.2541 0.06068
vt 0.17142 0.03711
vt 0.17142 0.06068
vt 0.08874 0.03711
vt 0.08874 0.06068
vt 0.00102 0.03711
vt 0.00102 0.06068
vt 0.00102 0.012
vt 0.08874 0.012
vt 0.17142 0.012
vt 0.2541 0.012
vt 0.33678 0.012
vt 0.41947 0.012
vt 0.50215 0.012
vt 0.58483 0.012
vt 0.66751 0.012
vt 0.7502 0.012
vt 0.83288 0.012
vt 0.91556 0.012
vt 0.99979 0.012
vt 0.66751 0.0005
vt 0.7502 0.0005
vt 0.83288 0.0005
vt 0.91556 0.0005
vt 0.99979 0.0005
vt 0.58483 0.0005
vt 0.50215 0.0005
vt 0.41947 0.0005
vt 0.33678 0.0005
vt 0.2541 0.0005
vt 0.17142 0.0005
vt 0.08874 0.0005
vt 0.00102 0.0005
vt 0.7502 0.9995
vt 0.66751 0.9995
vt 0.83288 0.9995
vt 0.91556 0.9995
vt 0.99979 0.9995
vt 0.58483 0.9995
vt 0.50215 0.9995
vt 0.41947 0.9995
vt 0.33678 0.9995
vt 0.2541 0.9995
vt 0.17142 0.9995
vt 0.08874 0.9995
vt 0.00102 0.9995
vt 0.96218 0.91389
vt 0.97986 0.84792
vt 0.98184 0.84792
vt 0.9639 0.91488
vt 0.91389 0.96218
vt 0.91488 0.9639
vt 0.84792 0.97986
vt 0.84792 0.98184
vt 0.78195 0.96218
vt 0.78097 0.9639
vt 0.73366 0.91389
vt 0.73195 0.91488
vt 0.71599 0.84792
vt 0.71401 0.84792
vt 0.73366 0.78195
vt 0.73195 0.78097
vt 0.78195 0.73366
vt 0.78097 0.73195
vt 0.84792 0.71599
vt 0.84792 0.71401
vt 0.91389 0.73366
vt 0.91488 0.73195
vt 0.96218 0.78195
vt 0.9639 0.78097
vt 0.84792 0.84792
vt 0.95241 0.049
vt 0.96499 0.03275
vt 0.95071 0.03275
vt 0.93813 0.049
vt 0.93813 0.0165
vt 0.95241 0.0165
vt 0.88048 0.03275
vt 0.88119 0.049
vt 0.89391 0.0165
vt 0.89506 0.04279
vt 0.91777 0.04279
vt 0.93205 0.04279
vt 0.93205 0.02271
vt 0.91777 0.02271
vt 0.89506 0.02271
vt 0.94041 0.049
vt 0.953 0.03275
vt 0.94041 0.0165
vt 0.90571 0.049
vt 0.90571 0.03275
vt 0.90571 0.0165
vt 0.706 0.049
vt 0.706 0.03275
vt 0.706 0.0165
vt 0.50629 0.049
vt 0.50629 0.03275
vt 0.50629 0.0165
vt 0.30658 0.049
vt 0.30658 0.03275
vt 0.30658 0.0165
vt 0.10687 0.049
vt 0.10687 0.03275
vt 0.10687 0.0165
vt 0.07312 0.049
vt 0.06054 0.03275
vt 0.07312 0.0165
vt 0.05258 0.049
vt 0.03999 0.03275
vt 0.05258 0.0165
vt 0.92005 0.04279
vt 0.92005 0.02271
vt 0.90571 0.04279
vt 0.90571 0.02271
vt 0.706 0.04279
vt 0.706 0.02271
vt 0.50629 0.04279
vt 0.50629 0.02271
vt 0.30658 0.04279
vt 0.30658 0.02271
vt 0.10687 0.04279
vt 0.10687 0.02271
vt 0.09348 0.04279
vt 0.09348 0.02271
vt 0.07294 0.04279
vt 0.07294 0.02271
vt 0.07419 0.049
vt 0.0616 0.03275
vt 0.07419 0.0165
vt 0.13808 0.049
vt 0.13706 0.03275
vt 0.13808 0.0165
vt 0.09455 0.04279
vt 0.13974 0.04279
vt 0.13974 0.02271
vt 0.09455 0.02271
vt 0.89423 0.03275
vt 0.75 0
vt 0.5 0
vt 0.63847 1
vt 0.44316 1
vt 0.00843 1
vt 0.16972 1
vt 0.32597 1
vt 0.48222 1
vt 0.13277 0.05398
vt 0.12393 0.05976
vt 0.11856 0.06969
vt 0.1287 0.06153
vt 0.13446 0.03577
vt 0.12616 0.03577
vt 0.13277 0.01756
vt 0.12393 0.01179
vt 0.1287 0.01002
vt 0.11856 0.00186
vt 0.11419 0.03577
vt 0.1125 0.05398
vt 0.10843 0.06153
vt 0.1125 0.01756
vt 0.10843 0.01002
vt 0.11578 0.02334
vt 0.12462 0.01756
vt 0.11856 0.01818
vt 0.11463 0.03577
vt 0.12293 0.03577
vt 0.11578 0.04821
vt 0.12462 0.05398
vt 0.11856 0.05336
vt 0.10435 0.01756
vt 0.10266 0.03577
vt 0.10435 0.05398
vt 0.12135 0.04821
vt 0.1225 0.03577
vt 0.12135 0.02334
vt 0.11319 0.01179
vt 0.11097 0.03577
vt 0.11319 0.05976
vt 0.90324 0.05307
vt 0.89192 0.05884
vt 0.89674 0.06877
vt 0.90691 0.06061
vt 0.90173 0.03486
vt 0.88992 0.03486
vt 0.90324 0.01665
vt 0.89192 0.01087
vt 0.90691 0.0091
vt 0.89674 0.00094
vt 0.88139 0.03486
vt 0.88291 0.05307
vt 0.88657 0.06061
vt 0.88291 0.01665
vt 0.88657 0.0091
vt 0.89924 0.02242
vt 0.91057 0.01665
vt 0.89674 0.01727
vt 0.90028 0.03486
vt 0.91208 0.03486
vt 0.89924 0.04729
vt 0.91057 0.05307
vt 0.89674 0.05245
vt 0.89023 0.01665
vt 0.89175 0.03486
vt 0.89023 0.05307
vt 0.89424 0.04729
vt 0.8932 0.03486
vt 0.89424 0.02242
vt 0.90156 0.01087
vt 0.90356 0.03486
vt 0.90156 0.05884
vt 0.63847 0
vt 0.70357 0
vt 0.76868 0
vt 0.57337 0
vt 0.50826 0
vt 0.44316 0
vt 0.37805 0
vt 0.31295 0
vt 0.24785 0
vt 0.18274 0
vt 0.11764 0
vt 0.05253 0
vt -0.01761 0
usemtl mat0
f 3041/2438/3164 3042/2439/3165 3043/2440/3166
f 3044/2441/3167 3041/2438/3164 3043/2440/3166
f 3045/2442/3168 3041/2438/3164 3044/2441/3167
f 3046/2443/3169 3045/2442/3168 3044/2441/3167
f 3047/2444/3170 3045/2442/3168 3046/2443/3169
f 3048/2445/3171 3047/2444/3170 3046/2443/3169
f 3049/2446/3172 3047/2444/3170 3048/2445/3171
f 3050/2447/3173 3049/2446/3172 3048/2445/3171
f 3043/2440/3166 3042/2439/3165 3051/2448/3174
f 3042/2439/3165 3052/2449/3175 3051/2448/3174
f 3051/2448/3174 3052/2449/3175 3053/2450/3176
f 3052/2449/3175 3054/2451/3177 3053/2450/3176
f 3053/2450/3176 3054/2451/3177 3055/2452/3178
f 3054/2451/3177 3056/2453/3179 3055/2452/3178
f 3055/2452/3178 3056/2453/3179 3057/2454/3180
f 3056/2453/3179 3058/2455/3181 3057/2454/3180
f 3057/2454/3180 3058/2455/3181 3059/2456/3182
f 3058/2455/3181 3060/2457/3183 3059/2456/3182
f 3059/2456/3182 3060/2457/3183 3061/2458/3184
f 3060/2457/3183 3062/2459/3185 3061/2458/3184
f 3061/2458/3184 3062/2459/3185 3063/2460/3186
f 3062/2459/3185 3064/2461/3187 3063/2460/3186
f 3063/2460/3186 3064/2461/3187 3065/2462/3173
f 3064/2461/3187 3066/2463/3172 3065/2462/3173
f 3065/2462/3173 3067/2464/3188 3063/2460/3186
f 3068/2465/3189 3063/2460/3186 3067/2464/3188
f 3063/2460/3186 3068/2465/3189 3061/2458/3184
f 3069/2466/3190 3061/2458/3184 3068/2465/3189
f 3061/2458/3184 3069/2466/3190 3059/2456/3182
f 3070/2467/3191 3059/2456/3182 3069/2466/3190
f 3059/2456/3182 3070/2467/3191 3057/2454/3180
f 3071/2468/3192 3057/2454/3180 3070/2467/3191
f 3057/2454/3180 3071/2468/3192 3055/2452/3178
f 3072/2469/3193 3055/2452/3178 3071/2468/3192
f 3055/2452/3178 3072/2469/3193 3053/2450/3176
f 3073/2470/3194 3053/2450/3176 3072/2469/3193
f 3053/2450/3176 3073/2470/3194 3051/2448/3174
f 3074/2471/3195 3051/2448/3174 3073/2470/3194
f 3051/2448/3174 3074/2471/3195 3043/2440/3166
f 3075/2472/3196 3043/2440/3166 3074/2471/3195
f 3043/2440/3166 3075/2472/3196 3044/2441/3167
f 3076/2473/3197 3044/2441/3167 3075/2472/3196
f 3044/2441/3167 3076/2473/3197 3046/2443/3169
f 3077/2474/3198 3046/2443/3169 3076/2473/3197
f 3046/2443/3169 3077/2474/3198 3048/2445/3171
f 3078/2475/3199 3048/2445/3171 3077/2474/3198
f 3048/2445/3171 3078/2475/3199 3050/2447/3173
f 3079/2476/3188 3050/2447/3173 3078/2475/3199
f 3075/2472/3196 3080/2477/3200 3076/2473/3197
f 3081/2478/3201 3076/2473/3197 3080/2477/3200
f 3076/2473/3197 3081/2478/3201 3077/2474/3198
f 3082/2479/3202 3077/2474/3198 3081/2478/3201
f 3077/2474/3198 3082/2479/3202 3078/2475/3199
f 3083/2480/3203 3078/2475/3199 3082/2479/3202
f 3078/2475/3199 3083/2480/3203 3079/2476/3188
f 3084/2481/3204 3079/2476/3188 3083/2480/3203
f 3080/2477/3200 3075/2472/3196 3085/2482/3205
f 3074/2471/3195 3085/2482/3205 3075/2472/3196
f 3085/2482/3205 3074/2471/3195 3086/2483/3206
f 3073/2470/3194 3086/2483/3206 3074/2471/3195
f 3086/2483/3206 3073/2470/3194 3087/2484/3207
f 3072/2469/3193 3087/2484/3207 3073/2470/3194
f 3087/2484/3207 3072/2469/3193 3088/2485/3208
f 3071/2468/3192 3088/2485/3208 3072/2469/3193
f 3088/2485/3208 3071/2468/3192 3089/2486/3209
f 3070/2467/3191 3089/2486/3209 3071/2468/3192
f 3089/2486/3209 3070/2467/3191 3090/2487/3210
f 3069/2466/3190 3090/2487/3210 3070/2467/3191
f 3090/2487/3210 3069/2466/3190 3091/2488/3211
f 3068/2465/3189 3091/2488/3211 3069/2466/3190
f 3091/2488/3211 3068/2465/3189 3092/2489/3204
f 3067/2464/3188 3092/2489/3204 3068/2465/3189
f 3093/2490/3212 3094/2491/3213 3042/2439/3214
f 3041/2438/3215 3093/2490/3212 3042/2439/3214
f 3095/2492/3216 3093/2490/3212 3041/2438/3215
f 3045/2442/3217 3095/2492/3216 3041/2438/3215
f 3096/2493/3218 3095/2492/3216 3045/2442/3217
f 3047/2444/3219 3096/2493/3218 3045/2442/3217
f 3097/2494/3220 3096/2493/3218 3047/2444/3219
f 3049/2446/3221 3097/2494/3220 3047/2444/3219
f 3042/2439/3214 3094/2491/3213 3052/2449/3222
f 3094/2491/3213 3098/2495/3223 3052/2449/3222
f 3052/2449/3222 3098/2495/3223 3054/2451/3224
f 3098/2495/3223 3099/2496/3225 3054/2451/3224
f 3054/2451/3224 3099/2496/3225 3056/2453/3226
f 3099/2496/3225 3100/2497/3227 3056/2453/3226
f 3056/2453/3226 3100/2497/3227 3058/2455/3228
f 3100/2497/3227 3101/2498/3229 3058/2455/3228
f 3058/2455/3228 3101/2498/3229 3060/2457/3230
f 3101/2498/3229 3102/2499/3231 3060/2457/3230
f 3060/2457/3230 3102/2499/3231 3062/2459/3232
f 3102/2499/3231 3103/2500/3233 3062/2459/3232
f 3062/2459/3232 3103/2500/3233 3064/2461/3234
f 3103/2500/3233 3104/2501/3235 3064/2461/3234
f 3064/2461/3234 3104/2501/3235 3066/2463/3221
f 3104/2501/3235 3105/2502/3220 3066/2463/3221
f 3106/2503/3236 3107/2504/3237 3108/2505/3238
f 3109/2506/3239 3106/2503/3236 3108/2505/3238
f 3110/2507/3240 3106/2503/3236 3109/2506/3239
f 3111/2508/3241 3110/2507/3240 3109/2506/3239
f 3112/2509/3242 3110/2507/3240 3111/2508/3241
f 3113/2510/3243 3112/2509/3242 3111/2508/3241
f 3114/2511/3244 3112/2509/3242 3113/2510/3243
f 3115/2512/3245 3114/2511/3244 3113/2510/3243
f 3116/2513/3246 3114/2511/3244 3115/2512/3245
f 3117/2514/3247 3116/2513/3246 3115/2512/3245
f 3118/2515/3248 3116/2513/3246 3117/2514/3247
f 3119/2516/3249 3118/2515/3248 3117/2514/3247
f 3120/2517/3250 3118/2515/3248 3119/2516/3249
f 3121/2518/3251 3120/2517/3250 3119/2516/3249
f 3122/2519/3252 3120/2517/3250 3121/2518/3251
f 3123/2520/3253 3122/2519/3252 3121/2518/3251
f 3124/2521/3254 3122/2519/3252 3123/2520/3253
f 3125/2522/3255 3124/2521/3254 3123/2520/3253
f 3126/2523/3256 3124/2521/3254 3125/2522/3255
f 3127/2524/3257 3126/2523/3256 3125/2522/3255
f 3128/2525/3258 3126/2523/3256 3127/2524/3257
f 3129/2526/3259 3128/2525/3258 3127/2524/3257
f 3107/2504/3237 3128/2525/3258 3129/2526/3259
f 3108/2505/3238 3107/2504/3237 3129/2526/3259
f 3116/2513/3246 3118/2515/3248 3130/2527/3260
f 3118/2515/3248 3120/2517/3250 3130/2527/3260
f 3120/2517/3250 3122/2519/3252 3130/2527/3260
f 3122/2519/3252 3124/2521/3254 3130/2527/3260
f 3124/2521/3254 3126/2523/3256 3130/2527/3260
f 3126/2523/3256 3128/2525/3258 3130/2527/3260
f 3128/2525/3258 3107/2504/3237 3130/2527/3260
f 3107/2504/3237 3106/2503/3236 3130/2527/3260
f 3106/2503/3236 3110/2507/3240 3130/2527/3260
f 3110/2507/3240 3112/2509/3242 3130/2527/3260
f 3112/2509/3242 3114/2511/3244 3130/2527/3260
f 3114/2511/3244 3116/2513/3246 3130/2527/3260
f 3131/2528/3261 3132/2529/3262 3133/2530/3263
f 3134/2531/3264 3131/2528/3261 3133/2530/3263
f 3133/2530/3263 3132/2529/3262 3135/2532/3265
f 3132/2529/3262 3136/2533/3266 3135/2532/3265
f 3133/2530/3263 3137/2534/3267 3134/2531/3264
f 3138/2535/3268 3134/2531/3264 3137/2534/3267
f 3137/2534/3267 3133/2530/3263 3139/2536/3269
f 3135/2532/3265 3139/2536/3269 3133/2530/3263
f 3140/2537/3270 3141/2538/3271 3138/2535/3268
f 3134/2531/3264 3138/2535/3268 3141/2538/3271
f 3141/2538/3271 3142/2539/3272 3134/2531/3264
f 3142/2539/3272 3131/2528/3261 3134/2531/3264
f 3143/2540/3273 3142/2539/3272 3141/2538/3271
f 3144/2541/3274 3143/2540/3273 3141/2538/3271
f 3141/2538/3271 3140/2537/3270 3144/2541/3274
f 3136/2533/3266 3143/2540/3273 3144/2541/3274
f 3135/2532/3265 3136/2533/3266 3144/2541/3274
f 3145/2542/3275 3144/2541/3274 3140/2537/3270
f 3139/2536/3269 3135/2532/3265 3145/2542/3275
f 3144/2541/3274 3145/2542/3275 3135/2532/3265
f 3146/2543/3276 3147/2544/3277 3132/2529/3262
f 3131/2528/3261 3146/2543/3276 3132/2529/3262
f 3132/2529/3262 3147/2544/3277 3136/2533/3266
f 3147/2544/3277 3148/2545/3278 3136/2533/3266
f 3146/2543/3276 3149/2546/3279 3147/2544/3277
f 3149/2546/3279 3150/2547/3280 3147/2544/3277
f 3147/2544/3277 3150/2547/3280 3148/2545/3278
f 3150/2547/3280 3151/2548/3281 3148/2545/3278
f 3149/2546/3279 3152/2549/3282 3150/2547/3280
f 3152/2549/3282 3153/2550/3283 3150/2547/3280
f 3150/2547/3280 3153/2550/3283 3151/2548/3281
f 3153/2550/3283 3154/2551/3284 3151/2548/3281
f 3152/2549/3282 3155/2552/3285 3153/2550/3283
f 3155/2552/3285 3156/2553/3286 3153/2550/3283
f 3153/2550/3283 3156/2553/3286 3154/2551/3284
f 3156/2553/3286 3157/2554/3287 3154/2551/3284
f 3155/2552/3285 3158/2555/3288 3156/2553/3286
f 3158/2555/3288 3159/2556/3289 3156/2553/3286
f 3156/2553/3286 3159/2556/3289 3157/2554/3287
f 3159/2556/3289 3160/2557/3290 3157/2554/3287
f 3158/2555/3288 3161/2558/3291 3159/2556/3289
f 3161/2558/3291 3162/2559/3292 3159/2556/3289
f 3159/2556/3289 3162/2559/3292 3160/2557/3290
f 3162/2559/3292 3163/2560/3293 3160/2557/3290
f 3161/2558/3291 3164/2561/3294 3162/2559/3292
f 3164/2561/3294 3165/2562/3295 3162/2559/3292
f 3162/2559/3292 3165/2562/3295 3163/2560/3293
f 3165/2562/3295 3166/2563/3296 3163/2560/3293
f 3164/2561/3294 3167/2564/3297 3165/2562/3295
f 3167/2564/3297 3168/2565/3298 3165/2562/3295
f 3165/2562/3295 3168/2565/3298 3166/2563/3296
f 3168/2565/3298 3169/2566/3299 3166/2563/3296
f 3170/2567/3300 3146/2543/3276 3131/2528/3261
f 3142/2539/3272 3170/2567/3300 3131/2528/3261
f 3171/2568/3301 3170/2567/3300 3142/2539/3272
f 3143/2540/3273 3171/2568/3301 3142/2539/3272
f 3148/2545/3278 3171/2568/3301 3143/2540/3273
f 3136/2533/3266 3148/2545/3278 3143/2540/3273
f 3170/2567/3300 3172/2569/3302 3146/2543/3276
f 3172/2569/3302 3149/2546/3279 3146/2543/3276
f 3173/2570/3303 3172/2569/3302 3170/2567/3300
f 3171/2568/3301 3173/2570/3303 3170/2567/3300
f 3151/2548/3281 3173/2570/3303 3171/2568/3301
f 3148/2545/3278 3151/2548/3281 3171/2568/3301
f 3172/2569/3302 3174/2571/3304 3149/2546/3279
f 3174/2571/3304 3152/2549/3282 3149/2546/3279
f 3175/2572/3305 3174/2571/3304 3172/2569/3302
f 3173/2570/3303 3175/2572/3305 3172/2569/3302
f 3154/2551/3284 3175/2572/3305 3173/2570/3303
f 3151/2548/3281 3154/2551/3284 3173/2570/3303
f 3174/2571/3304 3176/2573/3306 3152/2549/3282
f 3176/2573/3306 3155/2552/3285 3152/2549/3282
f 3177/2574/3307 3176/2573/3306 3174/2571/3304
f 3175/2572/3305 3177/2574/3307 3174/2571/3304
f 3157/2554/3287 3177/2574/3307 3175/2572/3305
f 3154/2551/3284 3157/2554/3287 3175/2572/3305
f 3176/2573/3306 3178/2575/3308 3155/2552/3285
f 3178/2575/3308 3158/2555/3288 3155/2552/3285
f 3179/2576/3309 3178/2575/3308 3176/2573/3306
f 3177/2574/3307 3179/2576/3309 3176/2573/3306
f 3160/2557/3290 3179/2576/3309 3177/2574/3307
f 3157/2554/3287 3160/2557/3290 3177/2574/3307
f 3178/2575/3308 3180/2577/3310 3158/2555/3288
f 3180/2577/3310 3161/2558/3291 3158/2555/3288
f 3181/2578/3311 3180/2577/3310 3178/2575/3308
f 3179/2576/3309 3181/2578/3311 3178/2575/3308
f 3163/2560/3293 3181/2578/3311 3179/2576/3309
f 3160/2557/3290 3163/2560/3293 3179/2576/3309
f 3180/2577/3310 3182/2579/3312 3161/2558/3291
f 3182/2579/3312 3164/2561/3294 3161/2558/3291
f 3183/2580/3313 3182/2579/3312 3180/2577/3310
f 3181/2578/3311 3183/2580/3313 3180/2577/3310
f 3166/2563/3296 3183/2580/3313 3181/2578/3311
f 3163/2560/3293 3166/2563/3296 3181/2578/3311
f 3182/2579/3312 3184/2581/3314 3164/2561/3294
f 3184/2581/3314 3167/2564/3297 3164/2561/3294
f 3185/2582/3315 3184/2581/3314 3182/2579/3312
f 3183/2580/3313 3185/2582/3315 3182/2579/3312
f 3169/2566/3299 3185/2582/3315 3183/2580/3313
f 3166/2563/3296 3169/2566/3299 3183/2580/3313
f 3186/2583/3316 3187/2584/3317 3168/2565/3298
f 3167/2564/3297 3186/2583/3316 3168/2565/3298
f 3168/2565/3298 3187/2584/3317 3169/2566/3299
f 3187/2584/3317 3188/2585/3318 3169/2566/3299
f 3186/2583/3316 3189/2586/3319 3187/2584/3317
f 3190/2587/3320 3187/2584/3317 3189/2586/3319
f 3187/2584/3317 3190/2587/3320 3188/2585/3318
f 3191/2588/3321 3188/2585/3318 3190/2587/3320
f 3192/2589/3322 3193/2590/3323 3186/2583/3316
f 3193/2590/3323 3192/2589/3322 3194/2591/3324
f 3195/2592/3325 3194/2591/3324 3192/2589/3322
f 3195/2592/3325 3192/2589/3322 3184/2581/3314
f 3184/2581/3314 3192/2589/3322 3167/2564/3297
f 3192/2589/3322 3186/2583/3316 3167/2564/3297
f 3185/2582/3315 3195/2592/3325 3184/2581/3314
f 3188/2585/3318 3195/2592/3325 3185/2582/3315
f 3169/2566/3299 3188/2585/3318 3185/2582/3315
f 3189/2586/3319 3186/2583/3316 3193/2590/3323
f 3194/2591/3324 3195/2592/3325 3191/2588/3321
f 3188/2585/3318 3191/2588/3321 3195/2592/3325
f 3138/2535/3326 3134/2531/3327 3196/2593/3328
f 3134/2531/3327 3138/2535/3326 3133/2530/3329
f 3137/2534/3330 3133/2530/3329 3138/2535/3326
f 3138/2535/3326 3134/2531/3327 3140/2537/3331
f 3141/2538/3332 3140/2537/3331 3134/2531/3327
f 3140/2537/3331 3141/2538/3332 3196/2593/3328
f 3140/2537/3331 3141/2538/3332 3145/2542/3333
f 3145/2542/3333 3144/2541/3334 3196/2593/3328
f 3144/2541/3334 3145/2542/3333 3141/2538/3332
f 3145/2542/3333 3144/2541/3334 3139/2536/3335
f 3139/2536/3335 3135/2532/3336 3196/2593/3328
f 3135/2532/3336 3139/2536/3335 3144/2541/3334
f 3139/2536/3335 3135/2532/3336 3137/2534/3330
f 3133/2530/3329 3137/2534/3330 3135/2532/3336
f 3197/2594/3330 3198/2594/3329 3199/2595/3328
f 3200/2596/3337 3201/2596/3338 3202/2597/3339
f 3203/2598/3340 3204/2598/3341 3202/2597/3339
f 3205/2599/3342 3206/2599/3343 3202/2597/3339
f 3207/2600/3344 3208/2600/3345 3202/2597/3339
f 3209/2601/3346 3210/2601/3347 3202/2597/3339
f 3189/2586/3340 3186/2583/3341 3190/2587/3337
f 3187/2584/3338 3190/2587/3337 3186/2583/3341
f 3186/2583/3341 3189/2586/3340 3192/2589/3343
f 3190/2587/3337 3187/2584/3338 3191/2588/3346
f 3188/2585/3347 3191/2588/3346 3187/2584/3338
f 3193/2590/3342 3192/2589/3343 3189/2586/3340
f 3192/2589/3343 3193/2590/3342 3195/2592/3345
f 3194/2591/3344 3195/2592/3345 3193/2590/3342
f 3195/2592/3345 3194/2591/3344 3188/2585/3347
f 3191/2588/3346 3188/2585/3347 3194/2591/3344
f 3211/2602/3348 3212/2603/3349 3213/2604/3350
f 3214/2605/3351 3211/2602/3348 3213/2604/3350
f 3211/2602/3348 3215/2606/3352 3212/2603/3349
f 3215/2606/3352 3216/2607/3353 3212/2603/3349
f 3215/2606/3352 3217/2608/3354 3216/2607/3353
f 3217/2608/3354 3218/2609/3355 3216/2607/3353
f 3217/2608/3354 3219/2610/3356 3218/2609/3355
f 3219/2610/3356 3220/2611/3357 3218/2609/3355
f 3216/2607/3353 3221/2612/3358 3222/2613/3359
f 3212/2603/3349 3216/2607/3353 3222/2613/3359
f 3212/2603/3349 3222/2613/3359 3223/2614/3360
f 3213/2604/3350 3212/2603/3349 3223/2614/3360
f 3216/2607/3353 3218/2609/3355 3221/2612/3358
f 3218/2609/3355 3224/2615/3361 3221/2612/3358
f 3218/2609/3355 3220/2611/3357 3224/2615/3361
f 3220/2611/3357 3225/2616/3362 3224/2615/3361
f 3226/2617/3363 3227/2618/3364 3219/2610/3356
f 3228/2619/3365 3226/2617/3363 3219/2610/3356
f 3226/2617/3363 3229/2620/3366 3227/2618/3364
f 3229/2620/3366 3230/2621/3367 3227/2618/3364
f 3229/2620/3366 3231/2622/3368 3230/2621/3367
f 3231/2622/3368 3232/2623/3369 3230/2621/3367
f 3231/2622/3368 3233/2624/3370 3232/2623/3369
f 3233/2624/3370 3214/2605/3351 3232/2623/3369
f 3225/2616/3362 3234/2625/3371 3228/2619/3365
f 3234/2625/3371 3226/2617/3363 3228/2619/3365
f 3235/2626/3372 3229/2620/3366 3226/2617/3363
f 3234/2625/3371 3235/2626/3372 3226/2617/3363
f 3235/2626/3372 3236/2627/3373 3229/2620/3366
f 3236/2627/3373 3231/2622/3368 3229/2620/3366
f 3236/2627/3373 3223/2614/3360 3231/2622/3368
f 3223/2614/3360 3233/2624/3370 3231/2622/3368
f 3237/2628/3374 3211/2602/3348 3214/2605/3351
f 3233/2624/3370 3237/2628/3374 3214/2605/3351
f 3237/2628/3374 3238/2629/3375 3211/2602/3348
f 3238/2629/3375 3215/2606/3352 3211/2602/3348
f 3238/2629/3375 3239/2630/3376 3215/2606/3352
f 3239/2630/3376 3217/2608/3354 3215/2606/3352
f 3239/2630/3376 3228/2619/3365 3217/2608/3354
f 3228/2619/3365 3219/2610/3356 3217/2608/3354
f 3221/2612/3358 3238/2629/3375 3237/2628/3374
f 3222/2613/3359 3221/2612/3358 3237/2628/3374
f 3222/2613/3359 3237/2628/3374 3233/2624/3370
f 3223/2614/3360 3222/2613/3359 3233/2624/3370
f 3221/2612/3358 3224/2615/3361 3238/2629/3375
f 3224/2615/3361 3239/2630/3376 3238/2629/3375
f 3224/2615/3361 3225/2616/3362 3239/2630/3376
f 3225/2616/3362 3228/2619/3365 3239/2630/3376
f 3219/2610/3356 3227/2618/3364 3220/2611/3357
f 3227/2618/3364 3240/2631/3377 3220/2611/3357
f 3227/2618/3364 3230/2621/3367 3240/2631/3377
f 3230/2621/3367 3241/2632/3378 3240/2631/3377
f 3230/2621/3367 3232/2623/3369 3241/2632/3378
f 3232/2623/3369 3242/2633/3379 3241/2632/3378
f 3232/2623/3369 3214/2605/3351 3242/2633/3379
f 3214/2605/3351 3213/2604/3350 3242/2633/3379
f 3240/2631/3377 3234/2625/3371 3225/2616/3362
f 3240/2631/3377 3241/2632/3378 3234/2625/3371
f 3220/2611/3357 3240/2631/3377 3225/2616/3362
f 3241/2632/3378 3235/2626/3372 3234/2625/3371
f 3241/2632/3378 3242/2633/3379 3235/2626/3372
f 3242/2633/3379 3236/2627/3373 3235/2626/3372
f 3242/2633/3379 3213/2604/3350 3236/2627/3373
f 3213/2604/3350 3223/2614/3360 3236/2627/3373
f 3243/2634/3380 3244/2635/3381 3245/2636/3382
f 3246/2637/3383 3243/2634/3380 3245/2636/3382
f 3243/2634/3380 3247/2638/3384 3244/2635/3381
f 3247/2638/3384 3248/2639/3385 3244/2635/3381
f 3247/2638/3384 3249/2640/3386 3248/2639/3385
f 3249/2640/3386 3250/2641/3387 3248/2639/3385
f 3249/2640/3386 3251/2642/3388 3250/2641/3387
f 3251/2642/3388 3252/2643/3389 3250/2641/3387
f 3248/2639/3385 3253/2644/3390 3254/2645/3391
f 3244/2635/3381 3248/2639/3385 3254/2645/3391
f 3244/2635/3381 3254/2645/3391 3255/2646/3392
f 3245/2636/3382 3244/2635/3381 3255/2646/3392
f 3248/2639/3385 3250/2641/3387 3253/2644/3390
f 3250/2641/3387 3256/2647/3393 3253/2644/3390
f 3250/2641/3387 3252/2643/3389 3256/2647/3393
f 3252/2643/3389 3257/2648/3394 3256/2647/3393
f 3258/2649/3395 3259/2650/3396 3251/2642/3388
f 3260/2651/3397 3258/2649/3395 3251/2642/3388
f 3258/2649/3395 3261/2652/3398 3259/2650/3396
f 3261/2652/3398 3262/2653/3399 3259/2650/3396
f 3261/2652/3398 3263/2654/3400 3262/2653/3399
f 3263/2654/3400 3264/2655/3401 3262/2653/3399
f 3263/2654/3400 3265/2656/3402 3264/2655/3401
f 3265/2656/3402 3246/2637/3383 3264/2655/3401
f 3257/2648/3394 3266/2657/3403 3260/2651/3397
f 3266/2657/3403 3258/2649/3395 3260/2651/3397
f 3267/2658/3404 3261/2652/3398 3258/2649/3395
f 3266/2657/3403 3267/2658/3404 3258/2649/3395
f 3267/2658/3404 3268/2659/3405 3261/2652/3398
f 3268/2659/3405 3263/2654/3400 3261/2652/3398
f 3268/2659/3405 3255/2646/3392 3263/2654/3400
f 3255/2646/3392 3265/2656/3402 3263/2654/3400
f 3269/2660/3406 3243/2634/3380 3246/2637/3383
f 3265/2656/3402 3269/2660/3406 3246/2637/3383
f 3269/2660/3406 3270/2661/3407 3243/2634/3380
f 3270/2661/3407 3247/2638/3384 3243/2634/3380
f 3270/2661/3407 3271/2662/3408 3247/2638/3384
f 3271/2662/3408 3249/2640/3386 3247/2638/3384
f 3271/2662/3408 3260/2651/3397 3249/2640/3386
f 3260/2651/3397 3251/2642/3388 3249/2640/3386
f 3253/2644/3390 3270/2661/3407 3269/2660/3406
f 3254/2645/3391 3253/2644/3390 3269/2660/3406
f 3254/2645/3391 3269/2660/3406 3265/2656/3402
f 3255/2646/3392 3254/2645/3391 3265/2656/3402
f 3253/2644/3390 3256/2647/3393 3270/2661/3407
f 3256/2647/3393 3271/2662/3408 3270/2661/3407
f 3256/2647/3393 3257/2648/3394 3271/2662/3408
f 3257/2648/3394 3260/2651/3397 3271/2662/3408
f 3251/2642/3388 3259/2650/3396 3252/2643/3389
f 3259/2650/3396 3272/2663/3409 3252/2643/3389
f 3259/2650/3396 3262/2653/3399 3272/2663/3409
f 3262/2653/3399 3273/2664/3410 3272/2663/3409
f 3262/2653/3399 3264/2655/3401 3273/2664/3410
f 3264/2655/3401 3274/2665/3411 3273/2664/3410
f 3264/2655/3401 3246/2637/3383 3274/2665/3411
f 3246/2637/3383 3245/2636/3382 3274/2665/3411
f 3272/2663/3409 3266/2657/3403 3257/2648/3394
f 3272/2663/3409 3273/2664/3410 3266/2657/3403
f 3252/2643/3389 3272/2663/3409 3257/2648/3394
f 3273/2664/3410 3267/2658/3404 3266/2657/3403
f 3273/2664/3410 3274/2665/3411 3267/2658/3404
f 3274/2665/3411 3268/2659/3405 3267/2658/3404
f 3274/2665/3411 3245/2636/3382 3268/2659/3405
f 3245/2636/3382 3255/2646/3392 3268/2659/3405
f 3275/2666/3200 3276/2666/3412 3277/2667/3201
f 3277/2667/3201 3278/2667/3412 3279/2668/3202
f 3280/2669/3205 3281/2669/3412 3275/2666/3200
f 3282/2670/3206 3283/2670/3412 3280/2669/3205
f 3284/2671/3207 3285/2671/3412 3282/2670/3206
f 3286/2672/3208 3287/2672/3412 3284/2671/3207
f 3288/2673/3209 3289/2673/3412 3286/2672/3208
f 3290/2674/3210 3291/2674/3412 3288/2673/3209
f 3292/2675/3211 3293/2675/3412 3290/2674/3210
f 3294/2676/3204 3295/2676/3412 3292/2675/3211
f 3296/2677/3203 3297/2677/3412 3294/2676/3204
f 3298/2678/3202 3299/2678/3412 3296/2677/3203
# Vertices: 259, normals: 249, texture coordinates: 241, faces: 422

# Burn_3
o obj4
v -1.116901 1.112867 0.60344601
v -1.12855999 1.13084495 0.59382302
v -1.112391 1.13177896 0.59730202
v -1.134755 1.12813103 0.60345
v -1.124782 1.12635005 0.61655599
v -1.108613 1.12728393 0.62003499
v -1.102417 1.12999797 0.61040795
v -1.13428299 1.16331697 0.59929597
v -1.115288 1.15963089 0.60329098
v -1.140478 1.16060305 0.60892296
v -1.12767901 1.15420198 0.622545
v -1.109629 1.159603 0.62849396
v -1.103434 1.16231692 0.61886698
v -1.120758 1.14994204 0.61141801
v -1.047647 1.27223599 0.67621297
v -1.047434 1.244205 0.65602201
v -1.07025 1.24542499 0.66032201
v -1.075611 1.21838593 0.67584699
v -1.055434 1.21848702 0.69214302
v -1.033175 1.21252191 0.683245
v -1.027813 1.23956001 0.66772002
v -1.085135 1.18350697 0.65140802
v -1.051844 1.19005096 0.648794
v -1.089047 1.18014693 0.66742599
v -1.059667 1.18333292 0.68082899
v -1.028048 1.17223096 0.67586303
v -1.024137 1.17559099 0.65984493
v -1.054472 1.20023596 0.66661698
v -0.990679 1.24215889 0.67188901
v -0.994335 1.22921991 0.65961498
v -1.006477 1.22890997 0.66805398
v -1.003986 1.22719193 0.678114
v -0.989352 1.22578394 0.67973393
v -0.97721 1.22609401 0.67129403
v -0.979701 1.22781193 0.66123497
v -1.013572 1.20070899 0.66431999
v -0.996818 1.20422399 0.65582299
v -1.010673 1.19881594 0.67436498
v -0.991021 1.20043695 0.67591399
v -0.974508 1.19555092 0.66616094
v -0.977406 1.19744492 0.656115
v -0.993735 1.20877802 0.66683292
v -0.913482 1.11967194 0.59901196
v -0.92193601 1.12525797 0.61247003
v -0.912009 1.11270893 0.60575902
v -0.915561 1.12237501 0.62199295
v -0.900732 1.11390603 0.618056
v -0.892143 1.11087406 0.60423398
v -0.898518 1.11375797 0.59471196
v -0.912427 1.16855001 0.61476696
v -0.903453 1.15678799 0.59950101
v -0.906052 1.16566706 0.62428999
v -0.890703 1.15102088 0.618545
v -0.878418 1.152089 0.60333496
v -0.884793 1.15497196 0.593813
v -0.89967 1.14309597 0.60911596
v -0.882325 1.233531 0.62775797
v -0.891401 1.22409999 0.61481702
v -0.89989001 1.22168696 0.62688899
v -0.894163 1.21737993 0.63472694
v -0.87994601 1.21548593 0.63049495
v -0.87145701 1.21789896 0.618424
v -0.877185 1.22220588 0.61058497
v -0.908632 1.19416296 0.61815298
v -0.89715901 1.20047593 0.60604501
v -0.902904 1.18985605 0.625992
v -0.88570501 1.19186294 0.621723
v -0.87611101 1.19046891 0.60675299
v -0.881839 1.19477594 0.59891397
v -0.88999 1.20208502 0.616081
v -1.13019499 1.24535894 0.62025201
v -1.127892 1.23255599 0.62181699
v -1.147673 1.248034 0.63297796
v -1.12740199 1.22554195 0.62865597
v -1.130594 1.22704899 0.63780898
v -1.134543 1.236498 0.64598095
v -1.13506199 1.250193 0.65060997
v -1.08480799 1.22428 0.616395
v -1.092618 1.24579597 0.61090302
v -1.091491 1.209499 0.632218
v -1.100617 1.21062899 0.65052801
v -1.10361499 1.220855 0.664738
v -1.102589 1.24934089 0.67243499
v -1.031466 1.22577393 0.62077796
v -1.041832 1.24839997 0.611817
v -1.027481 1.21122491 0.64168698
v -1.038901 1.21061695 0.66478598
v -1.053684 1.22424006 0.68196702
v -1.054524 1.24639797 0.68945599
v -0.980524 1.23415899 0.63910902
v -0.984764 1.248734 0.63208497
v -0.979695 1.22428393 0.65445095
v -0.986004 1.22298896 0.67154294
v -0.99358 1.230762 0.68426692
v -0.9941 1.24445701 0.688896
v -0.961104 1.24610794 0.66510904
v -0.940272 1.10067093 0.62750399
v -0.935376 1.11090791 0.63230401
v -0.950847 1.10116088 0.62158597
v -0.934329 1.11727989 0.63179797
v -0.938129 1.11737299 0.62655395
v -0.944702 1.11107194 0.61825299
v -0.950586 1.10075104 0.60946697
v -0.912231 1.11423898 0.63299501
v -0.921527 1.09693491 0.62701899
v -0.910126 1.12608004 0.63010103
v -0.918068 1.12794495 0.62080395
v -0.930832 1.11878192 0.60758597
v -0.940353 1.10208201 0.59337097
v -0.889338 1.11036897 0.62220997
v -0.89910901 1.09193301 0.617881
v -0.887483 1.12419999 0.617145
v -0.896915 1.12815905 0.60638601
v -0.911187 1.12029099 0.59265697
v -0.920708 1.10359097 0.57844102
v -0.875301 1.10271502 0.60169601
v -0.88033801 1.09053695 0.59926999
v -0.875048 1.11235797 0.59787798
v -0.880886 1.11582601 0.59003299
v -0.889323 1.11163199 0.58050597
v -0.89520701 1.10131097 0.57172
v -0.87757201 1.09507692 0.57965797
v -0.75290002 1.42031693 0.32047099
v -0.72854999 1.42816889 0.29389498
v -0.73134702 1.43811703 0.29891101
v -0.701253 1.43159103 0.26995799
v -0.70447701 1.43819201 0.27459198
v -0.681631 1.42104292 0.25673199
v -0.75420099 1.43306589 0.312309
v -0.73846 1.44833887 0.29017299
v -0.74429899 1.45479906 0.294453
v -0.718858 1.46131098 0.270264
v -0.72377899 1.46507704 0.27419201
v -0.699974 1.46071696 0.25922
v -0.85021901 1.56996 0.49255902
v -0.81673402 1.60245097 0.46991098
v -0.832037 1.606727 0.47286996
v -0.83330901 1.62058306 0.46829101
v -0.843712 1.61886001 0.472092
v -0.83946601 1.63731706 0.46328497
v -0.85049 1.638466 0.46616298
v -0.83000201 1.65900207 0.44897497
v -0.832789 1.66250896 0.448459
v -0.78570901 1.68127692 0.430096
v -0.83982001 1.57233989 0.33593798
v -0.823816 1.60737896 0.33199099
v -0.83210301 1.61295104 0.33482897
v -0.806293 1.63936484 0.32956499
v -0.812997 1.64136994 0.33172402
v -0.77710801 1.67516005 0.31926298
v -0.83041599 1.57276201 0.318564
v -0.813601 1.58883893 0.31334999
v -0.81984 1.59668696 0.31566098
v -0.79574302 1.60234499 0.30983201
v -0.80105302 1.60698187 0.31169099
v -0.76811899 1.612234 0.29864299
v -0.74852303 1.50058305 0.38392898
v -0.726603 1.511078 0.392535
v -0.72905201 1.503824 0.394972
v -0.71895599 1.49663889 0.40564999
v -0.72148502 1.49166107 0.406762
v -0.68701002 1.51454186 0.41673598
v -0.979799 1.55873299 0.55554497
v -1.005522 1.60845506 0.59209996
v -0.991507 1.61100197 0.59377396
v -0.997595 1.63768196 0.60223496
v -0.986835 1.63655806 0.60225898
v -0.975995 1.65831399 0.61034596
v -0.972251 1.64967489 0.61014497
v -0.942489 1.666291 0.60370797
v -1.078587 1.591295 0.439547
v -1.10016 1.62411296 0.41776198
v -1.095148 1.62593305 0.430702
v -1.099944 1.65188992 0.44143397
v -1.095844 1.65150201 0.45045599
v -1.132498 1.69736493 0.405182
v -1.102383 1.57888305 0.48231998
v -1.11163 1.63675594 0.466878
v -1.102137 1.63606393 0.47795099
v -1.126388 1.66915405 0.51286697
v -1.12003999 1.67419004 0.51999497
v -1.153854 1.67344797 0.536322
v -1.16967899 1.54163694 0.48463297
v -1.191438 1.577474 0.47805697
v -1.188363 1.58311403 0.47862998
v -1.217306 1.5949229 0.50888002
v -1.2128 1.60309398 0.514458
v -1.241689 1.60103798 0.533952
v -1.194111 1.49229395 0.34682399
v -1.21988399 1.51250505 0.33297899
v -1.21942699 1.51787794 0.33330896
v -1.244543 1.513641 0.31068599
v -1.24488799 1.52165294 0.315007
v -1.26577601 1.50772989 0.298574
v -1.056455 1.56387103 0.22006999
v -1.070906 1.58568597 0.20413899
v -1.06726699 1.59279907 0.208207
v -1.072563 1.59408796 0.18434401
v -1.069487 1.60041189 0.18454398
v -1.075951 1.58303404 0.16594699
v -0.863334 1.48360598 0.201937
v -0.88056501 1.49121594 0.17604201
v -0.87876001 1.50316298 0.17567399
v -0.875896 1.48556793 0.1479
v -0.873089 1.49369287 0.143888
v -0.870846 1.45921707 0.13613799
v -0.83215901 0.563541 -0.08192299
v -0.81513701 0.579853 -0.034305
v -0.79316601 0.52799499 -0.022542
v -0.813667 0.51049995 -0.068725
v -0.86005701 0.55040795 -0.093491
v -0.84056701 0.61813301 -0.092521
v -0.82120001 0.63231301 -0.048043
v -0.884745 0.60565603 -0.101378
v -0.90926601 0.54549098 -0.069339
v -0.86139101 0.49950099 -0.083532
v -0.906543 0.50151998 -0.060147
v -0.934412 0.55334699 -0.024736
v -0.926121 0.50033998 -0.010162
v -0.92685501 0.59974301 -0.083211
v -0.945794 0.606502 -0.038019
v -0.85566001 0.67737395 -0.095098
v -0.838769 0.68745899 -0.053736
v -0.89663801 0.66598195 -0.10630599
v -0.939224 0.65960294 -0.088832
v -0.955247 0.66240996 -0.044759
v -0.871425 0.737324 -0.110949
v -0.858651 0.74505502 -0.061765
v -0.908602 0.72505093 -0.13203099
v -0.949855 0.69524693 -0.108692
v -0.966504 0.69875395 -0.055718
v -0.87833901 0.82085097 -0.104149
v -0.864105 0.81353498 -0.054146
v -0.91738901 0.74693096 -0.140653
v -0.956881 0.72232199 -0.132036
v -0.980228 0.743469 -0.058673
v -1.001551 0.74841499 -0.04967
v -0.93159901 0.82588398 -0.125743
v -1.001929 0.75091696 -0.15159599
v -1.00179 0.72759098 -0.12526499
v -1.043048 0.72175199 -0.126178
v -1.023412 0.75107497 -0.064523
v -1.033348 0.71087795 -0.095985
v -1.061595 0.71303803 -0.12838899
v -1.033964 0.66584194 -0.122408
v -1.066255 0.67145598 -0.150115
v -1.035072 0.617369 -0.13095
v -1.067355 0.62298197 -0.15865199
v -1.033743 0.56322998 -0.14243101
v -1.066557 0.57425302 -0.16827498
v -1.027972 0.50460398 -0.15756899
v -1.06131 0.52096999 -0.18158099
v -1.109446 0.57560796 -0.16499001
v -1.10481 0.52855396 -0.17615801
v -1.134013 0.57158899 -0.13474999
v -1.128151 0.52492601 -0.14645299
v -1.132783 0.56350702 -0.091912
v -1.126544 0.50746799 -0.107396
v -1.110157 0.623447 -0.15567099
v -1.139116 0.61831099 -0.12343099
v -1.14214699 0.60934198 -0.078596
v -1.108836 0.67202401 -0.14737199
v -1.134896 0.66757697 -0.116315
v -1.13541999 0.65920198 -0.07262599
v -1.13313599 0.71979892 -0.110319
v -1.098169 0.70969802 -0.12971599
v -1.129409 0.71552396 -0.06545
v -1.093526 0.753833 -0.13979399
v -1.12984 0.81768799 -0.093645
v -1.13550499 0.80700397 -0.041479
v -1.002063 0.83027899 -0.137696
v -1.070824 0.82638997 -0.12496899
v -0.907958 0.56920999 0.018157
v -0.934412 0.55334699 -0.024736
v -0.926121 0.50033998 -0.010162
v -0.925196 0.61980999 0.006739
v -0.945794 0.606502 -0.038019
v -0.879519 0.63247895 0.022063
v -0.86791001 0.583058 0.033311
v -0.898852 0.51264399 0.035876
v -0.83557501 0.63808399 -0.001204
v -0.82399701 0.58784699 0.010643
v -0.82120001 0.63231301 -0.048043
v -0.81513701 0.579853 -0.034305
v -0.808906 0.53726697 0.025667
v -0.816607 0.556988 0.03047
v -0.828456 0.525994 0.049295
v -0.858593 0.52297497 0.042602
v -0.79316601 0.52799499 -0.022542
v -0.935261 0.67268896 -0.001957
v -0.955247 0.66240996 -0.044759
v -0.891157 0.684439 0.01308
v -0.851465 0.69049793 -0.008698
v -0.838769 0.68745899 -0.053736
v -0.948964 0.72469002 0.003409
v -0.966504 0.69875395 -0.055718
v -0.905952 0.73845398 0.022334
v -0.869139 0.74516994 -0.013746
v -0.858651 0.74505502 -0.061765
v -0.956225 0.75754094 0.009664
v -0.980228 0.743469 -0.058673
v -0.947463 0.798127 0.047411
v -0.87851301 0.805121 0.006975
v -0.864105 0.81353498 -0.054146
v -1.001551 0.74841499 -0.04967
v -1.001217 0.75504798 0.011512
v -1.033591 0.75798202 0.00291
v -1.055324 0.796857 0.049783
v -1.054832 0.70385802 -0.022839
v -1.09754 0.70804799 -0.029151
v -1.099778 0.65448195 -0.046432
v -1.13541999 0.65920198 -0.07262599
v -1.14214699 0.60934198 -0.078596
v -1.10397899 0.60522598 -0.053575
v -1.132783 0.56350702 -0.091912
v -1.097417 0.55528301 -0.06349
v -1.126544 0.50746799 -0.107396
v -1.086666 0.49481398 -0.072166
v -1.05798 0.55084699 -0.065795
v -1.048421 0.48945701 -0.074158
v -1.030873 0.55582398 -0.100201
v -1.0246 0.49684599 -0.114434
v -1.033743 0.56322998 -0.14243101
v -1.027972 0.50460398 -0.15756899
v -1.060465 0.60494202 -0.056879
v -1.032218 0.60989702 -0.088795
v -1.035072 0.617369 -0.13095
v -1.059082 0.65348297 -0.048448
v -1.03111 0.65836698 -0.08024299
v -1.033964 0.66584194 -0.122408
v -1.028884 0.70784897 -0.054579
v -1.033348 0.71087795 -0.095985
v -1.023412 0.75107497 -0.064523
v -1.005433 0.45297697 -0.1217
v -1.029092 0.44591701 -0.08134
v -1.078159 0.45183799 -0.072563
v -1.050268 0.40052798 -0.103783
v -1.08995499 0.422434 -0.093386
v -1.027022 0.40718299 -0.14452501
v -1.026152 0.46791697 -0.179123
v -1.041724 0.425796 -0.179557
v -1.13511899 0.419525 -0.101
v -1.09635899 0.38940701 -0.10765
v -1.070301 0.38842997 -0.15863299
v -1.069277 0.40481499 -0.194673
v -1.15851399 0.27914599 -0.136613
v -1.21615601 0.28444597 -0.124755
v -1.13653401 0.41005099 -0.111495
v -1.106147 0.290149 -0.1866
v -1.09472 0.29905799 -0.234377
v -1.22769699 0.159107 -0.176296
v -1.14175299 0.19852899 -0.174615
v -1.09812299 0.23870499 -0.21161699
v -1.11266699 0.27015999 -0.266278
v -1.218769 0.13887399 -0.20535
v -1.14850099 0.182787 -0.20176299
v -1.11161 0.23040999 -0.236679
v -1.13227999 0.257862 -0.28760499
v -1.189787 0.117458 -0.208592
v -1.124957 0.17251 -0.215137
v -1.089183 0.217875 -0.25466299
v -1.113231 0.25905198 -0.30205098
v -1.216234 0.38278401 -0.15109
v -1.31981701 0.16135401 -0.21156
v -1.294453 0.287691 -0.16874599
v -1.300901 0.13233499 -0.231102
v -1.30278999 0.10333999 -0.23732901
v -1.178022 0.264575 -0.32442799
v -1.159209 0.29122201 -0.30676201
v -1.15282199 0.25300199 -0.34264299
v -1.18630399 0.09332 -0.25742099
v -1.128387 0.157416 -0.26436299
v -1.102846 0.215215 -0.30318499
v -1.13964799 0.25300398 -0.34904799
v -1.18405999 0.24778299 -0.377426
v -1.121318 0.318477 -0.262642
v -1.09156399 0.41459098 -0.21532699
v -1.071047 0.44706297 -0.20359899
v -1.282796 0.070658 -0.27707899
v -1.129409 0.71552396 -0.06545
v -1.117498 0.79809994 0.010045
v -1.13550499 0.80700397 -0.041479
v -1.00141 0.79596394 0.049324
v -1.318059 0.32458401 -0.23679399
v -1.294453 0.287691 -0.16874599
v -1.24018499 0.41047198 -0.19382098
v -1.216234 0.38278401 -0.15109
v -1.31981701 0.16135401 -0.21156
v -1.37418598 0.19345599 -0.26486498
v -1.300901 0.13233499 -0.231102
v -1.35385501 0.15639399 -0.26692498
v -1.30278999 0.10333999 -0.23732901
v -1.37206501 0.14015099 -0.27957299
v -1.282796 0.070658 -0.27707899
v -1.36699799 0.112656 -0.305152
v -1.208682 0.42509899 -0.23301598
v -1.28129199 0.33222696 -0.30388397
v -1.326408 0.20501699 -0.316154
v -1.34675497 0.20702399 -0.31946599
v -1.37057099 0.186958 -0.33793899
v -1.35915101 0.17264499 -0.34920999
v -1.19063298 0.32365501 -0.30094799
v -1.139588 0.42603698 -0.23930798
v -1.27827901 0.27582499 -0.34494498
v -1.288293 0.26585799 -0.34504002
v -1.28378099 0.24653098 -0.37470797
v -1.28588399 0.24232 -0.38586101
v -1.18405999 0.24778299 -0.377426
v -1.15282199 0.25300199 -0.34264299
v -1.178022 0.264575 -0.32442799
v -1.159209 0.29122201 -0.30676201
v -1.121318 0.318477 -0.262642
v -1.09156399 0.41459098 -0.21532699
v -1.108062 0.45917702 -0.20639899
v -1.12716399 0.46974599 -0.186731
v -1.14663801 0.45863497 -0.146946
v -1.071047 0.44706297 -0.20359899
v -1.130963 0.47874698 -0.140944
v -1.12008099 0.48583999 -0.173586
v -1.079852 0.48381901 -0.18671601
v -1.142277 0.45646998 -0.109909
v -1.123326 0.470691 -0.117054
v -1.026152 0.46791697 -0.179123
v -1.123326 0.470691 -0.117054
v -1.142277 0.45646998 -0.109909
v -1.14663801 0.45863497 -0.146946
v -0.818101 0.509193 -0.06164
v -0.79873501 0.52394795 -0.022119
v -0.858034 0.54464597 -0.087653
v -0.86023 0.49791801 -0.078568
v -0.902498 0.50035596 -0.055945
v -0.92066 0.500588 -0.00858
v -0.79873501 0.52394795 -0.022119
v -0.79316601 0.52799499 -0.022542
v -0.81345502 0.53349 0.024787
v -0.808906 0.53726697 0.025667
v -0.82031401 0.55094796 0.026764
v -0.816607 0.556988 0.03047
v -0.82823601 0.525778 0.043389
v -0.828456 0.525994 0.049295
v -0.85761599 0.522798 0.038142
v -0.858593 0.52297497 0.042602
v -0.89488301 0.51330602 0.028674
v -0.898852 0.51264399 0.035876
v -0.907958 0.56920999 0.018157
v -0.90198001 0.56161898 0.013126
v -0.92066 0.500588 -0.00858
v -0.926121 0.50033998 -0.010162
v -0.907365 1.13938594 0.30858201
v -0.896244 1.15026093 0.269685
v -0.91373999 1.20773196 0.29219401
v -0.88390801 1.08654094 0.26611298
v -0.912407 1.08064103 0.290279
v -0.893504 1.08997095 0.25693101
v -0.915195 1.18442595 0.29940298
v -0.91930801 1.12929499 0.30249098
v -0.940005 1.05883694 0.28082398
v -0.881768 1.03126299 0.23881499
v -0.92785601 1.23581004 0.29172
v -0.869544 1.05220401 0.23483899
v -0.879746 1.03253496 0.23033001
v -0.875122 1.05423498 0.22431199
v -0.889172 1.01622593 0.241175
v -0.951046 1.0003289 0.26204598
v -0.913482 0.893107 0.21509701
v -0.88338801 0.99685299 0.223557
v -0.895889 0.90301198 0.20073299
v -0.927642 0.817693 0.16015199
v -0.922608 0.82300299 0.15474699
v -0.900075 0.90302098 0.18969101
v -0.92398 0.82549202 0.14870299
v -0.939189 0.88732296 0.21407101
v -0.947684 0.81592792 0.153671
v -0.937661 0.79771298 0.116395
v -0.939459 0.80107695 0.11127599
v -0.9518 0.76309699 0.08249199
v -0.881542 0.99957496 0.217062
v -0.887109 1.01619792 0.23124
v -0.942349 0.890495 0.202511
v -0.954609 1.00284195 0.25217101
v -0.943568 1.062307 0.270062
v -0.951247 0.82126498 0.14218999
v -0.955363 0.76479501 0.074468
v -0.922347 1.12827897 0.29348499
v -0.881242 1.21258295 0.26398399
v -0.91373999 1.20773196 0.29219401
v -0.896244 1.15026093 0.269685
v -0.920384 1.25375903 0.28841898
v -0.913649 1.24414992 0.25760999
v -0.959291 1.26678896 0.248707
v -0.956877 1.27392697 0.27967697
v -0.897133 1.15754592 0.26595801
v -0.893643 1.21023202 0.26236799
v -0.893504 1.08997095 0.25693101
v -0.922567 1.24438095 0.255557
v -0.957312 1.25786793 0.253802
v -1.001597 1.27945793 0.24171498
v -1.001597 1.30094993 0.26040798
v -1.001597 1.2658509 0.25250298
v -0.875338 1.23366404 0.20475499
v -0.896087 1.25274003 0.19052699
v -1.001586 1.27406394 0.17395701
v -0.926303 1.26890099 0.173454
v -0.95186 1.21757591 0.062836
v -0.89980301 1.22452998 0.097383
v -0.895862 1.20581698 0.061954
v -1.001597 1.20041704 0.036752
v -0.953724 1.15541101 -0.020124
v -0.89721501 1.13803995 0.013564
v -1.001597 1.16035998 -0.015285
v -0.881873 1.05318999 -0.07117499
v -0.94878 1.06350195 -0.087424
v -1.001597 1.06287801 -0.08423
v -0.842961 1.20057595 0.13471399
v -0.82511701 1.17889893 0.18313999
v -0.86484601 1.19498897 0.23505199
v -0.83808701 1.159132 0.23330499
v -0.86787501 1.141518 0.25350499
v -0.815029 1.10867298 0.15609799
v -0.844289 1.10397995 0.096645
v -0.82346301 1.09020793 0.2176
v -0.848019 1.17984903 0.078915
v -0.907301 0.88337302 -0.154174
v -0.75773899 0.98322994 0.122572
v -0.76880601 0.975923 0.197595
v -0.86368901 1.09296405 0.23506598
v -0.85847999 1.08008897 0.22852199
v -0.80787301 0.95474899 0.21908
v -0.758636 0.96895796 0.20528299
v -0.759709 0.96302098 0.119903
v -0.79960699 0.95175201 0.23754801
v -0.762839 0.94939899 0.201408
v -0.739604 0.93966597 0.124315
v -0.798933 0.93263197 0.22731799
v -0.88922901 1.05564106 0.222352
v -0.82944301 0.94303495 0.216553
v -0.83374301 0.93397498 0.23359101
v -0.82071301 0.91749799 0.22394198
v -0.77350201 0.83813596 0.24946301
v -0.814816 0.82147598 0.24580799
v -0.732932 0.669092 0.27360001
v -0.73561099 0.85294598 0.237231
v -0.697824 0.67899299 0.23661199
v -0.71128601 0.86781895 0.145845
v -0.67892399 0.68514395 0.16137899
v -0.76083 0.88805604 0.08448
v -0.758939 0.91964793 0.076249
v -0.7563 0.95082802 0.08996
v -0.71435902 0.66936499 0.106827
v -0.66915101 0.68734497 0.161746
v -0.70369601 0.66950303 0.087662
v -0.688052 0.68122596 0.23697901
v -0.729096 0.67008698 0.28531599
v -0.65422001 0.62216198 0.16175599
v -0.68589801 0.59519798 0.104468
v -0.66468 0.619618 0.243246
v -0.71123901 0.62155497 0.28196698
v -0.80416201 0.88195294 0.069275
v -0.78862602 0.91454494 0.052895
v -0.75419201 0.65315801 0.086233
v -0.78383499 0.65914595 0.28255898
v -0.77384301 0.60224199 0.279275
v -0.77830499 0.65793598 0.26637799
v -0.844852 0.80474097 0.21279301
v -0.80825101 0.65352398 0.233456
v -0.818048 0.65558702 0.246828
v -0.823872 0.58541501 0.24485299
v -0.85783301 0.90230793 0.195006
v -0.855176 0.80898696 0.14137399
v -0.82534201 0.64706802 0.16682899
v -0.84386301 0.64744902 0.15806599
v -0.83610702 0.56266999 0.17309199
v -0.805571 0.64530998 0.11497799
v -0.852375 0.83333397 0.08657099
v -0.826441 0.91927594 0.060254
v -0.85744099 0.921745 0.06504799
v -0.81374002 0.64396298 0.096111
v -0.74768102 0.65373594 0.06683899
v -0.72586501 0.56861699 0.078805
v -0.7797 0.554524 0.105206
v -0.878701 0.89839202 0.132424
v -0.86578001 0.89238 0.16073799
v -0.867079 0.91216499 0.19598499
v -0.865823 0.91928297 0.19190399
v -0.903295 1.03154802 0.193988
v -0.874929 0.91205901 0.133433
v -0.905211 1.005211 0.131042
v -0.864654 0.93724501 0.067075
v -0.881038 1.00716197 0.09149399
v -0.843383 0.97237796 0.05971
v -0.84142001 0.94817001 0.055459
v -0.85038601 1.00816 0.06606299
v -0.82441401 1.00690997 0.07902
v -0.81591101 0.99295098 0.067352
v -0.870506 1.09870005 0.087633
v -0.78730302 0.99209499 0.086913
v -0.764945 0.96604496 0.11818
v -0.881397 1.02015197 0.090508
v -0.86814 1.03303897 0.108928
v -0.894635 1.05010688 0.18212099
v -0.894401 1.06726897 0.222324
v -0.87136401 1.10569704 0.081443
v -0.862161 1.17499804 0.071366
v -0.86105201 1.09587693 0.038659
v -0.83889201 1.01778293 -0.030712
v -0.869352 0.87126994 -0.13180299
v -0.846781 0.86883903 -0.099116
v -0.83249702 0.96884 0.010743
v -0.83376101 0.86462301 -0.079313
v -0.86612201 0.96575499 0.140515
v -0.84617601 0.879044 0.046718
v -0.82970899 0.84858495 -0.049196
v -0.82763501 0.834319 -0.018878
v -0.830147 0.812994 0.013473
v -0.900075 0.90302098 0.18969101
v -0.874173 0.80210096 0.083343
v -0.84096 0.75290298 0.082044
v -0.92398 0.82549202 0.14870299
v -0.9518 0.76309699 0.08249199
v -0.939459 0.80107695 0.11127599
v -0.90121701 0.67786199 0.10200699
v -0.881542 0.99957496 0.217062
v -0.875122 1.05423498 0.22431199
v -0.879746 1.03253496 0.23033001
v -0.887109 1.01619792 0.23124
v -0.909421 0.67693901 0.09069199
v -0.955363 0.76479501 0.074468
v -0.82476401 0.69119793 0.054352
v -0.896966 0.624506 0.085626
v -0.90196101 0.62986398 0.071445
v -0.83671601 0.69798398 0.041832
v -0.82337901 0.72935599 0.023297
v -0.82566601 0.75539702 0.015038
v -0.86381401 0.75049001 0.05683
v -0.858162 0.85486901 -0.002428
v -0.837827 0.75316799 0.013255
v -0.802953 0.75371802 -0.017587
v -0.81747299 0.77642697 -0.018119
v -0.815318 0.75262898 -0.02022
v -0.80480601 0.77789295 -0.017141
v -0.80708599 0.764283 -0.055705
v -0.817981 0.81294698 -0.073323
v -0.81752199 0.79552197 -0.111981
v -0.831919 0.79603499 -0.133616
v -0.855125 0.79858494 -0.159741
v -0.89321201 0.80321294 -0.17648099
v -0.960127 0.92066592 -0.15842099
v -1.001597 0.92186397 -0.149957
v -0.953083 0.80610496 -0.18954499
v -1.001597 0.80730796 -0.18082799
v -0.899056 0.80044293 -0.16909499
v -0.953645 0.80307895 -0.181007
v -0.84317 0.79389697 -0.13001299
v -0.86432801 0.79622298 -0.153833
v -0.83007 0.79343694 -0.110323
v -0.831358 0.81158894 -0.07412399
v -0.82023101 0.76312298 -0.057363
v -1.001597 0.80418503 -0.17306399
v -0.91028401 0.85413295 -0.154616
v -0.963334 0.88287598 -0.1698
v -0.866208 0.84907699 -0.123932
v -0.87674501 0.849729 -0.13982899
v -0.84523 0.86104101 -0.055433
v -0.84685799 0.86466497 -0.080856
v -0.857409 0.86736095 -0.10159099
v -1.006473 0.88263702 -0.162229
v -1.04955 0.80307895 -0.181007
v -1.050112 0.80610394 -0.18954499
v -1.043068 0.92049199 -0.158438
v -1.054415 1.06350195 -0.087424
v -1.04947 1.15549302 -0.020082
v -1.051335 1.21758699 0.062876
v -1.076133 1.26979601 0.174582
v -1.045882 1.25786793 0.253802
v -1.043444 1.26703095 0.24888499
v -1.080628 1.24438095 0.255557
v -1.089546 1.24414992 0.25760999
v -1.08281 1.25375903 0.28841898
v -1.121953 1.21258295 0.26398399
v -1.089455 1.20773196 0.29219401
v -1.10694999 1.15026093 0.269685
v -1.046317 1.27392697 0.27967697
v -1.10565799 1.15841103 0.26704499
v -1.109551 1.21023202 0.26236799
v -1.10969099 1.08997095 0.25693101
v -1.127857 1.23366499 0.20475499
v -1.107107 1.25274003 0.19052699
v -1.13873 1.19303596 0.22970399
v -1.13103899 1.15082896 0.26516899
v -1.075338 1.23581004 0.29172
v -1.045186 1.26181388 0.28539899
v -1.001595 1.2735579 0.27988398
v -0.958003 1.26181388 0.28539899
v -0.92785601 1.23581004 0.29172
v -1.16023399 1.20057595 0.13471399
v -1.17807698 1.1789 0.18313999
v -1.162201 1.16877401 0.24984799
v -1.19126499 1.09614992 0.205772
v -1.175188 1.07536495 0.144761
v -1.16860799 1.09547091 0.26643997
v -1.155176 1.17984903 0.078916
v -1.244032 0.969468 0.22218598
v -1.21816699 0.97770697 0.29362398
v -1.131459 1.08897591 0.27151299
v -1.174851 0.96126997 0.31081498
v -1.226367 0.97247297 0.30444998
v -1.25919101 0.96025997 0.229398
v -1.22021699 0.94899899 0.16292499
v -1.205571 0.98468101 0.16904101
v -1.227323 0.92912596 0.165242
v -1.179214 0.962143 0.33082697
v -1.25663498 0.94131798 0.236849
v -1.22227699 0.95247197 0.30385199
v -1.181172 0.94127601 0.32499599
v -1.19553499 0.93595898 0.14409199
v -1.20151599 0.91518402 0.14618801
v -1.213763 0.83500701 0.185468
v -1.24903099 0.85361797 0.20649201
v -1.28277001 0.86199498 0.27019998
v -1.31015101 0.68346798 0.31533799
v -1.28459901 0.66009098 0.25805798
v -1.27838698 0.68711996 0.38627997
v -1.24276799 0.85907596 0.35712299
v -1.23728299 0.68174696 0.41758999
v -1.203183 0.84550697 0.36444801
v -1.31973198 0.68583196 0.317101
v -1.298435 0.65782499 0.241193
v -1.287967 0.68951595 0.38803902
v -1.23902999 0.68434304 0.429555
v -1.32152501 0.61458802 0.312574
v -1.28127199 0.59430695 0.259498
v -1.30928999 0.629614 0.40643001
v -1.27866599 0.62255001 0.43378699
v -1.24880099 0.64074498 0.23320298
v -1.162975 0.82794601 0.35592398
v -1.159916 0.92568493 0.32048801
v -1.19375299 0.66910893 0.40414599
v -1.18550199 0.67238504 0.41881198
v -1.215517 0.61475396 0.435954
v -1.138982 0.80655897 0.320723
v -1.16995099 0.65994793 0.36740896
v -1.157997 0.66363698 0.37847799
v -1.16172399 0.60764396 0.40625399
v -1.12864099 0.90475196 0.288358
v -1.141287 0.801126 0.248678
v -1.164655 0.64445502 0.30028999
v -1.14794599 0.64341396 0.28847098
v -1.139311 0.58824497 0.33761501
v -1.19312999 0.63608795 0.25336799
v -1.15382099 0.81800395 0.19244599
v -1.15528899 0.89709502 0.159503
v -1.188356 0.63213098 0.23371999
v -1.25859401 0.63882703 0.215334
v -1.23622298 0.57542896 0.23782699
v -1.18510099 0.57078701 0.26763499
v -1.120332 0.88799399 0.22481199
v -1.127212 0.88794297 0.25583097
v -1.11975099 0.91460896 0.28546399
v -1.12204999 0.92075795 0.28034598
v -1.14586 0.94381499 0.32383898
v -1.153762 0.94920993 0.30647099
v -1.101166 1.06395698 0.26538
v -1.091911 1.03303993 0.242112
v -1.124342 0.901622 0.223763
v -1.10175999 0.99032897 0.18978399
v -1.14839599 0.91271102 0.15687899
v -1.176203 0.97916901 0.14872
v -1.151218 1.06795299 0.131841
v -1.133927 0.98112094 0.157649
v -1.136576 1.02826202 0.125847
v -1.106302 1.05238605 0.20279899
v -1.09692 1.07515407 0.261071
v -1.125853 1.10318899 0.273018
v -1.150979 1.12050104 0.070464
v -1.14103299 1.17499804 0.071366
v -1.107332 1.20577097 0.061817
v -1.10597999 1.13620496 0.012635
v -1.103391 1.22452998 0.097383
v -1.121322 1.05318999 -0.07117499
v -1.13284799 1.21835601 0.11778799
v -1.095894 0.88186795 -0.15426899
v -1.142142 1.09487092 0.038665
v -1.16430299 1.017784 -0.030712
v -1.13446999 0.87138295 -0.131069
v -1.159326 0.86788803 -0.092078
v -1.17069799 0.96884 0.010743
v -1.17058201 0.86299896 -0.073526
v -1.137073 0.96575499 0.140515
v -1.15701801 0.879044 0.046719
v -1.172731 0.84568799 -0.043385
v -1.174962 0.83345395 -0.017774
v -1.17304799 0.812994 0.013473
v -1.103119 0.90302098 0.18969101
v -1.12902099 0.80210197 0.083343
v -1.074868 0.70105004 0.066318
v -1.079214 0.82549202 0.14870299
v -1.051395 0.76309699 0.08249199
v -1.063736 0.80107695 0.11127599
v -1.005117 0.64367199 0.027546
v -1.121653 0.99957496 0.217062
v -1.12807299 1.05423498 0.22431199
v -1.123448 1.03938901 0.23339
v -1.11608599 1.01619792 0.23124
v -1.003901 0.64818603 0.014343
v -1.047832 0.76479501 0.074468
v -1.096123 0.64709198 0.027932
v -1.19345899 0.75397497 -0.014662
v -1.19606701 0.77809995 -0.055648
v -1.19353399 0.78971797 -0.089438
v -1.185672 0.79552197 -0.111981
v -1.17127599 0.79603499 -0.133616
v -1.14806999 0.79858494 -0.159741
v -1.109983 0.80321294 -0.17648099
v -1.104139 0.80044293 -0.16909499
v -1.160025 0.79389697 -0.13001199
v -1.13886699 0.79622298 -0.153833
v -1.180352 0.78805602 -0.089452
v -1.18208401 0.77670193 -0.057631
v -1.17316099 0.79342693 -0.110264
v -1.09291 0.85395104 -0.15458
v -1.039861 0.88166898 -0.169633
v -1.147927 0.85018599 -0.12791799
v -1.12759599 0.85006303 -0.138779
v -1.15774499 0.85536301 -0.04191
v -1.15953399 0.86148697 -0.067879
v -1.141074 0.85023695 0.00243
v -1.17698298 0.75282794 -0.020105
v -1.09319899 0.66008902 0.014963
v -1.014989 0.60790294 -0.0156
v -1.011307 0.59774697 -0.003851
v -1.13938099 0.75049001 0.05683
v -1.151327 0.8664 -0.090202
v -0.87034701 1.21835601 0.11778799
v -0.76888001 0.96367401 0.075663
v -0.78730302 0.99209499 0.086913
v -0.764945 0.96604496 0.11818
v -0.804511 0.95925796 0.041738
v -0.775078 0.93545401 0.072473
v -0.81591101 0.99295098 0.067352
v -0.843383 0.97237796 0.05971
v -0.84142001 0.94817001 0.055459
v -0.826441 0.91927594 0.060254
v -0.79508699 0.91689998 0.049472
v -0.80416201 0.88195294 0.069275
v -0.76193501 0.95092899 0.091155
v -0.882567 1.10240901 0.073446
v -1.001597 0.99632698 0.24449499
v -0.954609 1.00284195 0.25217101
v -1.001597 1.0584079 0.27886298
v -0.943568 1.062307 0.270062
v -0.942349 0.890495 0.202511
v -1.001597 0.89035594 0.20286699
v -0.951247 0.82126498 0.14218999
v -1.001597 0.81681293 0.144501
v -0.955363 0.76479501 0.074468
v -1.001597 0.75974298 0.084532
v -1.001597 1.11208391 0.32941502
v -0.922347 1.12827897 0.29348499
v -0.965285 1.08696294 0.32798499
v -0.958505 1.08744097 0.34582001
v -0.95373 1.05758595 0.314803
v -0.951814 1.08738697 0.34579602
v -0.91930801 1.12929499 0.30249098
v -0.909626 1.13685989 0.36148998
v -0.906985 1.18826103 0.348041
v -0.915195 1.18442595 0.29940298
v -0.92202301 1.23566198 0.326024
v -0.92785601 1.23581004 0.29172
v -0.958003 1.26181388 0.28539899
v -0.956285 1.28560495 0.30144301
v -1.001595 1.2735579 0.27988398
v -1.001475 1.29815304 0.296294
v -0.942747 1.08841896 0.37166199
v -0.949427 1.08865595 0.37173301
v -1.001597 1.17937899 0.32068598
v -1.001597 1.14890194 0.34063399
v -1.001597 1.24487495 0.32335201
v -1.046665 1.28560495 0.30144301
v -1.045186 1.26181388 0.28539899
v -1.081171 1.23566198 0.326024
v -1.075338 1.23581004 0.29172
v -1.087999 1.18442595 0.29940298
v -1.096209 1.18826103 0.348041
v -1.083887 1.12929499 0.30249098
v -1.09541199 1.14023697 0.36248401
v -1.05138 1.08738697 0.34579602
v -1.049464 1.05758595 0.314803
v -1.06529099 1.09176099 0.37264597
v -1.044689 1.08744097 0.34582001
v -1.03791 1.08696294 0.32798499
v -1.058608 1.09163392 0.37261
v -1.080847 1.12827897 0.29348499
v -1.059627 1.062307 0.270062
v -1.048586 1.00284195 0.25217101
v -1.060846 0.890495 0.202511
v -1.051948 0.82126498 0.14218999
v -1.047832 0.76479501 0.074468
v -1.055324 0.796857 0.049783
v -1.00141 0.79596394 0.049324
v -0.947463 0.798127 0.047411
v -0.87851301 0.805121 0.006975
v -1.117498 0.79809994 0.010045
v -0.83168501 0.72980398 0.01785
v -0.69350502 0.59501302 0.115923
v -0.666302 0.61816895 0.16511899
v -0.677329 0.627159 0.232915
v -0.715267 0.61764699 0.26835099
v -0.76902901 0.601062 0.26604
v -0.81199101 0.58661199 0.23648
v -0.72782701 0.57218599 0.093885
v -0.82249801 0.56707901 0.174854
v -0.774058 0.56008399 0.11655699
v -0.74504998 0.64377701 0.185403
v -0.739788 0.64527398 0.180785
v -0.738516 0.64547795 0.17137299
v -0.74264202 0.64395797 0.164186
v -0.747697 0.641958 0.16069598
v -0.760524 0.64092499 0.17165001
v -0.75413901 0.64055097 0.163532
v -0.75261401 0.64248002 0.184755
v -0.758709 0.64193702 0.18045299
v -0.76138701 0.97907501 0.09291299
v -0.76727 0.97958499 0.09277099
v -0.76193501 0.95092899 0.091155
v -0.77024099 0.96121001 0.067493
v -0.764606 0.96110898 0.066298
v -0.76616301 0.936297 0.065912
v -0.789984 0.92964202 0.018336
v -0.771798 0.93639702 0.067106
v -0.795619 0.92974198 0.019531
v -0.79508699 0.91689998 0.049472
v -0.775078 0.93545401 0.072473
v -0.932698 0.81762999 0.23228399
v -1.001598 0.80348504 0.25699398
v -1.001225 0.76090103 0.17913499
v -1.001598 0.93293899 0.30296201
v -1.070497 0.81762999 0.23228499
v -1.045407 0.94274801 0.27701899
v -1.001598 0.938905 0.28496
v -0.957788 0.94274801 0.27701899
v -1.001598 0.813793 0.239178
v -1.001597 1.061813 0.30198798
v -0.978682 1.058483 0.30768499
v -1.024513 1.058483 0.30768499
v -1.001597 1.05594194 0.31184199
v -1.001597 1.10279596 0.316199
v -0.96387 1.09261703 0.32654801
v -1.039325 1.09261703 0.32654801
v -1.001597 1.08243799 0.336898
v -1.089455 1.20773196 0.29219401
v -1.10694999 1.15026093 0.269685
v -1.095829 1.13938701 0.30858201
v -1.119287 1.08654201 0.26611298
v -1.090787 1.07086802 0.289226
v -1.10969099 1.08997095 0.25693101
v -1.087999 1.18442595 0.29940298
v -1.083887 1.12929499 0.30249098
v -1.06319 1.05883694 0.28082398
v -1.121427 1.03854597 0.241928
v -1.075338 1.23581004 0.29172
v -1.133651 1.05220401 0.23483899
v -1.123448 1.03938901 0.23339
v -1.12807299 1.05423498 0.22431199
v -1.11402199 1.01622593 0.241175
v -1.052149 1.0003289 0.26204598
v -1.089713 0.89310795 0.21509701
v -1.11980699 0.99685299 0.223557
v -1.107305 0.90301299 0.20073299
v -1.075553 0.817693 0.16015199
v -1.08058699 0.82300299 0.15474699
v -1.103119 0.90302098 0.18969101
v -1.079214 0.82549202 0.14870299
v -1.06400499 0.88732296 0.21407101
v -1.055511 0.81592792 0.153671
v -1.065534 0.79771298 0.116395
v -1.063736 0.80107695 0.11127599
v -1.051395 0.76309699 0.08249199
v -1.121653 0.99957496 0.217062
v -1.11608599 1.01619792 0.23124
v -1.060846 0.890495 0.202511
v -1.048586 1.00284195 0.25217101
v -1.059627 1.062307 0.270062
v -1.051948 0.82126498 0.14218999
v -1.047832 0.76479501 0.074468
v -1.080847 1.12827897 0.29348499
v -1.13466799 0.99333298 0.15315899
v -1.140668 1.11549401 0.061084
v -0.996722 0.88262802 -0.162227
v -1.30966499 0.612755 0.31678301
v -1.27509701 0.59533799 0.27120399
v -1.30720198 0.622711 0.38347
v -1.27285901 0.61959201 0.42087501
v -1.21863 0.61289799 0.422737
v -1.172434 0.60679197 0.39723098
v -1.23641099 0.57912701 0.25259301
v -1.15318799 0.59013301 0.338287
v -1.19250999 0.57514095 0.278191
v -1.24645299 0.64570397 0.329014
v -1.24934499 0.64467198 0.32002398
v -1.246518 0.64215398 0.312498
v -1.22784598 0.64209503 0.32584599
v -1.23310499 0.64328796 0.33103099
v -1.24045299 0.64476299 0.33280498
v -1.24212798 0.63963795 0.30847999
v -1.235278 0.638533 0.31031498
v -1.22758099 0.63989598 0.31707701
v -0.79450001 1.417431 0.71618301
v -0.82220601 1.41194785 0.72831899
v -0.792225 1.35854506 0.73370594
v -0.843576 1.392079 0.73798794
v -0.85288399 1.36314797 0.74259901
v -0.84763601 1.33290601 0.74091697
v -0.82923901 1.30945599 0.73339301
v -0.80262101 1.29908395 0.72204196
v -0.77491501 1.30456603 0.70990598
v -0.753545 1.324435 0.70023698
v -0.74423701 1.35336697 0.69562596
v -0.74948502 1.38360894 0.69730794
v -0.767882 1.40705788 0.70483196
v -0.85682501 1.45046699 0.69518799
v -0.80890401 1.45996797 0.67419404
v -0.893839 1.41605186 0.71193492
v -0.90991601 1.36593902 0.72004098
v -0.900679 1.31343794 0.717538
v -0.86900601 1.27294505 0.70397598
v -0.82309201 1.25505197 0.68439597
v -0.77491601 1.26447499 0.66329598
v -0.737901 1.29888892 0.64654797
v -0.721807 1.34900296 0.63855898
v -0.73086801 1.40138197 0.64147401
v -0.76279201 1.44200099 0.65452999
v -0.886806 1.46375895 0.64319098
v -0.83513202 1.47464204 0.62035501
v -0.929545 1.42404091 0.66252798
v -0.950286 1.36634505 0.67282599
v -0.937291 1.30571592 0.66936201
v -0.900356 1.26029503 0.655128
v -0.84616901 1.24454093 0.63648897
v -0.79302901 1.24943292 0.60905302
v -0.75330001 1.29025888 0.586941
v -0.73605499 1.34708893 0.57910496
v -0.742145 1.40717292 0.58129102
v -0.780912 1.45421493 0.59726799
v -0.904113 1.44831896 0.58625901
v -0.85719 1.45784998 0.56564599
v -0.941127 1.41390502 0.60300595
v -0.95725 1.36379302 0.61099297
v -0.94816 1.31141293 0.60807997
v -0.91453 1.27141595 0.59451997
v -0.866198 1.25416195 0.57957298
v -0.819961 1.26357102 0.554443
v -0.78638901 1.29688287 0.53790897
v -0.77459101 1.34735703 0.53088403
v -0.780789 1.39947593 0.53280896
v -0.81087999 1.439785 0.54588997
v -0.904113 1.40822792 0.539648
v -0.876407 1.41371095 0.52751201
v -0.925483 1.38835907 0.549317
v -0.93479101 1.35942698 0.55392897
v -0.929543 1.32918501 0.55224699
v -0.910759 1.30586398 0.54458803
v -0.88365301 1.295681 0.53309697
v -0.85671601 1.30106509 0.52123898
v -0.835614 1.32073104 0.51155895
v -0.82692 1.34971893 0.50690103
v -0.83202 1.37994707 0.50859296
v -0.849812 1.40333891 0.516159
v -0.886803 1.35424888 0.51584798
v -1.11907899 1.42682397 0.70871198
v -1.13904299 1.421381 0.71193296
v -1.116832 1.38976192 0.72809094
v -1.15333499 1.40682495 0.71666396
v -1.158126 1.38705397 0.72163802
v -1.15213199 1.36736798 0.72552198
v -1.13696 1.35304201 0.72727597
v -1.116674 1.34791195 0.72642899
v -1.09671 1.35335493 0.72320801
v -1.082418 1.36791193 0.71847701
v -1.077626 1.38768196 0.713503
v -1.08362 1.40736794 0.70961899
v -1.098793 1.42169487 0.707865
v -1.157391 1.43973994 0.67906195
v -1.122862 1.44916701 0.67348701
v -1.182146 1.41452801 0.68725699
v -1.19044 1.380301 0.69595701
v -1.180039 1.34618187 0.70299202
v -1.15378299 1.32137203 0.70563698
v -1.118791 1.31252396 0.70417601
v -1.08407 1.32191491 0.69859201
v -1.059314 1.34712791 0.69039702
v -1.051015 1.38137102 0.68178201
v -1.061397 1.41546798 0.67505401
v -1.08772 1.44028199 0.67202002
v -1.166961 1.439906 0.638291
v -1.12973399 1.4504739 0.63206798
v -1.19554599 1.41080701 0.64775002
v -1.20673299 1.37125504 0.65796095
v -1.193101 1.33205092 0.66615897
v -1.162892 1.30381894 0.67003196
v -1.121727 1.29402101 0.66814899
v -1.082747 1.30421007 0.660882
v -1.053711 1.33298087 0.65137601
v -1.046583 1.37250197 0.64167601
v -1.05638 1.41189098 0.63368595
v -1.088471 1.44049609 0.63027298
v -1.165188 1.4218719 0.60053396
v -1.131383 1.43124688 0.59500998
v -1.189943 1.3966589 0.60872895
v -1.19824199 1.36241698 0.61734402
v -1.18785998 1.32831895 0.62407196
v -1.16036698 1.30403697 0.62699795
v -1.12339599 1.29567003 0.62535995
v -1.090571 1.30465889 0.61998898
v -1.067656 1.32925904 0.61192298
v -1.061227 1.36348403 0.60349798
v -1.069853 1.39759505 0.59659302
v -1.09605899 1.42231286 0.59354401
v -1.15254699 1.390432 0.57591802
v -1.13258299 1.39587593 0.57269698
v -1.166839 1.37587595 0.58064896
v -1.17106399 1.36227393 0.585747
v -1.16563699 1.33641994 0.58950698
v -1.150197 1.3222059 0.591232
v -1.129581 1.3172369 0.59036297
v -1.110163 1.32255793 0.58718699
v -1.095927 1.33696306 0.58246297
v -1.091131 1.35673296 0.57748795
v -1.09712499 1.37641907 0.57360399
v -1.112296 1.390746 0.57185
v -1.132425 1.35402596 0.57103497
v -0.83666001 0.55160898 -0.059633
v -0.818101 0.509193 -0.06164
v -0.82248801 0.564484 -0.027916
v -0.79873501 0.52394795 -0.022119
v -0.83302701 0.57131499 0.005668
v -0.81345502 0.53349 0.024787
v -0.858034 0.54464597 -0.087653
v -0.82031401 0.55094796 0.026764
v -0.84060301 0.57097095 0.012504
v -0.82823601 0.525778 0.043389
v -0.864646 0.56366003 0.01523
v -0.85761599 0.522798 0.038142
v -0.88311201 0.562343 0.015379
v -0.89488301 0.51330602 0.028674
v -0.86651801 0.54584599 -0.068333
v -0.86023 0.49791801 -0.078568
v -0.902498 0.50035596 -0.055945
v -0.896781 0.54759198 -0.052135
v -0.92066 0.500588 -0.00858
v -0.909785 0.54775798 -0.018222
v -0.90198001 0.56161898 0.013126
v -0.86818001 0.60257196 -0.027842
v -0.64677101 0.125009 -0.020996
v -0.62766999 0.14826199 -0.017015
v -0.70251101 0.15469499 0.047255
v -0.70365 0.195522 0.06840499
v -0.80005601 0.19165 0.043467
v -0.78889 0.153492 0.032109
v -0.6417 0.089251 -0.140773
v -0.65926102 0.077028 -0.115434
v -0.843265 0.102657 -0.007381
v -0.868994 0.136986 -0.004651
v -0.71487901 0.216208 0.059178
v -0.64650801 0.176607 -0.00851
v -0.798916 0.21407801 0.029581
v -0.62296799 0.16433001 -0.173657
v -0.85698301 0.17182299 -0.036034
v -0.65281901 0.20956498 -0.011269
v -0.717217 0.24262199 0.062287
v -0.82132401 0.22305 0.032366
v -0.639016 0.19116899 -0.149499
v -0.878135 0.199286 -0.037061
v -0.62962201 0.22109899 -0.025778
v -0.682257 0.253032 0.047841
v -0.61506501 0.227217 -0.104476
v -0.643462 0.23818 -0.032511
v -0.701877 0.282451 0.043844
v -0.64259499 0.229922 -0.109928
v -0.74008101 0.26856101 0.05371
v -0.825362 0.241154 0.023467
v -0.869564 0.21330298 -0.033362
v -0.59880903 0.20103499 -0.19577199
v -0.688384 0.278896 -0.047276
v -0.72582799 0.283061 0.003493
v -0.68737701 0.27666 -0.10640299
v -0.753277 0.272589 0.006504
v -0.81572901 0.254105 -0.008222
v -0.848772 0.23360099 -0.04992099
v -0.69622299 0.269941 -0.052508
v -0.72813001 0.273518 -0.009267
v -0.69537902 0.26806298 -0.102864
v -0.75150999 0.264604 -0.006702
v -0.797507 0.24802798 -0.030893
v -0.833193 0.23109899 -0.054645
v -0.74870899 0.25106898 -0.069365
v -0.75740901 0.252435 -0.057552
v -0.74553001 0.25059399 -0.08342399
v -0.771878 0.24899599 -0.053822
v -0.78499201 0.24392499 -0.058159
v -0.793184 0.238141 -0.073898
v -0.73399401 0.058664 -0.153065
v -0.737425 0.121639 -0.183789
v -0.65926102 0.077028 -0.115434
v -0.6417 0.089251 -0.140773
v -0.814905 0.06862599 -0.12562299
v -0.82790701 0.124397 -0.12374
v -0.868994 0.136986 -0.004651
v -0.843265 0.102657 -0.007381
v -0.74029699 0.152294 -0.18173599
v -0.62296799 0.16433001 -0.173657
v -0.831349 0.14771199 -0.130073
v -0.85698301 0.17182299 -0.036034
v -0.639016 0.19116899 -0.149499
v -0.74908599 0.225063 -0.20013799
v -0.84932201 0.206238 -0.13888501
v -0.878135 0.199286 -0.037061
v -0.68261999 0.254538 -0.182898
v -0.59880903 0.20103499 -0.19577199
v -0.75135401 0.23577899 -0.19370501
v -0.869564 0.21330298 -0.033362
v -0.637842 0.22051001 -0.17771199
v -0.64259499 0.229922 -0.109928
v -0.61506501 0.227217 -0.104476
v -0.68340701 0.27444401 -0.15816599
v -0.68737701 0.27666 -0.10640299
v -0.76112801 0.25007299 -0.168283
v -0.714246 0.26300499 -0.15407899
v -0.83222799 0.22841801 -0.12704399
v -0.848772 0.23360099 -0.04992099
v -0.700331 0.26548001 -0.133211
v -0.69537902 0.26806298 -0.102864
v -0.75837602 0.245575 -0.156628
v -0.71826202 0.25643 -0.14346799
v -0.820877 0.22687401 -0.121638
v -0.833193 0.23109899 -0.054645
v -0.74896002 0.24964701 -0.09515
v -0.74553001 0.25059399 -0.08342399
v -0.77669202 0.242311 -0.104411
v -0.76171701 0.246262 -0.104128
v -0.790727 0.23634 -0.092784
v -0.793184 0.238141 -0.073898
v -0.77632602 0.30529299 -0.043617
v -0.75740901 0.252435 -0.057552
v -0.76605201 0.30958998 -0.058329
v -0.74870899 0.25106898 -0.069365
v -0.763128 0.31231198 -0.071165
v -0.74553001 0.25059399 -0.08342399
v -0.771878 0.24899599 -0.053822
v -0.7984 0.31395999 -0.039035
v -0.78499201 0.24392499 -0.058159
v -0.81662001 0.313456 -0.044101
v -0.793184 0.238141 -0.073898
v -0.819975 0.30450398 -0.064187
v -0.78013901 0.36802897 -0.031212
v -0.79352699 0.358403 -0.015273
v -0.777265 0.37622601 -0.050718
v -0.820893 0.35217801 -0.008945
v -0.84470801 0.347238 -0.016072
v -0.86199701 0.345788 -0.043769
v -0.81721902 0.42311901 -0.003185
v -0.83662599 0.42367801 0.007665
v -0.812806 0.42713901 -0.014169
v -0.84668601 0.41608897 0.016776
v -0.86426601 0.41096801 0.011177
v -0.86962901 0.410456 -0.00651
v -0.834305 0.432192 0.018096
v -0.848112 0.42326197 0.034032
v -0.869737 0.42256302 0.032333
v -0.88003801 0.42448601 0.006341
v -0.83546302 0.45380598 0.021128
v -0.849378 0.44882801 0.03568
v -0.87123701 0.448385 0.034464
v -0.882104 0.44844699 -0.001045
v -0.83353101 0.43785 0.00944
v -0.83397301 0.45582899 0.009055
v -0.823065 0.445555 -0.004297
v -0.830263 0.45944801 -0.002215
v -0.842897 0.45864999 0.017257
v -0.854435 0.45997101 0.023484
v -0.87046 0.45726699 0.01956
v -0.876623 0.45790499 -0.004048
v -0.85349301 0.46957999 0.012766
v -0.839277 0.47036898 0.004414
v -0.86874601 0.46773601 0.007974
v -0.876638 0.46606499 -0.007777
v -0.83075801 0.470056 -0.010198
v -0.84444401 0.53719699 -0.007263
v -0.863323 0.536659 0.004681
v -0.88323101 0.53068399 -0.0001
v -0.893356 0.52311099 -0.019824
v -0.83285001 0.53353798 -0.026691
v -0.85495201 0.590662 -0.027066
v -0.873831 0.59012401 -0.015122
v -0.89374 0.584149 -0.019903
v -0.903865 0.57657599 -0.039627
v -0.84335901 0.58700198 -0.046494
v -0.763128 0.31231198 -0.071165
v -0.74553001 0.25059399 -0.08342399
v -0.76780701 0.31125399 -0.083999
v -0.74896002 0.24964701 -0.09515
v -0.779884 0.299824 -0.09596699
v -0.76171701 0.246262 -0.104128
v -0.80289301 0.30091599 -0.09601
v -0.77669202 0.242311 -0.104411
v -0.818617 0.30164599 -0.080056
v -0.790727 0.23634 -0.092784
v -0.819975 0.30450398 -0.064187
v -0.793184 0.238141 -0.073898
v -0.78671201 0.38430998 -0.069427
v -0.777265 0.37622601 -0.050718
v -0.838796 0.379145 -0.086415
v -0.81129801 0.38611999 -0.084272
v -0.861136 0.36206299 -0.073988
v -0.86199701 0.345788 -0.043769
v -0.817307 0.426451 -0.024342
v -0.812806 0.42713901 -0.014169
v -0.854018 0.420717 -0.02936
v -0.83414301 0.42531899 -0.028855
v -0.86511101 0.41475397 -0.01845
v -0.86962901 0.410456 -0.00651
v -0.861628 0.45077202 -0.022123
v -0.841676 0.45413101 -0.021634
v -0.86552399 0.43061399 -0.022463
v -0.82820101 0.45692697 -0.016508
v -0.823065 0.445555 -0.004297
v -0.830263 0.45944801 -0.002215
v -0.88003801 0.42448601 0.006341
v -0.882104 0.44844699 -0.001045
v -0.864801 0.465859 -0.024386
v -0.84438501 0.46834701 -0.025115
v -0.83075801 0.470056 -0.010198
v -0.876623 0.45790499 -0.004048
v -0.876638 0.46606499 -0.007777
v -0.877078 0.51843399 -0.041746
v -0.85034701 0.52427298 -0.044701
v -0.83285001 0.53353798 -0.026691
v -0.893356 0.52311099 -0.019824
v -0.88758601 0.571899 -0.061549
v -0.860856 0.57773799 -0.064504
v -0.84335901 0.58700198 -0.046494
v -0.903865 0.57657599 -0.039627
v -1.15433601 0.22283399 -0.29529399
v -1.101827 0.17571698 -0.31109598
v -1.139963 0.21614401 -0.38127497
v -1.154029 0.22804999 -0.35805097
v -1.14306501 0.186905 -0.43693599
v -1.079965 0.20031099 -0.38752699
v -1.108496 0.197707 -0.44606999
v -1.16349399 0.20350599 -0.42364699
v -1.21620399 0.24696299 -0.353921
v -1.22316 0.213854 -0.41672999
v -1.300641 0.22677299 -0.33447799
v -1.28820297 0.238701 -0.30705199
v -1.21275899 0.254585 -0.32650599
v -1.31618398 0.189046 -0.27138901
v -1.33398798 0.173843 -0.30189601
v -1.313658 0.19846599 -0.38907
v -1.34750301 0.14241201 -0.34542301
v -1.32123402 0.144585 -0.273325
v -1.28938898 0.13787299 -0.23876199
v -1.32795599 0.08479399 -0.315763
v -1.23452599 0.08936 -0.25826299
v -1.20586599 0.11987899 -0.23772399
v -1.25279799 0.049226 -0.313609
v -1.16130899 0.115248 -0.26051
v -1.145676 0.157867 -0.252823
v -1.098151 0.133635 -0.294081
v -1.13608401 0.087534 -0.30467999
v -1.20110099 0.07086699 -0.30179399
v -1.167812 0.045258 -0.33312801
v -1.100837 0.095452 -0.30064601
v -1.083768 0.083921 -0.29601899
v -1.070477 0.025459 -0.33052102
v -1.03765 0.048132 -0.29354399
v -1.014808 0.019312 -0.32529998
v -0.983982 0.063672 -0.29209298
v -0.970708 0.035986 -0.33020699
v -0.930187 0.079888 -0.34509602
v -0.946598 0.108195 -0.29848999
v -0.908713 0.14207 -0.36626399
v -0.927658 0.16451798 -0.322041
v -0.971152 0.182046 -0.30723199
v -0.944852 0.20247801 -0.35486999
v -0.929353 0.18075898 -0.40047899
v -0.984263 0.202408 -0.43787199
v -0.984183 0.21561599 -0.37923697
v -0.992722 0.12155599 -0.28403199
v -1.027782 0.1103 -0.283245
v -1.022987 0.18013799 -0.309084
v -1.064808 0.17217699 -0.31936398
v -1.021844 0.220475 -0.38220599
v -1.010187 0.210785 -0.34938997
v -1.054816 0.211077 -0.37911898
v -0.995692 0.181439 -0.30334499
v -1.062335 0.206576 -0.45308101
v -0.983241 0.21341199 -0.44676101
v -0.929353 0.18075898 -0.40047899
v -0.923394 0.19071099 -0.40048301
v -0.984263 0.202408 -0.43787199
v -0.908713 0.14207 -0.36626399
v -0.91894 0.15790799 -0.450744
v -0.981452 0.191734 -0.484424
v -1.069344 0.202558 -0.492789
v -0.89988901 0.14406399 -0.364631
v -0.930187 0.079888 -0.34509602
v -0.8964 0.11161499 -0.41671699
v -0.916459 0.075302 -0.335246
v -0.970708 0.035986 -0.33020699
v -0.966465 0.024872 -0.31962898
v -0.969148 0.000248 -0.36263698
v -1.023359 -0.019841 -0.35421798
v -0.917331 0.046398 -0.38465998
v -1.078447 -0.012794 -0.35518798
v -1.17150998 0.015463 -0.357337
v -1.073988 0.011274 -0.32098597
v -1.016822 0.00743 -0.31297398
v -1.014808 0.019312 -0.32529998
v -1.070477 0.025459 -0.33052102
v -1.167812 0.045258 -0.33312801
v -1.16102399 0.036514 -0.33022898
v -1.25279799 0.049226 -0.313609
v -1.25671199 0.037007 -0.30906999
v -1.32795599 0.08479399 -0.315763
v -1.258479 0.02908 -0.31957799
v -1.342186 0.079687 -0.30684298
v -1.34750301 0.14241201 -0.34542301
v -1.33710399 0.050441 -0.35020399
v -1.36061299 0.14169699 -0.340231
v -1.313658 0.19846599 -0.38907
v -1.36645499 0.118958 -0.37441397
v -1.326507 0.21086799 -0.39338499
v -1.22316 0.213854 -0.41672999
v -1.256062 0.021699 -0.342913
v -1.23392999 0.20147599 -0.46119201
v -1.23292801 0.213183 -0.445499
v -1.334418 0.18596901 -0.42577097
v -1.22913799 0.22734301 -0.42500401
v -1.16349399 0.20350599 -0.42364699
v -1.17470101 0.202714 -0.45371199
v -1.16987899 0.21485901 -0.43294898
v -1.14306501 0.186905 -0.43693599
v -1.14281499 0.185334 -0.47183499
v -1.112696 0.195664 -0.48427299
v -1.112524 0.210208 -0.45478699
v -1.064259 0.219211 -0.46249098
v -1.062335 0.206576 -0.45308101
v -1.14552499 0.201149 -0.44612098
v -1.108496 0.197707 -0.44606999
v -0.83246501 0.086217 0.041475
v -0.76323602 0.12902799 0.074777
v -0.78620301 0.158667 0.003227
v -0.831423 0.11158399 0.009368
v -0.83636801 0.02583 0.055046
v -0.827491 0.079106 0.10207599
v -0.85112701 0.029576 0.081466
v -0.8479 0.039332 0.006057
v -0.833979 0.116534 -0.03464
v -0.840727 0.045527 -0.032876
v -0.80078301 0.106651 -0.12093
v -0.796841 0.14179699 -0.10852199
v -0.825304 0.14387999 -0.034204
v -0.73356199 0.140956 -0.133111
v -0.73459402 0.106016 -0.14712299
v -0.80726001 0.048605 -0.122783
v -0.73381099 0.050184 -0.153034
v -0.69615901 0.117558 -0.130944
v -0.67377701 0.14377499 -0.103053
v -0.671177 0.046088 -0.130798
v -0.648624 0.108032 -0.055128
v -0.66273603 0.14557099 -0.018316
v -0.646007 0.038158 -0.054203
v -0.67676201 0.12919199 0.009492
v -0.70944801 0.15989 0.016292
v -0.71767402 0.11900099 0.075513
v -0.68171602 0.081299 0.048268
v -0.66132501 0.066234 -0.008851
v -0.661138 0.030921 0.027985
v -0.69033602 0.09294599 0.082971
v -0.68059301 0.092173 0.09715
v -0.648215 0.028186 0.127373
v -0.650085 0.073574 0.15696399
v -0.644436 0.031233 0.182276
v -0.66570598 0.08424599 0.211219
v -0.663937 0.037057 0.225629
v -0.71204099 0.049279 0.26363
v -0.709452 0.103939 0.246154
v -0.77816001 0.065835 0.281284
v -0.77173901 0.115218 0.26156399
v -0.775947 0.136631 0.21581599
v -0.820067 0.10708 0.241054
v -0.829019 0.057666 0.25771201
v -0.86511101 0.036814 0.200582
v -0.84389101 0.093702 0.20077899
v -0.71013901 0.122725 0.19795099
v -0.698028 0.11661899 0.16258699
v -0.772218 0.13325199 0.161164
v -0.76788601 0.122579 0.114588
v -0.84749 0.093192 0.16183001
v -0.82167602 0.115898 0.174576
v -0.83466601 0.094159 0.12601599
v -0.771782 0.139245 0.189806
v -0.867603 0.026197 0.12199999
v -0.837869 0.06322899 0.26312798
v -0.829019 0.057666 0.25771201
v -0.879504 0.035337 0.20083
v -0.86511101 0.036814 0.200582
v -0.77816001 0.065835 0.281284
v -0.83795601 0.002783 0.26877198
v -0.88196201 -0.008399 0.20333099
v -0.884055 -0.007921 0.114875
v -0.77946401 0.06847899 0.290077
v -0.71204099 0.049279 0.26363
v -0.78081101 0.006663 0.29470101
v -0.703446 0.055369 0.277872
v -0.663937 0.037057 0.225629
v -0.64881501 0.040006 0.23071399
v -0.65146101 -0.009954 0.22880299
v -0.626515 -0.01487 0.175522
v -0.70609102 -0.002325 0.27793801
v -0.62970701 -0.013136 0.12011
v -0.651005 -0.002881 0.029428
v -0.63048303 0.028407 0.12534499
v -0.62733003 0.035121 0.181133
v -0.644436 0.031233 0.182276
v -0.648215 0.028186 0.127373
v -0.661138 0.030921 0.027985
v -0.65308604 0.029691 0.035236
v -0.646007 0.038158 -0.054203
v -0.63299999 0.034848 -0.055279
v -0.671177 0.046088 -0.130798
v -0.63208601 0.02161 -0.054647
v -0.66085202 0.04893 -0.14419
v -0.73381099 0.050184 -0.153034
v -0.66084203 -0.002279 -0.13208699
v -0.72957802 0.052435 -0.166326
v -0.80726001 0.048605 -0.122783
v -0.72916001 0.010971 -0.166849
v -0.819389 0.050094 -0.13663399
v -0.840727 0.045527 -0.032876
v -0.638484 -0.001432 -0.049358
v -0.854491 0.000505 -0.038715
v -0.858503 0.019592 -0.060704
v -0.81603301 0.00869 -0.139088
v -0.85910401 0.044782 -0.059708
v -0.8479 0.039332 0.006057
v -0.86457901 0.011379 0.000228
v -0.863242 0.036919 0.00091
v -0.83636801 0.02583 0.055046
v -0.85327101 -0.002204 0.054166
v -0.868706 -0.002109 0.078322
v -0.86555001 0.028632 0.076127
v -0.882599 0.025247 0.119277
v -0.867603 0.026197 0.12199999
v -0.852634 0.025688 0.050893
v -0.85112701 0.029576 0.081466
v -0.70705402 0.48386601 0.33143902
v -0.71963102 0.47455201 0.31102198
v -0.719569 0.501872 0.30607298
v -0.705542 0.51422399 0.32489198
v -0.74499398 0.47262999 0.311937
v -0.74686101 0.499686 0.30661398
v -0.757797 0.47987497 0.33242297
v -0.76036601 0.50979298 0.32569399
v -0.70191902 0.46033198 0.32952997
v -0.71713901 0.45044798 0.30617699
v -0.74557802 0.44688597 0.308047
v -0.75986601 0.45524502 0.33097598
v -0.71784702 0.44094399 0.313474
v -0.704647 0.44978699 0.33542702
v -0.742688 0.438232 0.31440201
v -0.75513799 0.445923 0.334865
v -0.72183701 0.436295 0.32801497
v -0.714495 0.441762 0.33866
v -0.73646 0.43507499 0.32784599
v -0.74371701 0.43927699 0.33851999
v -0.728946 0.43922198 0.33988097
v -0.76460101 0.515876 0.31816098
v -0.74624601 0.49442598 0.30654401
v -0.71902099 0.49718899 0.305585
v -0.70268202 0.52256298 0.31685698
v -0.720588 0.49628398 0.300405
v -0.70672399 0.52197796 0.30614299
v -0.74516702 0.49354997 0.30143499
v -0.76222201 0.51542497 0.30822599
v -0.72814199 0.52712798 0.24025999
v -0.70194203 0.53223801 0.28153399
v -0.74862802 0.50435501 0.25643498
v -0.77577999 0.527183 0.269777
v -0.71278402 0.53124899 0.23299401
v -0.69903401 0.48486197 0.237325
v -0.67765802 0.488031 0.223841
v -0.67544603 0.48025998 0.222959
v -0.64631599 0.48627397 0.23574699
v -0.67234102 0.475797 0.22628099
v -0.648379 0.47451401 0.23737399
v -0.65161902 0.446356 0.225573
v -0.67566898 0.44598597 0.227275
v -0.69607201 0.44498298 0.22839099
v -0.69600302 0.469962 0.24033199
v -0.69568801 0.43805 0.25265199
v -0.69593501 0.46629199 0.267131
v -0.65330201 0.427232 0.20984699
v -0.677598 0.43203098 0.20080999
v -0.70292801 0.427237 0.216359
v -0.70386201 0.417694 0.240926
v -0.67825201 0.41942501 0.20037501
v -0.65668499 0.41526297 0.20891
v -0.70019901 0.41526699 0.213843
v -0.700331 0.40759102 0.236141
v -0.678 0.406425 0.208166
v -0.665867 0.40535 0.21258499
v -0.69070801 0.40403599 0.21596999
v -0.69119501 0.40056196 0.22813699
v -0.67777401 0.40050301 0.22034401
v -0.69757402 0.47795501 0.275749
v -0.69911301 0.47646499 0.237772
v -0.69977599 0.48812801 0.26736
v -0.757797 0.47987497 0.33242297
v -0.74511901 0.474466 0.35201597
v -0.76036601 0.50979298 0.32569399
v -0.74595302 0.51603097 0.340096
v -0.71974802 0.47646099 0.351524
v -0.718658 0.51820701 0.33956403
v -0.705542 0.51422399 0.32489198
v -0.70705402 0.48386601 0.33143902
v -0.75220901 0.46126699 0.34600496
v -0.75986601 0.45524502 0.33097598
v -0.70882002 0.46467897 0.34516299
v -0.70191902 0.46033198 0.32952997
v -0.74849001 0.45171601 0.34821498
v -0.75513799 0.445923 0.334865
v -0.704647 0.44978699 0.33542702
v -0.71089199 0.45435199 0.34747398
v -0.73655799 0.44444799 0.34588799
v -0.74371701 0.43927699 0.33851999
v -0.72197801 0.44557598 0.34560502
v -0.714495 0.441762 0.33866
v -0.728946 0.43922198 0.33988097
v -0.70268202 0.52256298 0.31685698
v -0.72022301 0.53511196 0.332607
v -0.74745899 0.53243899 0.33350298
v -0.76460101 0.515876 0.31816098
v -0.74753001 0.53673595 0.31816399
v -0.76222201 0.51542497 0.30822599
v -0.72295099 0.53946996 0.31713301
v -0.70672399 0.52197796 0.30614299
v -0.77577999 0.527183 0.269777
v -0.75015 0.54287499 0.284475
v -0.72696501 0.54521996 0.28361198
v -0.70194203 0.53223801 0.28153399
v -0.755611 0.58630997 0.27346298
v -0.77977 0.579382 0.25431699
v -0.724388 0.58755195 0.27133301
v -0.69261301 0.59232599 0.25978398
v -0.68061301 0.53693497 0.27021
v -0.674119 0.48940101 0.27837199
v -0.69977599 0.48812801 0.26736
v -0.69757402 0.47795501 0.275749
v -0.67221802 0.47726101 0.281387
v -0.67536703 0.46444097 0.272755
v -0.69593501 0.46629199 0.267131
v -0.67775002 0.423208 0.257108
v -0.69568801 0.43805 0.25265199
v -0.65571603 0.42736098 0.24356799
v -0.65166101 0.46889499 0.25817999
v -0.648379 0.47451401 0.23737399
v -0.65161902 0.446356 0.225573
v -0.68876302 0.41438997 0.24900298
v -0.70386201 0.417694 0.240926
v -0.65108001 0.42149198 0.22584899
v -0.65330201 0.427232 0.20984699
v -0.686892 0.40508997 0.24339099
v -0.700331 0.40759102 0.236141
v -0.65668499 0.41526297 0.20891
v -0.65435299 0.41090801 0.22316799
v -0.67975801 0.40101397 0.23132099
v -0.69119501 0.40056196 0.22813699
v -0.667108 0.40336099 0.22352099
v -0.665867 0.40535 0.21258499
v -0.67777401 0.40050301 0.22034401
v -0.64631599 0.48627397 0.23574699
v -0.648545 0.481152 0.26660898
v -0.65274301 0.49256998 0.26488897
v -0.65027601 0.49541098 0.23756699
v -0.66175899 0.53912598 0.25570998
v -0.64963102 0.54335099 0.233165
v -0.67223501 0.59388298 0.237849
v -0.66180402 0.59761101 0.20422199
v -0.64159402 0.544707 0.21700099
v -0.624778 0.51247001 0.22029799
v -0.64792302 0.50435698 0.226175
v -0.643323 0.49667299 0.229389
v -0.61882001 0.50203401 0.221184
v -0.624134 0.48856798 0.215174
v -0.64168099 0.486747 0.22267999
v -0.632478 0.45666498 0.198796
v -0.64872301 0.464571 0.20897399
v -0.62474 0.46446699 0.17811899
v -0.61581001 0.496959 0.192926
v -0.62529701 0.50393599 0.17739999
v -0.63324502 0.48017502 0.167621
v -0.64277402 0.44559398 0.20003098
v -0.659226 0.44514596 0.20189199
v -0.62953901 0.45893601 0.16466999
v -0.64127102 0.46297798 0.15440099
v -0.64327201 0.43810001 0.193978
v -0.65795103 0.437812 0.195517
v -0.64105999 0.45313799 0.154681
v -0.63181001 0.449655 0.16335599
v -0.64390099 0.43687099 0.18142799
v -0.653364 0.43567199 0.18516
v -0.63945401 0.44135398 0.16954701
v -0.64348599 0.44451401 0.16161101
v -0.64765301 0.438539 0.173034
v -0.62466702 0.51226997 0.17657699
v -0.610921 0.50913501 0.19837099
v -0.617897 0.51810902 0.199339
v -0.63077 0.517093 0.17849
v -0.63536802 0.548895 0.196935
v -0.63838902 0.54987699 0.175053
v -0.66441602 0.59923899 0.178995
v -0.64138302 0.557033 0.16317499
v -0.62870201 0.51455599 0.15347899
v -0.64344898 0.51285595 0.16622499
v -0.641137 0.50603402 0.16679701
v -0.62649399 0.50569803 0.15237099
v -0.633425 0.49552101 0.15131399
v -0.642921 0.49657798 0.162736
v -0.64817402 0.47546396 0.14668199
v -0.65355402 0.48701999 0.15961799
v -0.650296 0.479332 0.12853199
v -0.63571 0.499663 0.131787
v -0.64750803 0.504852 0.123641
v -0.65775201 0.49473497 0.123316
v -0.65450901 0.470929 0.153357
v -0.66438401 0.47272301 0.160601
v -0.65831301 0.477467 0.12230799
v -0.66985601 0.48105097 0.1188
v -0.658014 0.46492198 0.150245
v -0.66742802 0.46511501 0.15631999
v -0.67174 0.472341 0.120115
v -0.66144201 0.46925598 0.12313599
v -0.664179 0.46156797 0.141656
v -0.66961601 0.46097499 0.14762299
v -0.66469899 0.46338099 0.131147
v -0.67171299 0.46518698 0.12672
v -0.64677799 0.51588398 0.123
v -0.62884203 0.51007402 0.132901
v -0.63086 0.51865298 0.13591699
v -0.64836499 0.52205503 0.12680499
v -0.64452001 0.56040001 0.147618
v -0.66456401 0.55700999 0.137804
v -0.67162701 0.59507197 0.151473
v -0.69128099 0.58190697 0.131209
v -0.692532 0.64871103 0.155287
v -0.682257 0.64057195 0.180117
v -0.67985699 0.63349599 0.20312598
v -0.68673801 0.62608898 0.22966899
v -0.704144 0.623115 0.246245
v -0.735107 0.62453598 0.253719
v -0.75919901 0.62779599 0.25014299
v -0.78517202 0.63369203 0.23804399
v -0.71697399 0.65502 0.142318
v -0.72439101 0.69407797 0.23846
v -0.75502701 0.69674098 0.24687999
v -0.70767301 0.694493 0.22093999
v -0.70187801 0.69788003 0.193342
v -0.70482701 0.70170999 0.169452
v -0.71575201 0.70630497 0.14384699
v -0.77924801 0.69956297 0.24383399
v -0.80569401 0.70374703 0.232052
v -0.74144399 0.71041393 0.131568
v -0.74849001 0.45171601 0.34821498
v -0.71089199 0.45435199 0.34747398
v -0.75220901 0.46126699 0.34600496
v -0.70882002 0.46467897 0.34516299
v -0.686892 0.40508997 0.24339099
v -0.65435299 0.41090801 0.22316799
v -0.68876302 0.41438997 0.24900298
v -0.65108001 0.42149198 0.22584899
v -0.65027601 0.49541098 0.23756699
v -0.695218 0.53264499 0.216699
v -0.64963102 0.54335099 0.233165
v -0.69069999 0.53767699 0.200449
v -0.663661 0.49785 0.20318198
v -0.65677899 0.50348896 0.18222299
v -0.65360001 0.49947298 0.180721
v -0.62466702 0.51226997 0.17657699
v -0.64980802 0.49997398 0.18100299
v -0.62529701 0.50393599 0.17739999
v -0.63324502 0.48017502 0.167621
v -0.65592203 0.47804001 0.17179899
v -0.663643 0.470227 0.192479
v -0.65813303 0.49158499 0.20325099
v -0.64872301 0.464571 0.20897399
v -0.64168099 0.486747 0.22267999
v -0.64127102 0.46297798 0.15440099
v -0.66555303 0.45983499 0.15988499
v -0.67444801 0.45086798 0.18364699
v -0.659226 0.44514596 0.20189199
v -0.66373301 0.45154497 0.159356
v -0.64105999 0.45313799 0.154681
v -0.67142501 0.443773 0.17993799
v -0.65795103 0.437812 0.195517
v -0.65605202 0.44385999 0.16457
v -0.64348599 0.44451401 0.16161101
v -0.66039398 0.43931299 0.17647301
v -0.653364 0.43567199 0.18516
v -0.64765301 0.438539 0.173034
v -0.643323 0.49667299 0.229389
v -0.66142702 0.492589 0.20362899
v -0.64792302 0.50435698 0.226175
v -0.64327201 0.43810001 0.193978
v -0.63181001 0.449655 0.16335599
v -0.64277402 0.44559398 0.20003098
v -0.62953901 0.45893601 0.16466999
v -0.63077 0.517093 0.17849
v -0.68473601 0.54073799 0.180067
v -0.63838902 0.54987699 0.175053
v -0.67583001 0.54732496 0.16426201
v -0.663854 0.51229399 0.156528
v -0.66601503 0.51639199 0.13896599
v -0.66613498 0.50973302 0.13662
v -0.64677799 0.51588398 0.123
v -0.66327 0.50434202 0.135462
v -0.64750803 0.504852 0.123641
v -0.65775201 0.49473497 0.123316
v -0.671821 0.496369 0.13482
v -0.66970301 0.492504 0.15297
v -0.66098499 0.50020301 0.154989
v -0.65355402 0.48701999 0.15961799
v -0.642921 0.49657798 0.162736
v -0.66985601 0.48105097 0.1188
v -0.68277702 0.48046198 0.13112099
v -0.68034402 0.47601399 0.151979
v -0.66438401 0.47272301 0.160601
v -0.68340099 0.47291097 0.131061
v -0.67174 0.472341 0.120115
v -0.68129402 0.46905798 0.149124
v -0.66742802 0.46511501 0.15631999
v -0.67824799 0.46568698 0.13302599
v -0.67171299 0.46518698 0.12672
v -0.67703098 0.46346501 0.143456
v -0.66961601 0.46097499 0.14762299
v -0.67054 0.46176398 0.13690099
v -0.664179 0.46156797 0.141656
v -0.66469899 0.46338099 0.131147
v -0.641137 0.50603402 0.16679701
v -0.66377601 0.50532395 0.15607999
v -0.64344898 0.51285595 0.16622499
v -0.658014 0.46492198 0.150245
v -0.66144201 0.46925598 0.12313599
v -0.65450901 0.470929 0.153357
v -0.65831301 0.477467 0.12230799
v -0.64836499 0.52205503 0.12680499
v -0.68382099 0.54575998 0.144923
v -0.66456401 0.55700999 0.137804
v -0.708105 0.57278198 0.13600899
v -0.69128099 0.58190697 0.131209
v -0.71697399 0.65502 0.142318
v -0.73485902 0.65396893 0.14969
v -0.75024301 0.64890295 0.171093
v -0.731785 0.56435698 0.18746099
v -0.69431999 0.54198796 0.176507
v -0.69646099 0.537884 0.19603999
v -0.70463902 0.533167 0.213246
v -0.71852699 0.531313 0.22631499
v -0.73211902 0.528027 0.23444401
v -0.74642101 0.54171503 0.21854401
v -0.77544801 0.52394402 0.223967
v -0.78732201 0.52236998 0.24810499
v -0.806565 0.51038599 0.23001899
v -0.825857 0.51453996 0.244655
v -0.82940599 0.50743496 0.244086
v -0.80872999 0.50796598 0.23023599
v -0.813978 0.50196999 0.226973
v -0.831911 0.50172698 0.23806199
v -0.82513902 0.48342499 0.22917999
v -0.805508 0.48883399 0.22162901
v -0.80256902 0.497857 0.200662
v -0.81098801 0.51168299 0.204394
v -0.819259 0.50146997 0.18724599
v -0.82593201 0.52115196 0.192904
v -0.830367 0.48644 0.19169
v -0.84204701 0.51381302 0.201243
v -0.833307 0.47741699 0.21265699
v -0.84503701 0.50409997 0.223822
v -0.815229 0.463967 0.22596599
v -0.797484 0.46926102 0.21621598
v -0.79410601 0.47963101 0.19212
v -0.80847201 0.48470598 0.177773
v -0.822055 0.48092201 0.18183
v -0.82708201 0.46549198 0.217687
v -0.79788701 0.46264598 0.21136801
v -0.81394501 0.457055 0.21928199
v -0.79496101 0.471627 0.19049999
v -0.808093 0.47501498 0.17754599
v -0.81985901 0.47172999 0.181077
v -0.82421301 0.45836699 0.21213
v -0.80368701 0.45915598 0.20374
v -0.812447 0.45572299 0.20829201
v -0.80199699 0.46434101 0.19169201
v -0.80906799 0.46609199 0.184196
v -0.816304 0.46293998 0.189083
v -0.817993 0.457755 0.201131
v -0.81085502 0.45948398 0.19561799
v -0.81985901 0.47172999 0.181077
v -0.82421301 0.45836699 0.21213
v -0.822055 0.48092201 0.18183
v -0.82708201 0.46549198 0.217687
v -0.80574 0.51767898 0.207656
v -0.82411301 0.53091997 0.194015
v -0.847532 0.532148 0.20715401
v -0.85045201 0.52243298 0.22974099
v -0.80463801 0.52151102 0.21060801
v -0.82123899 0.53894699 0.200746
v -0.829217 0.54367501 0.215692
v -0.831763 0.53489202 0.23611799
v -0.78124301 0.53872102 0.19989099
v -0.815347 0.58295798 0.18624701
v -0.823274 0.56750298 0.21436198
v -0.81733601 0.5582 0.24434799
v -0.79564501 0.53447098 0.257705
v -0.77977 0.579382 0.25431699
v -0.818205 0.61570996 0.216056
v -0.799445 0.626553 0.18910299
v -0.811433 0.58354497 0.25015199
v -0.78517202 0.63369203 0.23804399
v -0.77293 0.64294297 0.199615
v -0.76840301 0.57708997 0.18876499
v -0.80569401 0.70374703 0.232052
v -0.79502501 0.70718199 0.192219
v -0.77351601 0.70876598 0.16224299
v -0.75901501 0.71055001 0.13972799
v -0.74144399 0.71041393 0.131568
v -1.23646 0.48288897 0.433792
v -1.22711799 0.456911 0.43674999
v -1.24773899 0.45718199 0.45212799
v -1.25906998 0.48574197 0.44736198
v -1.20453599 0.46385297 0.44621798
v -1.211983 0.490336 0.44355598
v -1.202254 0.4711 0.47026697
v -1.20980199 0.50071996 0.46670699
v -1.24239799 0.43415797 0.447108
v -1.21838599 0.434845 0.42985499
v -1.192761 0.44117901 0.44117296
v -1.190341 0.449505 0.46809101
v -1.216178 0.42499197 0.43634298
v -1.23760799 0.42432201 0.452916
v -1.19374399 0.431025 0.44559398
v -1.191937 0.43856096 0.46952799
v -1.215149 0.41936797 0.45104998
v -1.22682399 0.41979498 0.45883596
v -1.20187999 0.423401 0.45584899
v -1.20034799 0.427773 0.46860799
v -1.21359399 0.42229301 0.46479598
v -1.207904 0.5115 0.46363997
v -1.210785 0.493628 0.438223
v -1.23530899 0.48672798 0.42818296
v -1.26409599 0.49577898 0.44180197
v -1.234405 0.49379396 0.42510897
v -1.26007 0.50329798 0.436782
v -1.212219 0.49980497 0.43429199
v -1.209755 0.51675797 0.45714
v -1.23028798 0.535595 0.392667
v -1.26728299 0.524185 0.42295396
v -1.20891199 0.53454602 0.40445599
v -1.197752 0.548706 0.43637297
v -1.243101 0.53481001 0.38079897
v -1.23850401 0.48648101 0.38511398
v -1.250137 0.48361596 0.36263698
v -1.247302 0.473914 0.36087099
v -1.28147399 0.46885198 0.35823002
v -1.2493 0.46415699 0.36314899
v -1.27480599 0.45751998 0.361081
v -1.26076499 0.43033698 0.358513
v -1.23943999 0.44385898 0.36093497
v -1.22504899 0.44098201 0.38294601
v -1.235947 0.46595797 0.38784301
v -1.23683999 0.43622896 0.40474299
v -1.249405 0.464634 0.41126898
v -1.247609 0.4111 0.34998599
v -1.223548 0.42137599 0.35323
v -1.209785 0.42474097 0.37979302
v -1.220165 0.417853 0.403036
v -1.22047001 0.40939799 0.35579601
v -1.24211499 0.40041399 0.353331
v -1.20854099 0.41230899 0.37880901
v -1.218738 0.40681598 0.39935198
v -1.22239299 0.397484 0.36496899
v -1.23460099 0.39361498 0.362995
v -1.215492 0.39918798 0.37829399
v -1.22084199 0.39698601 0.38955799
v -1.22789301 0.39274299 0.37640098
v -1.255191 0.47505099 0.41770998
v -1.23443198 0.477083 0.38574001
v -1.25350299 0.48509797 0.41131499
v -1.20980199 0.50071996 0.46670699
v -1.216931 0.45798597 0.48392299
v -1.202254 0.4711 0.47026697
v -1.22904499 0.49866599 0.47562698
v -1.23967399 0.45102698 0.47485298
v -1.25352299 0.491207 0.46586898
v -1.25906998 0.48574197 0.44736198
v -1.24773899 0.45718199 0.45212799
v -1.203797 0.44949999 0.47990999
v -1.190341 0.449505 0.46809101
v -1.242691 0.43759897 0.46439996
v -1.24239799 0.43415797 0.447108
v -1.20393199 0.43901697 0.48010698
v -1.191937 0.43856096 0.46952799
v -1.23760799 0.42432201 0.452916
v -1.23750401 0.42841202 0.466636
v -1.21078399 0.42861301 0.47336799
v -1.20034799 0.427773 0.46860799
v -1.223847 0.42459801 0.46815398
v -1.22682399 0.41979498 0.45883596
v -1.21359399 0.42229301 0.46479598
v -1.26409599 0.49577898 0.44180197
v -1.258596 0.50504601 0.46737596
v -1.23408 0.51203197 0.47737598
v -1.207904 0.5115 0.46363997
v -1.23429199 0.52028596 0.46955898
v -1.209755 0.51675797 0.45714
v -1.25647801 0.51427597 0.46037599
v -1.26007 0.50329798 0.436782
v -1.197752 0.548706 0.43637297
v -1.23216599 0.54779899 0.44801798
v -1.253016 0.54181701 0.439468
v -1.26728299 0.524185 0.42295396
v -1.24001199 0.59482896 0.43457499
v -1.21061599 0.60039002 0.42441699
v -1.26695099 0.58473897 0.42218497
v -1.29299 0.57913899 0.40082297
v -1.28693599 0.52235198 0.40370998
v -1.279405 0.47512698 0.40801701
v -1.25350299 0.48509797 0.41131499
v -1.255191 0.47505099 0.41770998
v -1.27835399 0.465698 0.41025501
v -1.26911399 0.45789397 0.40634799
v -1.249405 0.464634 0.41126898
v -1.25137299 0.417602 0.402816
v -1.23683999 0.43622896 0.40474299
v -1.26333499 0.41465598 0.37970099
v -1.281977 0.45471001 0.38147497
v -1.27480599 0.45751998 0.361081
v -1.26076499 0.43033698 0.358513
v -1.23635098 0.41136298 0.40317199
v -1.220165 0.417853 0.403036
v -1.256809 0.406324 0.36364201
v -1.247609 0.4111 0.34998599
v -1.23325799 0.401467 0.39943197
v -1.218738 0.40681598 0.39935198
v -1.24211499 0.40041399 0.353331
v -1.250745 0.39679399 0.36516899
v -1.23210199 0.394667 0.38656297
v -1.22084199 0.39698601 0.38955799
v -1.23894899 0.392937 0.37327701
v -1.23460099 0.39361498 0.362995
v -1.22789301 0.39274299 0.37640098
v -1.28147399 0.46885198 0.35823002
v -1.29122499 0.46252897 0.38538501
v -1.29103699 0.472262 0.38554001
v -1.28109899 0.47819099 0.36050498
v -1.29789698 0.51965302 0.38252899
v -1.30275601 0.52249295 0.36019698
v -1.304782 0.57641995 0.37339297
v -1.30535498 0.58118194 0.33831501
v -1.30603498 0.52375299 0.34174499
v -1.30847901 0.48772597 0.34067798
v -1.28798798 0.48944801 0.355279
v -1.28931999 0.480928 0.35714298
v -1.31007099 0.47925097 0.34047499
v -1.30180901 0.47039399 0.33877701
v -1.28773499 0.47048599 0.35179499
v -1.28903499 0.43664297 0.33147201
v -1.27691999 0.44670501 0.344962
v -1.289424 0.44073898 0.30842099
v -1.30222601 0.47479698 0.31397498
v -1.288055 0.47957999 0.30148199
v -1.27770001 0.454896 0.29885998
v -1.27988899 0.42632499 0.33779499
v -1.264972 0.42682898 0.34497699
v -1.28055498 0.43332899 0.298374
v -1.26603901 0.436142 0.291987
v -1.27754399 0.41798699 0.33354899
v -1.264193 0.41852796 0.33982497
v -1.266482 0.42647201 0.29378799
v -1.27812099 0.42405298 0.29940999
v -1.27284199 0.41479999 0.32227299
v -1.26515198 0.41458499 0.32903498
v -1.27306601 0.41715398 0.30902699
v -1.266601 0.41916499 0.302441
v -1.266514 0.41525599 0.315413
v -1.290418 0.49019501 0.299694
v -1.31048998 0.48365697 0.31567401
v -1.30885798 0.49170896 0.31826299
v -1.290061 0.497807 0.30374199
v -1.30639401 0.52750498 0.32062301
v -1.297896 0.53331 0.301842
v -1.29626599 0.587547 0.31545201
v -1.29508898 0.543724 0.29205599
v -1.28979701 0.50251496 0.27647898
v -1.27950197 0.50330395 0.29309899
v -1.27895799 0.496342 0.29280099
v -1.289033 0.49546799 0.27475798
v -1.28109899 0.48883098 0.274717
v -1.27449498 0.488175 0.288048
v -1.26358899 0.47112399 0.27011898
v -1.26245701 0.48015398 0.28583598
v -1.25799799 0.47870499 0.25399098
v -1.27507898 0.49696898 0.25736099
v -1.26242998 0.50445098 0.25329998
v -1.25131699 0.49529597 0.25356099
v -1.25840399 0.46575499 0.27715901
v -1.25060299 0.46668801 0.286724
v -1.24866199 0.47865999 0.24959499
v -1.23709498 0.48362097 0.24960999
v -1.25366899 0.46074098 0.27392098
v -1.24588498 0.46031502 0.28197098
v -1.23460199 0.47496498 0.249727
v -1.24490899 0.47067198 0.24962899
v -1.24545099 0.459598 0.266561
v -1.241414 0.45816699 0.27342898
v -1.242854 0.463525 0.25697801
v -1.235284 0.46663898 0.25472799
v -1.26508999 0.51475197 0.25386497
v -1.28301901 0.50361598 0.25740299
v -1.26724899 0.51986998 0.25790998
v -1.28436598 0.509884 0.26079199
v -1.28909701 0.55037701 0.27852699
v -1.267019 0.55530101 0.27564198
v -1.28018799 0.590662 0.291816
v -1.25187001 0.58901697 0.27894899
v -1.297456 0.64636701 0.31188801
v -1.30317301 0.641743 0.33898601
v -1.30146298 0.63782394 0.36279699
v -1.28999498 0.633919 0.38848701
v -1.26994199 0.63293797 0.40203202
v -1.23816699 0.63491696 0.40375498
v -1.21509701 0.63734299 0.39564499
v -1.19168501 0.64122099 0.37853998
v -1.27570698 0.65055901 0.29414499
v -1.25205201 0.70195097 0.381455
v -1.22044599 0.70529199 0.383993
v -1.27156699 0.700261 0.36721098
v -1.28211001 0.70002699 0.340839
v -1.28340098 0.70060402 0.316506
v -1.277145 0.70160401 0.289011
v -1.197154 0.70735097 0.376436
v -1.173204 0.70956898 0.35978499
v -1.254022 0.70369101 0.27201799
v -1.203797 0.44949999 0.47990999
v -1.23750401 0.42841202 0.466636
v -1.20393199 0.43901697 0.48010698
v -1.242691 0.43759897 0.46439996
v -1.23635098 0.41136298 0.40317199
v -1.250745 0.39679399 0.36516899
v -1.23325799 0.401467 0.39943197
v -1.256809 0.406324 0.36364201
v -1.28109899 0.47819099 0.36050498
v -1.25406298 0.53210998 0.35961798
v -1.30275601 0.52249295 0.36019698
v -1.25517899 0.53756398 0.34292099
v -1.263749 0.49192297 0.34027699
v -1.264128 0.49590597 0.31786197
v -1.262611 0.48714298 0.31506899
v -1.290418 0.49019501 0.299694
v -1.26615497 0.47721297 0.31349298
v -1.288055 0.47957999 0.30148199
v -1.27770001 0.454896 0.29885998
v -1.25769398 0.45434999 0.310509
v -1.25732201 0.45024398 0.33355898
v -1.26573798 0.47281101 0.33829397
v -1.27691999 0.44670501 0.344962
v -1.28773499 0.47048599 0.35179499
v -1.26603901 0.436142 0.291987
v -1.24496099 0.43487298 0.30554098
v -1.24451201 0.43016601 0.332032
v -1.264972 0.42682898 0.34497699
v -1.24663299 0.42653999 0.30580899
v -1.266482 0.42647201 0.29378799
v -1.24625601 0.42245701 0.328751
v -1.264193 0.41852796 0.33982497
v -1.25571799 0.419487 0.30940899
v -1.266601 0.41916499 0.302441
v -1.255602 0.41707 0.32265097
v -1.26515198 0.41458499 0.32903498
v -1.266514 0.41525599 0.315413
v -1.28931999 0.480928 0.35714298
v -1.26219198 0.48273799 0.33986998
v -1.28798798 0.48944801 0.355279
v -1.27988899 0.42632499 0.33779499
v -1.27812099 0.42405298 0.29940999
v -1.27754399 0.41798699 0.33354899
v -1.28055498 0.43332899 0.298374
v -1.290061 0.497807 0.30374199
v -1.25553599 0.54131699 0.32179901
v -1.297896 0.53331 0.301842
v -1.26121199 0.54650199 0.304095
v -1.25827298 0.51054299 0.29033101
v -1.25284001 0.517914 0.274645
v -1.24897899 0.51088899 0.27185699
v -1.26508999 0.51475197 0.25386497
v -1.24966601 0.50259 0.26820099
v -1.26242998 0.50445098 0.25329998
v -1.25131699 0.49529597 0.25356099
v -1.24035999 0.49548399 0.26815099
v -1.24594699 0.487905 0.28428099
v -1.25568599 0.494454 0.285557
v -1.26245701 0.48015398 0.28583598
v -1.27449498 0.488175 0.288048
v -1.23709498 0.48362097 0.24960999
v -1.22718599 0.481397 0.26430598
v -1.233606 0.47268099 0.28284201
v -1.25060299 0.46668801 0.286724
v -1.225742 0.47407001 0.263024
v -1.23460199 0.47496498 0.249727
v -1.23130099 0.46652099 0.27907699
v -1.24588498 0.46031502 0.28197098
v -1.23037599 0.46627897 0.26237699
v -1.235284 0.46663898 0.25472799
v -1.233587 0.46192402 0.27164599
v -1.241414 0.45816699 0.27342898
v -1.23826599 0.46116197 0.26355198
v -1.24545099 0.459598 0.266561
v -1.242854 0.463525 0.25697801
v -1.27895799 0.496342 0.29280099
v -1.25499499 0.50274599 0.289213
v -1.27950197 0.50330395 0.29309899
v -1.25840399 0.46575499 0.27715901
v -1.24490899 0.47067198 0.24962899
v -1.25366899 0.46074098 0.27392098
v -1.24866199 0.47865999 0.24959499
v -1.26724899 0.51986998 0.25790998
v -1.247926 0.55102098 0.28849599
v -1.267019 0.55530101 0.27564198
v -1.23504999 0.586142 0.288858
v -1.25187001 0.58901697 0.27894899
v -1.27570698 0.65055901 0.29414499
v -1.25680301 0.650253 0.29837099
v -1.23787999 0.64786899 0.31725597
v -1.226392 0.57922101 0.345038
v -1.24667101 0.546561 0.32167098
v -1.24895999 0.54056901 0.34069198
v -1.245079 0.53661001 0.359519
v -1.236168 0.53802896 0.376421
v -1.225476 0.53878999 0.38853401
v -1.213845 0.559084 0.37865502
v -1.18641399 0.553361 0.39338902
v -1.181768 0.55238897 0.419949
v -1.162204 0.54815102 0.40733501
v -1.147709 0.55423898 0.42621601
v -1.14277999 0.547988 0.42606899
v -1.157829 0.54087102 0.40499297
v -1.14978099 0.53762901 0.40341097
v -1.136906 0.54238796 0.41986698
v -1.12723699 0.52500999 0.40902999
v -1.142352 0.52105701 0.39394599
v -1.142161 0.53152901 0.37345299
v -1.149575 0.54889596 0.38136297
v -1.126855 0.54595298 0.36804298
v -1.13649499 0.56492096 0.37576899
v -1.11172 0.53819901 0.37698001
v -1.121627 0.56273997 0.38874599
v -1.111911 0.52772701 0.39747298
v -1.121832 0.55147302 0.41079497
v -1.122766 0.50443399 0.40241501
v -1.135621 0.50182098 0.38610801
v -1.135401 0.51385599 0.36255598
v -1.122327 0.528503 0.35531101
v -1.111433 0.53145301 0.36468497
v -1.111759 0.51354498 0.39973202
v -1.129933 0.49755999 0.38199401
v -1.117534 0.49945301 0.39593899
v -1.12974299 0.50798303 0.36159801
v -1.11715399 0.52029699 0.35514599
v -1.107719 0.52284402 0.36328098
v -1.108002 0.50733501 0.39363301
v -1.120932 0.499259 0.37750998
v -1.114039 0.49992296 0.38533899
v -1.120822 0.50527596 0.36573398
v -1.11381999 0.51195699 0.36178699
v -1.108348 0.51200199 0.36928698
v -1.108458 0.50598496 0.38106298
v -1.112845 0.50493997 0.37306198
v -1.111433 0.53145301 0.36468497
v -1.108002 0.50733501 0.39363301
v -1.107719 0.52284402 0.36328098
v -1.111759 0.51354498 0.39973202
v -1.15762399 0.55213696 0.38294399
v -1.14231899 0.57327199 0.37658697
v -1.124281 0.58048195 0.39649397
v -1.124487 0.56921601 0.41854197
v -1.16201799 0.55833399 0.38740698
v -1.14873999 0.58066499 0.38333696
v -1.144099 0.58625901 0.40051299
v -1.14428499 0.57607698 0.420441
v -1.179638 0.57239395 0.37278399
v -1.16380399 0.60454899 0.34856898
v -1.156297 0.61180001 0.400978
v -1.16448 0.59544098 0.426467
v -1.179869 0.56460398 0.43179899
v -1.21061599 0.60039002 0.42441699
v -1.16280898 0.62002301 0.35374299
v -1.186079 0.62744099 0.32925898
v -1.183595 0.61656898 0.43115297
v -1.19168501 0.64122099 0.37853998
v -1.21051799 0.64544499 0.34193698
v -1.200128 0.60423601 0.35879198
v -1.173204 0.70956898 0.35978499
v -1.19067499 0.70782095 0.32231602
v -1.217087 0.70569897 0.29659399
v -1.23530199 0.70467001 0.27690798
v -1.254022 0.70369101 0.27201799
v -0.73255199 1.34071589 0.56831002
v -0.73006201 1.39521801 0.59359795
v -0.74222901 1.34319699 0.56946999
v -0.73415899 1.39569199 0.59213901
v -0.74744001 1.29990399 0.57928199
v -0.74717399 1.43329406 0.64684403
v -0.77107701 1.43806791 0.63475198
v -0.809578 1.46061897 0.69081098
v -0.793465 1.478706 0.70509696
v -0.864593 1.46283996 0.72100997
v -0.86665501 1.45149398 0.70981497
v -0.899285 1.44195998 0.73033893
v -0.920369 1.41660702 0.72977203
v -0.906414 1.41332591 0.70330197
v -0.932384 1.35671902 0.71249801
v -0.949449 1.37552595 0.72860295
v -0.92341401 1.31101394 0.701473
v -0.951192 1.32650495 0.71665198
v -0.924567 1.28514802 0.70433998
v -0.72956401 1.45748794 0.65475196
v -0.74549103 1.49054992 0.64522594
v -0.80288701 1.52045596 0.66965598
v -0.913953 1.31066096 0.67179096
v -0.888792 1.272452 0.66135496
v -0.897158 1.27186096 0.68030697
v -0.898474 1.26908088 0.685233
v -0.843631 1.25405991 0.67381597
v -0.845331 1.249349 0.65802395
v -0.797131 1.25338197 0.64603794
v -0.78484601 1.24425399 0.63831902
v -0.758294 1.27440095 0.60064095
v -0.77677099 1.27871799 0.604415
v -0.7632 1.30203795 0.58158296
v -0.79726 1.25610495 0.63309199
v -0.840996 1.25080395 0.64458001
v -0.74215099 1.27222192 0.59417802
v -0.73553601 1.29333687 0.57883996
v -0.750654 1.24956489 0.60491002
v -0.72919202 1.27320695 0.57717401
v -0.721118 1.33535087 0.56826699
v -0.73670501 1.25322604 0.56472898
v -0.846825 1.24232996 0.68459702
v -0.81174602 1.22789001 0.66504097
v -0.76136 1.22573996 0.60130101
v -0.74340501 1.23412097 0.555143
v -0.85745001 1.22436297 0.69079596
v -0.82678901 1.21879303 0.66144097
v -0.893615 1.22987497 0.69935203
v -0.89020701 1.25444603 0.69757396
v -0.779825 1.21266401 0.60444695
v -0.76284201 1.21618104 0.54123002
v -0.833324 1.20185602 0.62043995
v -0.804564 1.18303895 0.56061697
v -0.78391001 1.20174897 0.52020097
v -0.73762801 1.25123394 0.51463598
v -0.74833 1.23190594 0.49662599
v -0.76690201 1.21643698 0.476623
v -0.86332101 1.22207093 0.684282
v -0.852751 1.21346498 0.645742
v -0.89350799 1.22708392 0.69567996
v -0.841754 1.18478096 0.60513598
v -0.81283002 1.17396891 0.54102701
v -0.79996701 1.18388903 0.48352
v -0.84545501 1.16172099 0.588651
v -0.81869102 1.15991497 0.526452
v -0.84613301 1.13659894 0.582753
v -0.827769 1.14075994 0.51601297
v -0.846809 1.11560202 0.58511698
v -0.838027 1.11531997 0.50900197
v -0.84229101 1.09832394 0.58909398
v -0.837396 1.08194399 0.564192
v -0.842711 1.07110202 0.61074698
v -0.85426301 1.08320093 0.61511797
v -0.861406 1.189291 0.59028095
v -0.86118801 1.16111803 0.57978803
v -0.85852 1.14181292 0.57741797
v -0.856765 1.11881495 0.57862699
v -0.86037201 1.10471296 0.58979797
v -0.87369701 1.09443998 0.61468297
v -0.880019 1.093364 0.63712102
v -0.87715901 1.07638705 0.63721699
v -0.891886 1.09760296 0.62634099
v -0.92881101 1.10266602 0.64952004
v -0.928347 1.08186603 0.65204102
v -0.933508 1.1102829 0.63553399
v -0.969827 1.11196291 0.66119903
v -0.968625 1.08641398 0.66524899
v -0.974349 1.12021899 0.645428
v -1.00186 1.11721694 0.66490304
v -1.004376 1.08789492 0.66992199
v -1.001822 1.12273204 0.64792901
v -0.888417 1.06271493 0.62447602
v -0.85855401 1.056095 0.60077798
v -0.935945 1.07030594 0.63870496
v -0.975136 1.08081102 0.65214896
v -1.005036 1.08398402 0.65798497
v -0.85398501 1.07574999 0.54675001
v -0.84501401 1.09603798 0.49150398
v -0.976964 1.116225 0.63397199
v -0.939003 1.10739505 0.624641
v -0.903075 1.10073698 0.61563599
v -0.887406 1.09092593 0.60553497
v -0.87418601 1.10031092 0.57610899
v -0.86960401 1.12056899 0.53323299
v -0.868669 1.14429605 0.52040398
v -0.869737 1.17356694 0.529208
v -0.86952901 1.19897592 0.54557496
v -0.865456 1.20846605 0.560543
v -0.872756 1.22339892 0.65784895
v -0.900728 1.22637296 0.66940004
v -0.946558 1.23219705 0.678065
v -0.942251 1.234478 0.70471603
v -0.933497 1.236395 0.71186596
v -0.926949 1.26612198 0.71288097
v -0.965722 1.30660093 0.72324896
v -0.992115 1.28457201 0.729765
v -0.994755 1.24339199 0.72053099
v -0.989628 1.23933196 0.70644695
v -0.973445 1.34566498 0.73543799
v -0.976946 1.36688197 0.73623496
v -0.980662 1.40092099 0.73488897
v -0.977363 1.42882597 0.73516995
v -0.978334 1.44509089 0.73380202
v -0.896615 1.47707903 0.72510201
v -0.85800301 1.48518288 0.71452099
v -0.890076 1.51130998 0.69519502
v -0.829264 1.54132092 0.632357
v -0.890949 1.53958595 0.63243198
v -0.76060101 1.51770401 0.61280602
v -0.814594 1.56670499 0.55062598
v -0.87965701 1.59443998 0.53115898
v -0.763804 1.529145 0.550228
v -0.72440901 1.47535896 0.574646
v -0.71546 1.45704103 0.58030397
v -0.70807901 1.4230659 0.59000599
v -0.717563 1.40864503 0.59942096
v -0.71087301 1.37897897 0.55670899
v -0.721946 1.32440698 0.54024202
v -0.72961599 1.27318799 0.531654
v -0.740738 1.50862503 0.49905601
v -0.73092699 1.27147496 0.45999199
v -0.744477 1.24748802 0.45004797
v -0.73277202 1.30766594 0.47417197
v -0.75375099 1.23003793 0.45648101
v -0.731747 1.27981591 0.42253602
v -0.748824 1.244946 0.42016497
v -0.72194901 1.35164201 0.45807201
v -0.78971501 1.23204195 0.40968099
v -0.750232 1.25598693 0.37498698
v -0.73526001 1.28887296 0.37440398
v -0.73029301 1.35683894 0.38707298
v -0.78840701 1.244627 0.37304297
v -0.73008302 1.33588195 0.50438702
v -0.72997999 1.39772594 0.50338197
v -0.73112899 1.4540379 0.505925
v -0.747446 1.47331691 0.42251199
v -0.735502 1.41701198 0.40325999
v -0.75547899 1.53455794 0.42617598
v -0.781763 1.56712496 0.42131001
v -0.82327101 1.59475899 0.41918799
v -0.882891 1.61638784 0.413506
v -0.960813 1.63053203 0.41808298
v -0.961066 1.60009599 0.540488
v -0.964184 1.52488995 0.684026
v -0.973049 1.47873092 0.72546893
v -1.067115 1.51643991 0.69005597
v -1.038941 1.53914797 0.65462095
v -1.104554 1.54429591 0.63917398
v -1.12912999 1.52276587 0.67149395
v -1.093661 1.46331489 0.725025
v -1.153495 1.48620093 0.70217693
v -1.14464 1.46722198 0.70695096
v -1.19672 1.45926094 0.66083395
v -1.084159 1.44404399 0.72681195
v -1.082898 1.43420386 0.71356797
v -1.060294 1.40460002 0.71240097
v -1.050967 1.4149071 0.73224503
v -1.054106 1.36669898 0.70275801
v -1.047236 1.37678301 0.71983898
v -1.062978 1.33343589 0.69812399
v -1.048021 1.33757591 0.71404499
v -1.08881 1.29217887 0.70046896
v -1.095241 1.29630601 0.69538695
v -1.13313501 1.28062296 0.68272102
v -1.134425 1.2912159 0.68371201
v -1.172278 1.2968049 0.65585297
v -1.18481199 1.29001904 0.64987701
v -1.137197 1.45423901 0.69538397
v -1.054819 1.43223405 0.73315799
v -1.18908501 1.328565 0.63055402
v -1.20829 1.32887399 0.632846
v -1.21831699 1.27903795 0.61366796
v -1.199176 1.37516093 0.61763901
v -1.20374599 1.37780297 0.61574799
v -1.21721399 1.37725687 0.60919797
v -1.218615 1.41935503 0.61316597
v -1.20007499 1.42225206 0.62425297
v -1.225932 1.31586897 0.60691601
v -1.18891899 1.44819891 0.64382696
v -1.23648 1.45724106 0.613994
v -1.18517299 1.41642189 0.62190098
v -1.130255 1.44476593 0.67620796
v -1.16439699 1.43842101 0.63898301
v -1.230326 1.37826502 0.59602898
v -1.23597799 1.31579185 0.586568
v -1.239916 1.29405999 0.57271498
v -1.211236 1.49212599 0.661479
v -1.18694599 1.52107692 0.64472097
v -1.221902 1.48793197 0.58693898
v -1.16266799 1.54273689 0.62728196
v -1.19584699 1.52017188 0.57610196
v -1.15894699 1.55680895 0.58724201
v -1.127002 1.58287096 0.556952
v -1.042679 1.60643005 0.53547096
v -1.241492 1.37162399 0.55376703
v -1.24032399 1.40746498 0.57258499
v -1.09907699 1.61795187 0.42630798
v -1.040487 1.62693596 0.41764998
v -1.14209799 1.59897006 0.43009898
v -1.174458 1.57091093 0.43911096
v -1.23774599 1.37897289 0.52383703
v -1.23672099 1.43604791 0.538212
v -1.24392299 1.35260296 0.49038398
v -1.24575999 1.32387209 0.54558796
v -1.24349999 1.29961586 0.528135
v -1.23555 1.27877295 0.55280697
v -1.21507899 1.26267993 0.59595597
v -1.17863899 1.25501406 0.64314198
v -1.164496 1.25041795 0.63768196
v -1.133083 1.25405991 0.68499798
v -1.08526599 1.27543294 0.70547992
v -1.121582 1.24907792 0.68071502
v -1.084617 1.25245392 0.70445096
v -1.18826999 1.24135995 0.58683199
v -1.20518899 1.24503791 0.55123198
v -1.151778 1.23429489 0.611727
v -1.17635798 1.22077906 0.56853199
v -1.18996099 1.22070897 0.54174298
v -1.110797 1.24641502 0.66707295
v -1.138312 1.24625695 0.63295197
v -1.08310799 1.24774301 0.69839299
v -1.15492699 1.20712602 0.58025098
v -1.17738898 1.20614791 0.54933602
v -1.19478001 1.23607099 0.49171397
v -1.22490999 1.26493502 0.50098997
v -1.188824 1.22133899 0.49900901
v -1.17942698 1.191594 0.533436
v -1.15636699 1.18663895 0.56433296
v -1.15960599 1.16953599 0.55369997
v -1.17713301 1.17149997 0.522304
v -1.15925799 1.15001702 0.55284399
v -1.169475 1.13926101 0.52845997
v -1.161238 1.13487697 0.580805
v -1.17513299 1.11618698 0.56162
v -1.16962799 1.10947192 0.60670501
v -1.154431 1.12819993 0.60975599
v -1.149913 1.18887496 0.55821496
v -1.147699 1.20621395 0.56918097
v -1.14203 1.23716593 0.59915596
v -1.152767 1.17005599 0.54325402
v -1.15204899 1.14912105 0.54284799
v -1.147165 1.13697994 0.57285798
v -1.134378 1.12623894 0.60698003
v -1.12648199 1.12227094 0.63544899
v -1.132487 1.09917998 0.63644797
v -1.114898 1.12553489 0.62191397
v -1.0768 1.11867297 0.65237099
v -1.080538 1.09396303 0.655532
v -1.07157 1.12641597 0.63754797
v -1.034526 1.11740601 0.66310203
v -1.040157 1.09176493 0.66717499
v -1.029391 1.12537301 0.64690399
v -1.075215 1.08850992 0.64154798
v -1.12640299 1.09506404 0.62178695
v -1.15976 1.09917998 0.58550596
v -1.035434 1.08528507 0.65377194
v -1.16101101 1.10458803 0.548334
v -1.17038099 1.12571406 0.50023699
v -1.028108 1.12156999 0.635342
v -1.067291 1.12250698 0.626127
v -1.105079 1.11527705 0.61162102
v -1.122976 1.11502898 0.59899396
v -1.005539 1.08160794 0.64749199
v -0.983519 1.079391 0.64389998
v -0.944216 1.07515991 0.63036096
v -0.902877 1.05931795 0.61951298
v -0.92603 1.03792298 0.63304996
v -0.892304 1.03589594 0.606085
v -0.96736 1.04109597 0.64719701
v -1.008312 1.05042291 0.650594
v -0.91583901 1.02124 0.61300898
v -0.901948 1.03188097 0.58274502
v -0.97417 1.02429795 0.63528699
v -1.010403 1.02914596 0.646222
v -0.930944 1.02618599 0.578183
v -0.922565 1.03440797 0.55063999
v -0.961232 1.02376699 0.59082496
v -1.011841 1.02486396 0.60764396
v -0.88825 1.041857 0.56476396
v -0.866007 1.0495379 0.59757501
v -0.86788201 1.06318796 0.53755498
v -0.89168 1.05666995 0.52370095
v -0.874246 1.08969498 0.486076
v -0.964709 1.03490496 0.550138
v -1.012292 1.03307092 0.56296998
v -0.976603 1.04052591 0.52283698
v -0.926979 1.04266596 0.521393
v -1.012669 1.03903902 0.528633
v -0.84027301 1.11356294 0.47251299
v -0.827875 1.14270997 0.47431299
v -0.814905 1.16962802 0.473865
v -0.85148101 1.14973199 0.442803
v -0.817742 1.18163097 0.43830898
v -0.88204501 1.11916196 0.43898997
v -0.974808 1.07546091 0.47098398
v -0.938065 1.07745099 0.47252399
v -0.90542 1.08742702 0.48401797
v -0.982248 1.08268499 0.44001299
v -0.950724 1.08751094 0.44191396
v -1.011253 1.08115494 0.438263
v -1.01089 1.07452798 0.47430801
v -0.919669 1.099231 0.44035599
v -0.978841 1.089553 0.4059
v -0.946903 1.09156799 0.414911
v -1.011844 1.09030497 0.39620897
v -0.922516 1.10296798 0.415041
v -0.90242501 1.12676895 0.41005298
v -1.048339 1.04701698 0.51701397
v -1.059383 1.04353988 0.552679
v -1.10161299 1.05073702 0.55529499
v -1.093 1.04096603 0.58240002
v -1.11760399 1.05148196 0.58351398
v -1.096463 1.04073596 0.62595797
v -1.122943 1.07097197 0.61728996
v -1.093693 1.053213 0.63732296
v -1.126304 1.08775902 0.61343801
v -1.067423 1.08559895 0.63317901
v -1.027865 1.08262706 0.64509398
v -1.050369 1.04883099 0.65181702
v -1.047049 1.0309459 0.63724297
v -1.062389 1.03299296 0.59354001
v -1.14343299 1.08778703 0.58421898
v -1.132983 1.07451296 0.57764
v -1.13187 1.07873201 0.553123
v -1.14902399 1.10086894 0.54173195
v -1.14245699 1.11415803 0.49327499
v -1.096553 1.05813301 0.52594399
v -1.17436099 1.14403391 0.48148102
v -1.17948399 1.17274392 0.48372898
v -1.182982 1.19627893 0.483585
v -1.15616399 1.17749894 0.45097899
v -1.18299699 1.21431601 0.44804999
v -1.13334399 1.14207697 0.44570699
v -1.212542 1.26264095 0.45539099
v -1.23218499 1.28673995 0.456635
v -1.24027699 1.31996596 0.46973801
v -1.23714299 1.29545808 0.44427899
v -1.24555598 1.34993899 0.46917596
v -1.23148198 1.38148892 0.50212097
v -1.203775 1.26967502 0.42037499
v -1.23699199 1.29698503 0.38072497
v -1.248409 1.35305488 0.38846001
v -1.24665399 1.40926409 0.40095699
v -1.20479798 1.27263904 0.38403198
v -1.24365699 1.46204996 0.41687
v -1.21716699 1.47916901 0.55496299
v -1.20104299 1.514732 0.50206399
v -1.20675799 1.51522899 0.43483898
v -1.13730699 1.22732592 0.38995498
v -1.10954899 1.18708694 0.39789099
v -1.109882 1.1466459 0.41397598
v -1.096014 1.11840498 0.41999
v -1.097817 1.11548102 0.44514498
v -1.111622 1.10623491 0.48955297
v -1.08197699 1.09057701 0.47638899
v -1.046334 1.081985 0.47290501
v -1.039369 1.08789492 0.44154799
v -1.069354 1.09833193 0.44510299
v -1.043576 1.09461892 0.41067699
v -1.074136 1.10281301 0.41833198
v -0.75304702 1.34142101 0.57491797
v -0.74148899 1.39566493 0.59071398
v -0.77444901 1.43351388 0.63280296
v -0.81398301 1.44307101 0.66096002
v -0.86054601 1.43328798 0.66770595
v -0.896859 1.39877701 0.68043798
v -0.91557001 1.35529792 0.67594802
v -0.879228 1.60250902 0.30183399
v -0.882891 1.61638784 0.413506
v -0.82008 1.58525598 0.33461899
v -0.82327101 1.59475899 0.41918799
v -0.781763 1.56712496 0.42131001
v -0.78561899 1.55599999 0.34195599
v -0.75547899 1.53455794 0.42617598
v -0.74870703 1.48878491 0.33785701
v -0.965533 1.62020493 0.29970199
v -0.960813 1.63053203 0.41808298
v -0.893041 1.56186998 0.214314
v -0.843017 1.53067303 0.221038
v -0.79879801 1.45995891 0.22886699
v -0.75032 1.41796494 0.30935499
v -0.971415 1.57530594 0.21219499
v -0.747446 1.47331691 0.42251199
v -0.735502 1.41701198 0.40325999
v -0.73029301 1.35683894 0.38707298
v -0.7482 1.33585 0.30746001
v -0.73526001 1.28887296 0.37440398
v -0.76548301 1.27870202 0.308415
v -0.750232 1.25598693 0.37498698
v -0.82257299 1.25367403 0.310415
v -0.78840701 1.244627 0.37304297
v -0.78246701 1.36070991 0.23719801
v -0.82331699 1.30443299 0.24679701
v -0.859779 1.27181792 0.26562598
v -0.859301 1.46737397 0.18353
v -0.82606001 1.38881099 0.20003599
v -0.860973 1.41789305 0.178536
v -0.916127 1.44770205 0.16423401
v -0.912003 1.50774705 0.17161301
v -0.853028 1.32412004 0.21801099
v -0.912188 1.34236205 0.19873199
v -0.977409 1.52256799 0.16809601
v -0.983208 1.46420586 0.158362
v -1.04403 1.52015495 0.17518599
v -1.050627 1.57624495 0.21856898
v -1.052004 1.61841202 0.30656698
v -1.040487 1.62693596 0.41764998
v -1.09907699 1.61795187 0.42630798
v -1.119868 1.59584498 0.31738499
v -1.14209799 1.59897006 0.43009898
v -1.174458 1.57091093 0.43911096
v -1.17912099 1.56284893 0.34745201
v -1.20787999 1.52579296 0.35824001
v -1.110951 1.54808199 0.22395
v -1.160154 1.50755596 0.23832999
v -1.22223499 1.47450805 0.327209
v -1.20675799 1.51522899 0.43483898
v -1.24365699 1.46204996 0.41687
v -1.24665399 1.40926409 0.40095699
v -1.24058598 1.39800704 0.32023498
v -1.248409 1.35305488 0.38846001
v -1.232987 1.328372 0.31846699
v -1.23699199 1.29698503 0.38072497
v -1.17275101 1.28540802 0.319841
v -1.20479798 1.27263904 0.38403198
v -1.19855699 1.42243695 0.24977501
v -1.17747499 1.34705508 0.25528097
v -1.13593701 1.29690301 0.27285698
v -1.102759 1.48757005 0.19024299
v -1.051751 1.46178496 0.167834
v -1.111233 1.45076501 0.184853
v -1.15147001 1.4362309 0.20810899
v -1.136471 1.363855 0.225263
v -1.073827 1.36167407 0.202994
v -0.992804 1.34780896 0.19638
v -0.997637 1.29031909 0.24583499
v -0.916164 1.28321695 0.25158399
v -1.078393 1.29831886 0.255959
v -0.923495 1.24958801 0.28850499
v -0.903691 1.22936988 0.31704199
v -0.86419 1.20241594 0.38262501
v -0.924405 1.19568706 0.332333
v -0.898303 1.1678189 0.39222097
v -0.916654 1.16197693 0.344677
v -0.929378 1.13945091 0.34225497
v -0.90242501 1.12676895 0.41005298
v -0.949353 1.1294719 0.328401
v -0.922516 1.10296798 0.415041
v -0.966187 1.110376 0.32440397
v -0.946903 1.09156799 0.414911
v -0.985246 1.106251 0.32376301
v -0.978841 1.089553 0.4059
v -1.002384 1.10471702 0.322447
v -1.011844 1.09030497 0.39620897
v -1.043576 1.09461892 0.41067699
v -1.019628 1.10571599 0.32286999
v -1.074136 1.10281301 0.41833198
v -1.038797 1.10996497 0.32372299
v -1.096014 1.11840498 0.41999
v -1.055692 1.12915003 0.327793
v -1.109882 1.1466459 0.41397598
v -1.076024 1.13933194 0.34236696
v -1.10954899 1.18708694 0.39789099
v -1.088282 1.16199994 0.345175
v -1.08053099 1.19568706 0.332333
v -1.13730699 1.22732592 0.38995498
v -1.09713 1.24701297 0.322234
v -1.075541 1.26352799 0.29245099
v -1.05747 1.24519992 0.31877899
v -1.053351 1.255849 0.31267399
v -1.002917 1.28655195 0.29943499
v -0.952204 1.255849 0.31267399
v -0.947846 1.24516189 0.318791
v -0.992201 1.35334301 0.73766798
v -0.986217 1.32736206 0.72300899
v -0.989173 1.31927788 0.72259301
v -1.003139 1.31791592 0.73516601
v -1.02215 1.31549692 0.72484702
v -1.006398 1.35580599 0.73648196
v -1.01974 1.35017586 0.71979892
v -0.991837 1.36577499 0.73984897
v -1.025179 1.38085198 0.73320997
v -1.056484 1.46652496 0.73119301
v -0.986495 1.38046002 0.73803997
v -0.98107 1.36032188 0.73853099
v -0.990419 1.2374289 0.68344396
v -1.040202 1.24363291 0.70388699
v -1.044961 1.24831998 0.71489698
v -1.044019 1.28745294 0.71546698
v -1.04735 1.30291903 0.71255398
v -1.048055 1.32238197 0.712892
v -1.034894 1.24074996 0.67327595
v -1.080373 1.24551296 0.66545898
v -1.116034 1.243976 0.64557099
v -1.03595 1.32995498 0.70830297
v -0.865456 1.20846605 0.560543
v -0.852751 1.21346498 0.645742
v -0.875219 1.22383094 0.55049098
v -0.909974 1.22569394 0.58974302
v -0.872756 1.22339892 0.65784895
v -0.900728 1.22637296 0.66940004
v -0.949627 1.23316598 0.60346001
v -0.946558 1.23219705 0.678065
v -0.992522 1.23612797 0.609487
v -0.990419 1.2374289 0.68344396
v -0.86952901 1.19897592 0.54557496
v -0.996288 1.21119392 0.55389303
v -0.997975 1.20683599 0.50587797
v -0.869737 1.17356694 0.529208
v -1.00056 1.18497705 0.48382801
v -0.868669 1.14429605 0.52040398
v -1.004128 1.1503489 0.46858501
v -0.86960401 1.12056899 0.53323299
v -1.006237 1.12263489 0.48421001
v -0.87418601 1.10031092 0.57610899
v -1.006341 1.10818493 0.52942902
v -0.887406 1.09092593 0.60553497
v -1.005532 1.09681797 0.59821302
v -1.034894 1.24074996 0.67327595
v -1.036199 1.23121905 0.60560101
v -1.080373 1.24551296 0.66545898
v -1.104206 1.23896694 0.573358
v -1.116034 1.243976 0.64557099
v -1.14203 1.23716593 0.59915596
v -1.138312 1.24625695 0.63295197
v -1.13411699 1.23138797 0.55347496
v -1.144962 1.22046494 0.56352997
v -1.147699 1.20621395 0.56918097
v -1.15103599 1.21229398 0.54714698
v -1.149913 1.18887496 0.55821496
v -1.149601 1.19262397 0.533382
v -1.152767 1.17005599 0.54325402
v -1.145733 1.16983497 0.52277195
v -1.15204899 1.14912105 0.54284799
v -1.13706899 1.14971697 0.52996498
v -1.147165 1.13697994 0.57285798
v -1.135212 1.12832797 0.56288397
v -1.134378 1.12623894 0.60698003
v -1.122976 1.11502898 0.59899396
v -1.067291 1.12250698 0.626127
v -1.105079 1.11527705 0.61162102
v -1.028108 1.12156999 0.635342
v -1.002375 1.11994696 0.636841
v -0.976964 1.116225 0.63397199
v -0.939003 1.10739505 0.624641
v -0.903075 1.10073698 0.61563599
v -1.002375 1.11994696 0.636841
v -0.794403 1.20787501 0.442871
v -0.86419 1.20241594 0.38262501
v -0.898303 1.1678189 0.39222097
v -1.16321699 1.30632901 0.64014196
v -1.13606299 1.299891 0.67272002
v -1.099029 1.30557799 0.67844999
v -1.074533 1.32952392 0.68297398
v -1.065217 1.36405694 0.68355
v -1.074811 1.40091705 0.68824095
v -1.09527899 1.43131995 0.68136299
v -1 0.001109 -0.000177
v -1.000046 0.001109 -0.000171
v -1 0.001376 0
v -1.000089 0.001109 -0.000154
v -1.000125 0.001109 -0.000125
v -1.000154 0.001109 -8.9E-05
v -1.000171 0.001109 -4.6E-05
v -1.000177 0.001109 0
v -1.000171 0.001109 4.6E-05
v -1.000154 0.001109 8.9E-05
v -1.000125 0.001109 0.000125
v -1.000089 0.001109 0.000154
v -1.000046 0.001109 0.000171
v -1 0.001109 0.000177
v -0.999954 0.001109 0.000171
v -0.999911 0.001109 0.000154
v -0.999875 0.001109 0.000125
v -1.000071 0.001018 -0.000264
v -1 0.001018 -0.000273
v -1.000193 0.001018 -0.000193
v -1.000237 0.001018 -0.000137
v -1.000264 0.001018 -7.1E-05
v -1.000273 0.001018 0
v -1.000264 0.001018 7.1E-05
v -1.000237 0.001018 0.000137
v -1.000193 0.001018 0.000193
v -1.000137 0.001018 0.000237
v -1.000071 0.001018 0.000264
v -1 0.001018 0.000273
v -0.999929 0.001018 0.000264
v -0.999863 0.001018 0.000237
v -0.999807 0.001018 0.000193
v -0.999763 0.001018 0.000137
v -0.999846 0.001109 8.9E-05
v -0.999829 0.001109 4.6E-05
v -0.999823 0.001109 0
v -0.999829 0.001109 -4.6E-05
v -0.999846 0.001109 -8.9E-05
v -0.999875 0.001109 -0.000125
v -0.999911 0.001109 -0.000154
v -0.999954 0.001109 -0.000171
v -0.999736 0.001018 7.1E-05
v -0.999727 0.001018 0
v -0.999736 0.001018 -7.1E-05
v -0.999763 0.001018 -0.000137
v -0.999807 0.001018 -0.000193
v -0.999863 0.001018 -0.000237
v -0.999929 0.001018 -0.000264
v -0.999607 0.000916 0
v -0.99962 0.000916 0.000102
v -0.99966 0.000916 0.000197
v -0.999722 0.000916 0.000278
v -0.999803 0.000916 0.00034
v -0.999898 0.000916 0.00038
v -1 0.000916 0.000393
v -1.000102 0.000916 0.00038
v -1.000197 0.000916 0.00034
v -1.000278 0.000916 0.000278
v -1.00034 0.000916 0.000197
v -1.00038 0.000916 0.000102
v -1.000393 0.000916 0
v -1.00038 0.000916 -0.000102
v -1.00034 0.000916 -0.000197
v -1.000278 0.000916 -0.000278
v -1.000137 0.001018 -0.000237
v -1.000197 0.000916 -0.00034
v -1.000102 0.000916 -0.00038
v -1 0.000916 -0.000393
v -0.999898 0.000916 -0.00038
v -0.999803 0.000916 -0.00034
v -0.999722 0.000916 -0.000278
v -0.99966 0.000916 -0.000197
v -0.99962 0.000916 -0.000102
v -1.000131 0.000827 -0.00049
v -1 0.000827 -0.000507
v -0.99951 0.000827 -0.000131
v -0.999493 0.000827 0
v -0.99951 0.000827 0.000131
v -0.999561 0.000827 0.000254
v -0.999641 0.000827 0.000359
v -0.999746 0.000827 0.000439
v -0.999869 0.000827 0.00049
v -1 0.000827 0.000507
v -1.000131 0.000827 0.00049
v -1.000254 0.000827 0.000439
v -1.000359 0.000827 0.000359
v -1.000439 0.000827 0.000254
v -1.00049 0.000827 0.000131
v -1.000507 0.000827 0
v -1.00049 0.000827 -0.000131
v -1.000439 0.000827 -0.000254
v -1.000359 0.000827 -0.000359
v -1.000254 0.000827 -0.000439
v -1.000336 0.000747 -0.000582
v -1.000174 0.000747 -0.000649
v -1 0.000747 -0.000672
v -1.000475 0.000747 -0.000475
v -1.000582 0.000747 -0.000336
v -1.000649 0.000747 -0.000174
v -1.000672 0.000747 0
v -0.999869 0.000827 -0.00049
v -0.999746 0.000827 -0.000439
v -0.999641 0.000827 -0.000359
v -0.999561 0.000827 -0.000254
v -0.999418 0.000747 -0.000336
v -0.999351 0.000747 -0.000174
v -0.999328 0.000747 0
v -0.999351 0.000747 0.000174
v -0.999418 0.000747 0.000336
v -0.999525 0.000747 0.000475
v -0.999664 0.000747 0.000582
v -0.999826 0.000747 0.000649
v -1 0.000747 0.000672
v -1.000174 0.000747 0.000649
v -1.000336 0.000747 0.000582
v -1.000475 0.000747 0.000475
v -1.000582 0.000747 0.000336
v -1.000649 0.000747 0.000174
v -1.00196 -1E-06 0.000525
v -1.002029 -1E-06 -0
v -1.00196 -1E-06 -0.000525
v -1.001757 -1E-06 -0.001014
v -1.001435 -1E-06 -0.001435
v -1.001014 -1E-06 -0.001757
v -1.000525 -1E-06 -0.00196
v -1 -1E-06 -0.002029
v -0.999826 0.000747 -0.000649
v -0.999664 0.000747 -0.000582
v -0.999525 0.000747 -0.000475
v -0.998565 -1E-06 -0.001435
v -0.998243 -1E-06 -0.001014
v -0.99804 -1E-06 -0.000525
v -0.997971 -1E-06 -0
v -0.99804 -1E-06 0.000525
v -0.998243 -1E-06 0.001014
v -0.998565 -1E-06 0.001435
v -0.998986 -1E-06 0.001757
v -0.999475 -1E-06 0.00196
v -1 -1E-06 0.002029
v -1.000525 -1E-06 0.00196
v -1.001014 -1E-06 0.001757
v -1.001435 -1E-06 0.001435
v -1.001757 -1E-06 0.001014
v -0.998986 -1E-06 -0.001757
v -0.999475 -1E-06 -0.00196
vt 0.3759 0.4652
vt 0.3645 0.4793
vt 0.3785 0.4812
vt 0.3591 0.4765
vt 0.3677 0.4757
vt 0.3816 0.4777
vt 0.387 0.4804
vt 0.3568 0.5057
vt 0.3736 0.504
vt 0.3514 0.5029
vt 0.3628 0.4985
vt 0.378 0.5043
vt 0.3834 0.507
vt 0.3694 0.4956
vt 0.4331 0.5628
vt 0.436 0.5393
vt 0.4159 0.5387
vt 0.4131 0.5162
vt 0.4303 0.5181
vt 0.4504 0.5147
vt 0.4532 0.5372
vt 0.4081 0.4862
vt 0.4367 0.4941
vt 0.4046 0.4834
vt 0.4296 0.4885
vt 0.4582 0.4816
vt 0.4617 0.4845
vt 0.4331 0.5026
vt 0.4853 0.5366
vt 0.4834 0.5254
vt 0.4727 0.5244
vt 0.4748 0.5233
vt 0.4876 0.5233
vt 0.4983 0.5243
vt 0.4963 0.5254
vt 0.4688 0.5005
vt 0.4834 0.5045
vt 0.4713 0.4993
vt 0.4882 0.5022
vt 0.5033 0.4992
vt 0.5008 0.5004
vt 0.4854 0.5087
vt 0.5285 0.4993
vt 0.5204 0.5032
vt 0.5302 0.4936
vt 0.526 0.5012
vt 0.5397 0.4954
vt 0.5477 0.4936
vt 0.5421 0.4955
vt 0.5252 0.5397
vt 0.5343 0.5307
vt 0.5308 0.5377
vt 0.5454 0.5268
vt 0.5564 0.5287
vt 0.5509 0.5307
vt 0.5385 0.5196
vt 0.54 0.5229
vt 0.5331 0.5142
vt 0.5256 0.5118
vt 0.5308 0.5088
vt 0.5434 0.5082
vt 0.5509 0.5107
vt 0.5457 0.5137
vt 0.5204 0.4882
vt 0.5302 0.4941
vt 0.5255 0.4852
vt 0.5405 0.4881
vt 0.5493 0.4875
vt 0.5441 0.4904
vt 0.5361 0.4962
vt 0.7095 0.3473
vt 0.7116 0.3396
vt 0.6984 0.3481
vt 0.7122 0.3355
vt 0.71 0.3363
vt 0.7069 0.342
vt 0.7058 0.3504
vt 0.7386 0.3369
vt 0.7327 0.3496
vt 0.7351 0.3277
vt 0.7291 0.3281
vt 0.7265 0.3344
vt 0.7254 0.3519
vt 0.7712 0.3409
vt 0.7637 0.354
vt 0.7741 0.3325
vt 0.7668 0.3317
vt 0.7566 0.3395
vt 0.7548 0.3531
vt 0.8017 0.3491
vt 0.7984 0.3577
vt 0.8025 0.3433
vt 0.7984 0.3424
vt 0.7931 0.3468
vt 0.792 0.3552
vt 0.8125 0.3578
vt 0.7358 0.2996
vt 0.7382 0.3061
vt 0.7294 0.2993
vt 0.7385 0.3101
vt 0.7362 0.3099
vt 0.7327 0.3057
vt 0.7298 0.2991
vt 0.7522 0.3094
vt 0.7475 0.2983
vt 0.7529 0.3168
vt 0.748 0.3175
vt 0.7409 0.3113
vt 0.7363 0.3006
vt 0.7666 0.3084
vt 0.7617 0.2966
vt 0.7671 0.317
vt 0.7612 0.3189
vt 0.7531 0.3133
vt 0.7485 0.3027
vt 0.776 0.3046
vt 0.7736 0.2968
vt 0.7757 0.3105
vt 0.772 0.3123
vt 0.7672 0.3093
vt 0.7644 0.3027
vt 0.7754 0.2999
vt 0.7124 0.0692
vt 0.7177 0.071
vt 0.7168 0.0731
vt 0.7237 0.072
vt 0.7228 0.0733
vt 0.7282 0.07
vt 0.7372 0.0876
vt 0.7405 0.0908
vt 0.7391 0.0921
vt 0.7446 0.0936
vt 0.7434 0.0944
vt 0.7488 0.0937
vt 0.7177 0.1297
vt 0.7245 0.1368
vt 0.7211 0.1375
vt 0.7205 0.1403
vt 0.7183 0.1397
vt 0.7189 0.1436
vt 0.7165 0.1436
vt 0.7206 0.1481
vt 0.7199 0.1488
vt 0.7299 0.1534
vt 0.7352 0.1304
vt 0.738 0.1379
vt 0.736 0.139
vt 0.7411 0.1449
vt 0.7396 0.1452
vt 0.7468 0.1528
vt 0.7409 0.1197
vt 0.7442 0.1233
vt 0.7427 0.1249
vt 0.7479 0.1264
vt 0.7466 0.1273
vt 0.7537 0.1289
vt 0.7385 0.107
vt 0.743 0.1097
vt 0.7426 0.1082
vt 0.7449 0.107
vt 0.7444 0.1059
vt 0.7514 0.1115
vt 0.7059 0.1294
vt 0.6991 0.1397
vt 0.7021 0.1405
vt 0.7002 0.1461
vt 0.7026 0.146
vt 0.7044 0.1509
vt 0.7054 0.1491
vt 0.7116 0.1531
vt 0.692 0.1318
vt 0.6868 0.138
vt 0.6877 0.1386
vt 0.6861 0.144
vt 0.687 0.1441
vt 0.6784 0.1524
vt 0.6871 0.1102
vt 0.684 0.1219
vt 0.686 0.122
vt 0.6799 0.1288
vt 0.6812 0.1301
vt 0.6738 0.1295
vt 0.6914 0.0895
vt 0.686 0.0965
vt 0.6866 0.0977
vt 0.6799 0.1
vt 0.6807 0.1018
vt 0.6743 0.101
vt 0.6876 0.0712
vt 0.6817 0.0748
vt 0.6817 0.0759
vt 0.6765 0.0743
vt 0.6762 0.076
vt 0.672 0.0725
vt 0.6995 0.1112
vt 0.696 0.1152
vt 0.6966 0.1168
vt 0.6956 0.1167
vt 0.6961 0.1181
vt 0.6952 0.1142
vt 0.7508 0.0694
vt 0.7471 0.0703
vt 0.7472 0.0728
vt 0.7483 0.0689
vt 0.7488 0.0706
vt 0.75 0.0634
vt 0.2288 0.1645
vt 0.2117 0.1546
vt 0.2046 0.1886
vt 0.2243 0.1912
vt 0.2428 0.1705
vt 0.2315 0.1353
vt 0.2164 0.1266
vt 0.2539 0.1407
vt 0.2687 0.1725
vt 0.2521 0.1871
vt 0.2686 0.1926
vt 0.2855 0.1706
vt 0.2856 0.2062
vt 0.276 0.1432
vt 0.2871 0.1401
vt 0.2378 0.1037
vt 0.222 0.0989
vt 0.2585 0.1085
vt 0.2808 0.1112
vt 0.2904 0.1103
vt 0.2443 0.0729
vt 0.2296 0.0683
vt 0.2631 0.0777
vt 0.2845 0.0936
vt 0.2957 0.0955
vt 0.2428 0.0275
vt 0.2243 0.0326
vt 0.2673 0.066
vt 0.286 0.0738
vt 0.3031 0.0888
vt 0.3107 0.0836
vt 0.2747 0.0256
vt 0.3102 0.0607
vt 0.3086 0.0725
vt 0.3318 0.08
vt 0.3179 0.0883
vt 0.3249 0.0974
vt 0.3366 0.0932
vt 0.3331 0.1195
vt 0.3413 0.1199
vt 0.3374 0.145
vt 0.3456 0.1454
vt 0.3407 0.174
vt 0.3489 0.1713
vt 0.3417 0.206
vt 0.3499 0.2003
vt 0.3688 0.168
vt 0.3698 0.1935
vt 0.3865 0.1636
vt 0.3868 0.1891
vt 0.4003 0.1597
vt 0.4027 0.1912
vt 0.3655 0.1425
vt 0.3858 0.1382
vt 0.3974 0.1348
vt 0.361 0.117
vt 0.3797 0.1127
vt 0.3899 0.1094
vt 0.3744 0.0846
vt 0.3567 0.09
vt 0.3863 0.0812
vt 0.3526 0.0672
vt 0.368 0.0299
vt 0.3875 0.0327
vt 0.3109 0.025
vt 0.3441 0.0267
vt 0.2779 0.3222
vt 0.2678 0.3175
vt 0.2709 0.2962
vt 0.2737 0.3545
vt 0.2629 0.3484
vt 0.3007 0.3603
vt 0.3063 0.3312
vt 0.2815 0.2929
vt 0.3282 0.3628
vt 0.3321 0.3336
vt 0.3386 0.3602
vt 0.3463 0.3298
vt 0.3405 0.3041
vt 0.333 0.3126
vt 0.3275 0.2976
vt 0.3097 0.2968
vt 0.3517 0.2994
vt 0.2694 0.3851
vt 0.2589 0.3807
vt 0.2954 0.3904
vt 0.3203 0.3933
vt 0.3297 0.3922
vt 0.2651 0.415
vt 0.255 0.4009
vt 0.2897 0.422
vt 0.3122 0.4255
vt 0.32 0.4261
vt 0.261 0.4338
vt 0.2483 0.4173
vt 0.2676 0.4571
vt 0.3084 0.4607
vt 0.3177 0.4655
vt 0.2351 0.4206
vt 0.2353 0.4325
vt 0.2101 0.4348
vt 0.2028 0.4564
vt 0.181 0.4093
vt 0.1601 0.4126
vt 0.1535 0.3821
vt 0.1415 0.3817
vt 0.1327 0.3541
vt 0.1464 0.3545
vt 0.1347 0.3265
vt 0.1455 0.3254
vt 0.1342 0.2931
vt 0.1451 0.2907
vt 0.1665 0.3205
vt 0.1653 0.2854
vt 0.1899 0.3154
vt 0.1887 0.2807
vt 0.2033 0.3115
vt 0.2028 0.2771
vt 0.1703 0.3514
vt 0.1938 0.3467
vt 0.2064 0.3433
vt 0.1756 0.379
vt 0.1988 0.3743
vt 0.2086 0.3707
vt 0.2044 0.4042
vt 0.2144 0.3996
vt 0.2223 0.4166
vt 0.1915 0.2567
vt 0.1712 0.2614
vt 0.1431 0.2668
vt 0.1538 0.2403
vt 0.1359 0.2525
vt 0.179 0.2319
vt 0.2005 0.2531
vt 0.1916 0.2273
vt 0.1239 0.2441
vt 0.1379 0.2243
vt 0.1651 0.2143
vt 0.1806 0.2099
vt 0.1062 0.1587
vt 0.0721 0.1617
vt 0.0997 0.2291
vt 0.145 0.1576
vt 0.1665 0.1553
vt 0.0501 0.0981
vt 0.1025 0.1253
vt 0.145 0.1248
vt 0.1695 0.1186
vt 0.0532 0.0852
vt 0.1018 0.1067
vt 0.1423 0.1112
vt 0.1674 0.1009
vt 0.0563 0.0795
vt 0.1014 0.094
vt 0.1409 0.0957
vt 0.1639 0.0823
vt 0.0679 0.2035
vt 0.0156 0.0843
vt 0.0407 0.1479
vt 0.0217 0.0727
vt 0.0128 0.0575
vt 0.1874 0.0869
vt 0.1852 0.1131
vt 0.1733 0.0743
vt 0.054 0.0517
vt 0.1048 0.0687
vt 0.1356 0.0725
vt 0.1545 0.0655
vt 0.1641 0.0511
vt 0.1828 0.1523
vt 0.19 0.2078
vt 0.1988 0.228
vt 0.0174 0.0372
vt 0.1339 0.4122
vt 0.1687 0.4596
vt 0.1402 0.4674
vt 0.2352 0.4559
vt 0.4695 0.3224
vt 0.4806 0.3122
vt 0.4367 0.2703
vt 0.4496 0.2615
vt 0.5064 0.3763
vt 0.4966 0.3887
vt 0.509 0.3948
vt 0.4967 0.404
vt 0.5101 0.4134
vt 0.4931 0.4214
vt 0.5049 0.4276
vt 0.4951 0.4441
vt 0.4096 0.2665
vt 0.436 0.3302
vt 0.4583 0.3889
vt 0.4549 0.4034
vt 0.4566 0.4262
vt 0.4555 0.4453
vt 0.3933 0.3285
vt 0.3804 0.2647
vt 0.3969 0.3908
vt 0.4013 0.405
vt 0.4027 0.4182
vt 0.3979 0.4264
vt 0.3708 0.4148
vt 0.3669 0.3992
vt 0.3642 0.3797
vt 0.3652 0.3657
vt 0.37 0.3199
vt 0.3654 0.2648
vt 0.3728 0.2423
vt 0.3892 0.2365
vt 0.4143 0.2374
vt 0.3576 0.2466
vt 0.4 0.2166
vt 0.3838 0.2188
vt 0.3628 0.2222
vt 0.4098 0.2209
vt 0.407 0.2073
vt 0.3409 0.2282
vt 0.1278 0.2734
vt 0.1172 0.2646
vt 0.0878 0.2487
vt 0.2287 0.2149
vt 0.2089 0.2077
vt 0.2388 0.1875
vt 0.2452 0.209
vt 0.2621 0.217
vt 0.2776 0.2128
vt 0.3446 0.2534
vt 0.3456 0.2752
vt 0.3285 0.2544
vt 0.3311 0.2753
vt 0.3184 0.255
vt 0.3208 0.2759
vt 0.306 0.2553
vt 0.3092 0.2778
vt 0.2962 0.2545
vt 0.2954 0.2778
vt 0.2788 0.2532
vt 0.2805 0.276
vt 0.258 0.2725
vt 0.261 0.2521
vt 0.246 0.2504
vt 0.2441 0.2698
vt 0.9821 0.4897
vt 0.9861 0.4884
vt 0.9798 0.5016
vt 0.9906 0.4756
vt 0.9802 0.4746
vt 0.9871 0.4755
vt 0.9792 0.4977
vt 0.9778 0.4872
vt 0.9703 0.4715
vt 0.9913 0.4623
vt 0.9747 0.5071
vt 0.9958 0.4661
vt 0.9921 0.4618
vt 0.9937 0.4656
vt 0.9887 0.4578
vt 0.9663 0.4563
vt 0.9799 0.4306
vt 0.9908 0.4526
vt 0.9862 0.4315
vt 0.9747 0.4113
vt 0.9766 0.4119
vt 0.9847 0.4307
vt 0.9761 0.4119
vt 0.9706 0.4299
vt 0.9675 0.4104
vt 0.9711 0.4039
vt 0.9705 0.4042
vt 0.966 0.3944
vt 0.9914 0.4526
vt 0.9894 0.457
vt 0.9694 0.4296
vt 0.965 0.456
vt 0.969 0.4712
vt 0.9662 0.4106
vt 0.9647 0.3941
vt 0.9767 0.4862
vt 0.9332 0.7031
vt 0.9274 0.7063
vt 0.9304 0.6919
vt 0.9263 0.7146
vt 0.9275 0.7082
vt 0.92 0.7112
vt 0.9199 0.7171
vt 0.9307 0.6912
vt 0.931 0.7024
vt 0.9309 0.6785
vt 0.926 0.708
vt 0.9199 0.7103
vt 0.9122 0.7126
vt 0.9121 0.7198
vt 0.9121 0.7116
vt 0.9344 0.6985
vt 0.9308 0.7001
vt 0.9124 0.7017
vt 0.9256 0.7006
vt 0.9213 0.6748
vt 0.9304 0.681
vt 0.9312 0.6722
vt 0.9126 0.668
vt 0.9212 0.6514
vt 0.931 0.6527
vt 0.9127 0.6529
vt 0.9338 0.6249
vt 0.9221 0.6247
vt 0.9128 0.625
vt 0.9403 0.6819
vt 0.9432 0.6848
vt 0.9362 0.6943
vt 0.9418 0.688
vt 0.9369 0.6855
vt 0.949 0.6714
vt 0.9451 0.6621
vt 0.9473 0.6738
vt 0.9395 0.6697
vt 0.9294 0.5866
vt 0.9638 0.6458
vt 0.9617 0.6508
vt 0.9401 0.674
vt 0.9416 0.6709
vt 0.9558 0.646
vt 0.9636 0.6506
vt 0.9644 0.6411
vt 0.9572 0.6476
vt 0.9688 0.6377
vt 0.9582 0.6426
vt 0.9374 0.6634
vt 0.9526 0.642
vt 0.9522 0.6414
vt 0.9552 0.6377
vt 0.9674 0.624
vt 0.9612 0.6176
vt 0.9821 0.5913
vt 0.9732 0.6286
vt 0.9876 0.5926
vt 0.9766 0.6259
vt 0.9905 0.5889
vt 0.9678 0.6215
vt 0.9668 0.6276
vt 0.9658 0.6358
vt 0.9853 0.5789
vt 0.9921 0.59
vt 0.9871 0.578
vt 0.9891 0.5937
vt 0.9827 0.5927
vt 0.9978 0.5765
vt 0.9924 0.5665
vt 0.9959 0.5821
vt 0.9888 0.5798
vt 0.9608 0.6162
vt 0.9621 0.6225
vt 0.9793 0.5713
vt 0.9739 0.5868
vt 0.9783 0.573
vt 0.9749 0.5856
vt 0.9569 0.6094
vt 0.97 0.5801
vt 0.9683 0.5811
vt 0.9697 0.5658
vt 0.9497 0.6295
vt 0.955 0.6039
vt 0.9675 0.5722
vt 0.9643 0.5705
vt 0.9675 0.5568
vt 0.9709 0.5688
vt 0.9543 0.605
vt 0.9554 0.622
vt 0.95 0.6212
vt 0.9696 0.5665
vt 0.9804 0.5702
vt 0.9858 0.5577
vt 0.977 0.5537
vt 0.9469 0.6214
vt 0.9491 0.6236
vt 0.9477 0.6312
vt 0.9477 0.6324
vt 0.9364 0.6544
vt 0.9469 0.6247
vt 0.9381 0.6419
vt 0.9481 0.6243
vt 0.9427 0.6394
vt 0.9502 0.6324
vt 0.9517 0.6269
vt 0.9474 0.6403
vt 0.9518 0.6428
vt 0.954 0.6391
vt 0.9409 0.6585
vt 0.9587 0.6425
vt 0.9634 0.6413
vt 0.9422 0.6419
vt 0.9382 0.6452
vt 0.9343 0.6577
vt 0.9361 0.6655
vt 0.9387 0.6573
vt 0.937 0.6677
vt 0.9372 0.648
vt 0.9412 0.6233
vt 0.9361 0.5855
vt 0.94 0.5868
vt 0.9422 0.619
vt 0.9422 0.5868
vt 0.9359 0.6361
vt 0.9396 0.6058
vt 0.9428 0.5847
vt 0.943 0.583
vt 0.9425 0.5797
vt 0.9297 0.6298
vt 0.9345 0.5952
vt 0.9382 0.5675
vt 0.9255 0.6087
vt 0.9208 0.5872
vt 0.9229 0.5987
vt 0.9269 0.5509
vt 0.933 0.6533
vt 0.9342 0.6668
vt 0.9333 0.6635
vt 0.932 0.6586
vt 0.9256 0.5502
vt 0.9202 0.5864
vt 0.9411 0.5515
vt 0.9275 0.5375
vt 0.9269 0.5381
vt 0.9392 0.5526
vt 0.9436 0.5606
vt 0.9432 0.5662
vt 0.9364 0.5673
vt 0.9376 0.5886
vt 0.9409 0.5654
vt 0.9474 0.5641
vt 0.9448 0.5694
vt 0.945 0.5635
vt 0.947 0.5698
vt 0.9467 0.5645
vt 0.9449 0.575
vt 0.9451 0.5688
vt 0.9426 0.5677
vt 0.9386 0.5669
vt 0.932 0.567
vt 0.9202 0.5868
vt 0.9129 0.588
vt 0.9215 0.567
vt 0.9129 0.5677
vt 0.9309 0.5668
vt 0.9214 0.5667
vt 0.9406 0.5674
vt 0.937 0.5666
vt 0.9429 0.5684
vt 0.9426 0.5746
vt 0.9444 0.564
vt 0.9129 0.5673
vt 0.9289 0.5802
vt 0.9196 0.5801
vt 0.9367 0.5808
vt 0.9348 0.58
vt 0.9402 0.5872
vt 0.9383 0.5863
vt 0.912 0.5807
vt 0.9045 0.5666
vt 0.9044 0.5669
vt 0.9056 0.5867
vt 0.9036 0.6246
vt 0.9043 0.6513
vt 0.9039 0.6747
vt 0.8991 0.7005
vt 0.9043 0.7102
vt 0.9043 0.7111
vt 0.8982 0.7078
vt 0.8966 0.708
vt 0.8977 0.7144
vt 0.8909 0.7029
vt 0.8965 0.7061
vt 0.8934 0.6917
vt 0.9042 0.7171
vt 0.8932 0.691
vt 0.8931 0.7022
vt 0.8929 0.6782
vt 0.89 0.6983
vt 0.8937 0.6999
vt 0.888 0.6941
vt 0.8871 0.6852
vt 0.899 0.7115
vt 0.9044 0.7155
vt 0.9121 0.7184
vt 0.9197 0.7156
vt 0.9249 0.7116
vt 0.8845 0.6816
vt 0.8812 0.6845
vt 0.8823 0.6877
vt 0.8756 0.671
vt 0.8798 0.6618
vt 0.8768 0.6734
vt 0.8855 0.6694
vt 0.8607 0.6452
vt 0.8624 0.6502
vt 0.8824 0.6706
vt 0.8681 0.6455
vt 0.8603 0.6501
vt 0.8575 0.6442
vt 0.8662 0.6359
vt 0.8699 0.6438
vt 0.864 0.6318
vt 0.8666 0.6471
vt 0.8568 0.6402
vt 0.8602 0.6453
vt 0.8656 0.6421
vt 0.8704 0.6306
vt 0.8685 0.6262
vt 0.8614 0.6107
vt 0.8555 0.6179
vt 0.8476 0.6252
vt 0.8335 0.5881
vt 0.8391 0.5781
vt 0.836 0.5918
vt 0.8506 0.6279
vt 0.8413 0.5906
vt 0.8562 0.6234
vt 0.832 0.5892
vt 0.8374 0.5772
vt 0.8345 0.5929
vt 0.8406 0.5919
vt 0.8263 0.5756
vt 0.832 0.5656
vt 0.8276 0.5812
vt 0.8344 0.5789
vt 0.8452 0.5705
vt 0.8625 0.6171
vt 0.8686 0.6373
vt 0.8485 0.5849
vt 0.8494 0.5861
vt 0.845 0.5722
vt 0.8669 0.609
vt 0.8536 0.5795
vt 0.8552 0.5804
vt 0.8538 0.5652
vt 0.8742 0.6291
vt 0.8693 0.6035
vt 0.8565 0.5716
vt 0.8597 0.5699
vt 0.8565 0.5562
vt 0.8534 0.5682
vt 0.8702 0.6045
vt 0.8748 0.6208
vt 0.8548 0.5659
vt 0.8442 0.5695
vt 0.8387 0.5569
vt 0.8474 0.553
vt 0.8775 0.6211
vt 0.8751 0.6232
vt 0.8762 0.6308
vt 0.8763 0.632
vt 0.8716 0.641
vt 0.8713 0.6416
vt 0.8866 0.6631
vt 0.8878 0.6542
vt 0.8775 0.6243
vt 0.8864 0.6416
vt 0.8767 0.6239
vt 0.8753 0.64
vt 0.884 0.6582
vt 0.882 0.639
vt 0.8863 0.6449
vt 0.8899 0.6574
vt 0.888 0.6652
vt 0.8839 0.6737
vt 0.8862 0.657
vt 0.888 0.6674
vt 0.894 0.672
vt 0.8943 0.6525
vt 0.8946 0.6808
vt 0.8917 0.6247
vt 0.8894 0.6826
vt 0.8963 0.5864
vt 0.8878 0.6478
vt 0.884 0.623
vt 0.8895 0.5853
vt 0.8853 0.5865
vt 0.8827 0.6187
vt 0.8831 0.5865
vt 0.8883 0.6359
vt 0.8849 0.6055
vt 0.8823 0.5843
vt 0.8819 0.5826
vt 0.8822 0.5794
vt 0.894 0.6296
vt 0.8897 0.595
vt 0.886 0.5672
vt 0.8983 0.6085
vt 0.9033 0.5871
vt 0.9011 0.5986
vt 0.8973 0.5508
vt 0.8908 0.6531
vt 0.8897 0.6666
vt 0.8905 0.6633
vt 0.8918 0.6584
vt 0.8987 0.5501
vt 0.9039 0.5864
vt 0.8834 0.5512
vt 0.8787 0.564
vt 0.8784 0.5674
vt 0.8789 0.5683
vt 0.8804 0.5685
vt 0.883 0.5674
vt 0.8871 0.5666
vt 0.8939 0.5668
vt 0.8949 0.5666
vt 0.8849 0.5671
vt 0.8887 0.5664
vt 0.8813 0.5679
vt 0.8808 0.5671
vt 0.8826 0.5681
vt 0.8968 0.58
vt 0.9062 0.58
vt 0.8872 0.5804
vt 0.8908 0.5798
vt 0.885 0.5869
vt 0.8852 0.5865
vt 0.8872 0.5883
vt 0.8811 0.564
vt 0.8853 0.5523
vt 0.8975 0.538
vt 0.8968 0.5373
vt 0.888 0.5671
vt 0.8871 0.5861
vt 0.9355 0.6828
vt 0.767 0.9114
vt 0.7814 0.9256
vt 0.7659 0.9177
vt 0.7855 0.9004
vt 0.7664 0.8947
vt 0.797 0.9199
vt 0.809 0.9039
vt 0.8044 0.8904
vt 0.7921 0.8772
vt 0.7744 0.8793
vt 0.7747 0.8609
vt 0.7617 0.907
vt 0.9369 0.6552
vt 0.8074 0.4441
vt 0.831 0.4441
vt 0.8074 0.4586
vt 0.8365 0.4586
vt 0.8371 0.4191
vt 0.8074 0.4191
vt 0.8327 0.401
vt 0.8074 0.4003
vt 0.8306 0.3853
vt 0.8073 0.3851
vt 0.8074 0.4728
vt 0.8472 0.4728
vt 0.8256 0.468
vt 0.829 0.4696
vt 0.8314 0.4615
vt 0.8324 0.4696
vt 0.8487 0.4738
vt 0.8541 0.4841
vt 0.8549 0.4923
vt 0.8508 0.4838
vt 0.8473 0.4993
vt 0.8444 0.4927
vt 0.8293 0.497
vt 0.8312 0.5051
vt 0.8074 0.5002
vt 0.8074 0.5071
vt 0.8382 0.4751
vt 0.8348 0.4751
vt 0.8074 0.4883
vt 0.8074 0.4806
vt 0.8074 0.4971
vt 0.7836 0.5051
vt 0.7854 0.497
vt 0.7674 0.4993
vt 0.7703 0.4927
vt 0.764 0.4838
vt 0.7598 0.4923
vt 0.766 0.4738
vt 0.7606 0.4841
vt 0.7824 0.4696
vt 0.7833 0.4615
vt 0.7765 0.4751
vt 0.7857 0.4696
vt 0.7891 0.468
vt 0.7799 0.4751
vt 0.7675 0.4728
vt 0.7782 0.4586
vt 0.7838 0.4441
vt 0.7776 0.4191
vt 0.7821 0.401
vt 0.7841 0.3853
vt 0.7804 0.3807
vt 0.8075 0.3805
vt 0.8346 0.381
vt 0.8687 0.3823
vt 0.7459 0.3819
vt 0.9411 0.5594
vt 0.9912 0.5667
vt 0.9958 0.5753
vt 0.9942 0.5801
vt 0.9881 0.5781
vt 0.9791 0.5723
vt 0.9717 0.5661
vt 0.9855 0.5591
vt 0.9698 0.5584
vt 0.9779 0.5557
vt 0.9812 0.5778
vt 0.9821 0.5781
vt 0.9823 0.5775
vt 0.9816 0.5763
vt 0.9809 0.5753
vt 0.9787 0.5752
vt 0.9798 0.5748
vt 0.98 0.577
vt 0.979 0.5762
vt 0.9636 0.6418
vt 0.9626 0.6416
vt 0.9648 0.6356
vt 0.9631 0.635
vt 0.9641 0.6352
vt 0.9649 0.6298
vt 0.9615 0.6224
vt 0.9639 0.6296
vt 0.9605 0.6222
vt 0.961 0.6223
vt 0.9634 0.6297
vt 0.0928 0.3713
vt 0.0514 0.372
vt 0.0516 0.3207
vt 0.0514 0.4388
vt 0.0106 0.372
vt 0.0238 0.4388
vt 0.079 0.4388
vt 0.0514 0.5053
vt 0.0638 0.5053
vt 0.039 0.5053
vt 0.0514 0.5302
vt 0.0738 0.5302
vt 0.029 0.5302
vt 0.9162 0.5016
vt 0.9098 0.4884
vt 0.9139 0.4897
vt 0.9054 0.4756
vt 0.9157 0.4746
vt 0.9088 0.4755
vt 0.9167 0.4977
vt 0.9182 0.4872
vt 0.9257 0.4715
vt 0.9046 0.4623
vt 0.9213 0.5071
vt 0.9002 0.4661
vt 0.9039 0.4618
vt 0.9022 0.4656
vt 0.9073 0.4578
vt 0.9297 0.4563
vt 0.9161 0.4306
vt 0.9052 0.4526
vt 0.9097 0.4315
vt 0.9212 0.4113
vt 0.9194 0.4119
vt 0.9112 0.4307
vt 0.9199 0.4119
vt 0.9254 0.4299
vt 0.9284 0.4104
vt 0.9248 0.4039
vt 0.9255 0.4042
vt 0.9299 0.3944
vt 0.9045 0.4526
vt 0.9065 0.457
vt 0.9265 0.4296
vt 0.931 0.456
vt 0.927 0.4712
vt 0.9297 0.4106
vt 0.9312 0.3941
vt 0.9193 0.4862
vt 0.8826 0.6416
vt 0.888 0.6549
vt 0.9137 0.5807
vt 0.8282 0.5744
vt 0.8332 0.5658
vt 0.8294 0.5792
vt 0.8353 0.5773
vt 0.8443 0.5715
vt 0.8519 0.5654
vt 0.8389 0.5583
vt 0.8542 0.5577
vt 0.8464 0.555
vt 0.8419 0.5774
vt 0.8417 0.5767
vt 0.8424 0.5755
vt 0.8449 0.5755
vt 0.8439 0.5763
vt 0.8427 0.5771
vt 0.8432 0.5745
vt 0.8442 0.5741
vt 0.8452 0.5744
vt 0.788 0.2451
vt 0.7758 0.242
vt 0.7888 0.2208
vt 0.7668 0.2331
vt 0.7635 0.221
vt 0.7666 0.2087
vt 0.7755 0.1997
vt 0.7876 0.1964
vt 0.7998 0.1995
vt 0.8022 0.2093
vt 0.8056 0.2215
vt 0.8024 0.2337
vt 0.8002 0.2418
vt 0.7602 0.2632
vt 0.7856 0.263
vt 0.7446 0.2479
vt 0.7431 0.2211
vt 0.7486 0.1999
vt 0.7639 0.1844
vt 0.7849 0.1786
vt 0.7995 0.185
vt 0.815 0.2003
vt 0.8209 0.2214
vt 0.8154 0.2425
vt 0.8001 0.2581
vt 0.7552 0.2678
vt 0.7806 0.2694
vt 0.7372 0.2501
vt 0.7322 0.2211
vt 0.7395 0.1967
vt 0.7571 0.1789
vt 0.7818 0.1725
vt 0.799 0.1795
vt 0.8172 0.197
vt 0.8224 0.2213
vt 0.8174 0.2457
vt 0.7987 0.2637
vt 0.7533 0.2632
vt 0.7783 0.263
vt 0.7394 0.2468
vt 0.7362 0.2211
vt 0.7417 0.1999
vt 0.7577 0.1847
vt 0.7799 0.1791
vt 0.8 0.1844
vt 0.8078 0.2003
vt 0.8125 0.2214
vt 0.8081 0.2425
vt 0.7994 0.2571
vt 0.7595 0.2477
vt 0.776 0.2451
vt 0.7549 0.2331
vt 0.7515 0.221
vt 0.7547 0.2087
vt 0.7637 0.1998
vt 0.776 0.1965
vt 0.7879 0.1996
vt 0.7968 0.2084
vt 0.8002 0.2206
vt 0.797 0.2328
vt 0.7882 0.2418
vt 0.7749 0.2208
vt 0.8088 0.2084
vt 0.8122 0.2206
vt 0.809 0.2328
vt 0.7645 0.2575
vt 0.7489 0.2422
vt 0.8061 0.184
vt 0.8216 0.1993
vt 0.8275 0.2204
vt 0.822 0.2416
vt 0.8067 0.2572
vt 0.7578 0.2632
vt 0.7399 0.2455
vt 0.8056 0.1785
vt 0.8238 0.196
vt 0.829 0.2204
vt 0.824 0.2448
vt 0.8053 0.2628
vt 0.7576 0.2575
vt 0.742 0.2422
vt 0.8144 0.1993
vt 0.8191 0.2204
vt 0.8147 0.2416
vt 0.7638 0.242
vt 0.4434 0.3357
vt 0.4568 0.3034
vt 0.4533 0.3439
vt 0.4704 0.3127
vt 0.4433 0.3484
vt 0.4565 0.319
vt 0.4278 0.332
vt 0.4516 0.3322
vt 0.4369 0.3482
vt 0.4435 0.3132
vt 0.4175 0.3435
vt 0.4205 0.3121
vt 0.4029 0.3431
vt 0.3912 0.3065
vt 0.4201 0.3326
vt 0.424 0.2969
vt 0.3894 0.2995
vt 0.3953 0.3345
vt 0.3724 0.2989
vt 0.3831 0.334
vt 0.388 0.3432
vt 0.4184 0.3739
vt 0.5943 0.1228
vt 0.6047 0.1393
vt 0.5195 0.1184
vt 0.5256 0.138
vt 0.4747 0.1709
vt 0.4655 0.1387
vt 0.6439 0.1596
vt 0.6436 0.135
vt 0.4378 0.1824
vt 0.4544 0.2075
vt 0.539 0.1546
vt 0.6059 0.1619
vt 0.4837 0.1933
vt 0.6504 0.1791
vt 0.4657 0.2368
vt 0.6069 0.1773
vt 0.5448 0.1728
vt 0.4906 0.218
vt 0.6547 0.2082
vt 0.4852 0.2474
vt 0.6027 0.1921
vt 0.5599 0.1901
vt 0.658 0.2526
vt 0.5982 0.2047
vt 0.5619 0.2038
vt 0.6366 0.2569
vt 0.5316 0.198
vt 0.5119 0.2133
vt 0.5084 0.2494
vt 0.707 0.2589
vt 0.5905 0.2196
vt 0.5625 0.2167
vt 0.6209 0.2582
vt 0.5398 0.2137
vt 0.5238 0.228
vt 0.5287 0.2504
vt 0.5815 0.2324
vt 0.5634 0.2311
vt 0.6065 0.2588
vt 0.5452 0.2273
vt 0.5385 0.2389
vt 0.5407 0.256
vt 0.5777 0.2495
vt 0.567 0.2447
vt 0.5877 0.2561
vt 0.557 0.2452
vt 0.5567 0.2534
vt 0.5583 0.2628
vt 0.5076 0.0074
vt 0.5036 0.026
vt 0.4632 0.0062
vt 0.4572 0.0213
vt 0.5695 0.0095
vt 0.5755 0.028
vt 0.6493 0.0321
vt 0.6566 0.0154
vt 0.5073 0.0414
vt 0.4494 0.0442
vt 0.5792 0.0423
vt 0.6507 0.0458
vt 0.4448 0.0632
vt 0.5057 0.057
vt 0.5817 0.059
vt 0.649 0.0564
vt 0.5012 0.0773
vt 0.4405 0.0831
vt 0.515 0.0648
vt 0.6472 0.0663
vt 0.4828 0.0927
vt 0.4593 0.1158
vt 0.437 0.1075
vt 0.5011 0.102
vt 0.4935 0.1182
vt 0.5459 0.0787
vt 0.5151 0.0884
vt 0.5865 0.0718
vt 0.6399 0.073
vt 0.5319 0.1049
vt 0.5357 0.1141
vt 0.5678 0.0895
vt 0.5335 0.0949
vt 0.5798 0.0813
vt 0.63 0.0799
vt 0.5865 0.1067
vt 0.5802 0.1164
vt 0.5977 0.093
vt 0.5907 0.0991
vt 0.608 0.0889
vt 0.6177 0.0851
vt 0.6511 0.3247
vt 0.6556 0.2928
vt 0.6593 0.324
vt 0.6634 0.2917
vt 0.6666 0.3218
vt 0.6698 0.2884
vt 0.6454 0.2936
vt 0.6389 0.3277
vt 0.6363 0.2928
vt 0.6286 0.3281
vt 0.6271 0.2898
vt 0.6182 0.3287
vt 0.6588 0.3532
vt 0.6501 0.3505
vt 0.6666 0.3552
vt 0.6352 0.3512
vt 0.6228 0.3519
vt 0.6147 0.3516
vt 0.6464 0.3858
vt 0.6379 0.3869
vt 0.655 0.3863
vt 0.6298 0.3866
vt 0.6205 0.3864
vt 0.6129 0.381
vt 0.6367 0.3932
vt 0.6299 0.3933
vt 0.621 0.3941
vt 0.6145 0.3951
vt 0.6378 0.4014
vt 0.6303 0.4037
vt 0.6219 0.4044
vt 0.6148 0.402
vt 0.6415 0.3927
vt 0.6438 0.4012
vt 0.6479 0.3965
vt 0.6486 0.4031
vt 0.6393 0.4072
vt 0.6312 0.409
vt 0.6233 0.4102
vt 0.615 0.4099
vt 0.6338 0.4152
vt 0.6417 0.413
vt 0.6254 0.4154
vt 0.6164 0.4161
vt 0.6486 0.4104
vt 0.6471 0.4461
vt 0.6369 0.448
vt 0.6263 0.4476
vt 0.621 0.4454
vt 0.6533 0.443
vt 0.6491 0.4741
vt 0.639 0.4761
vt 0.6283 0.4757
vt 0.6189 0.4743
vt 0.6602 0.4701
vt 0.5361 0.3225
vt 0.5322 0.2895
vt 0.5454 0.3217
vt 0.5438 0.2891
vt 0.5524 0.3175
vt 0.5503 0.289
vt 0.5633 0.3209
vt 0.5583 0.289
vt 0.5713 0.3228
vt 0.5665 0.2881
vt 0.5789 0.3251
vt 0.5738 0.2899
vt 0.5471 0.3591
vt 0.5396 0.3583
vt 0.5699 0.3592
vt 0.5571 0.3598
vt 0.5834 0.3582
vt 0.5902 0.3565
vt 0.5535 0.3843
vt 0.5477 0.382
vt 0.5742 0.3865
vt 0.5642 0.3863
vt 0.5806 0.3851
vt 0.5894 0.3842
vt 0.5742 0.4022
vt 0.5644 0.4014
vt 0.5821 0.3936
vt 0.5556 0.3957
vt 0.5496 0.3922
vt 0.5496 0.401
vt 0.5894 0.3925
vt 0.5891 0.4011
vt 0.5739 0.4103
vt 0.5639 0.4091
vt 0.5491 0.4141
vt 0.5891 0.4076
vt 0.5867 0.4155
vt 0.5731 0.4378
vt 0.5596 0.4376
vt 0.5492 0.4396
vt 0.5839 0.4422
vt 0.5712 0.4655
vt 0.5577 0.4653
vt 0.5449 0.4682
vt 0.5817 0.4698
vt 0.8785 0.2371
vt 0.8879 0.1992
vt 0.8557 0.2157
vt 0.8533 0.238
vt 0.8371 0.2178
vt 0.8515 0.1898
vt 0.8373 0.1975
vt 0.8364 0.2409
vt 0.8493 0.2788
vt 0.8393 0.2791
vt 0.8736 0.3263
vt 0.8799 0.3149
vt 0.8603 0.274
vt 0.9115 0.3196
vt 0.9137 0.3327
vt 0.8694 0.3332
vt 0.9143 0.3484
vt 0.9337 0.3212
vt 0.9439 0.3018
vt 0.9578 0.3174
vt 0.9557 0.2618
vt 0.9393 0.2541
vt 0.9692 0.2632
vt 0.9344 0.2268
vt 0.9158 0.2249
vt 0.9113 0.1897
vt 0.9342 0.2019
vt 0.9551 0.2319
vt 0.9591 0.21
vt 0.9278 0.1841
vt 0.9278 0.1657
vt 0.9549 0.1577
vt 0.9449 0.1423
vt 0.9529 0.1212
vt 0.9329 0.1113
vt 0.939 0.0909
vt 0.9058 0.0746
vt 0.9069 0.0949
vt 0.8667 0.0744
vt 0.872 0.0914
vt 0.8729 0.1206
vt 0.8468 0.1075
vt 0.8333 0.0905
vt 0.8171 0.1271
vt 0.8363 0.1332
vt 0.9099 0.1251
vt 0.9187 0.1452
vt 0.8784 0.1532
vt 0.8832 0.1747
vt 0.8368 0.1571
vt 0.8503 0.1484
vt 0.8459 0.1762
vt 0.8769 0.1362
vt 0.8343 0.1693
vt 0.8426 0.0329
vt 0.8231 0.0372
vt 0.822 0.0382
vt 0.8421 0.0331
vt 0.8137 0.0388
vt 0.8185 0.0285
vt 0.8407 0.0259
vt 0.8686 0.0247
vt 0.8111 0.0393
vt 0.8159 0.0358
vt 0.808 0.0295
vt 0.8112 0.0369
vt 0.8254 0.0332
vt 0.8232 0.0337
vt 0.8226 0.0257
vt 0.8381 0.0241
vt 0.8097 0.0277
vt 0.8556 0.0236
vt 0.8842 0.0243
vt 0.8552 0.0304
vt 0.8377 0.0322
vt 0.838 0.0316
vt 0.8553 0.0304
vt 0.8853 0.03
vt 0.8827 0.0297
vt 0.91 0.0317
vt 0.9098 0.0312
vt 0.9365 0.0332
vt 0.9097 0.0291
vt 0.9406 0.0337
vt 0.9482 0.0339
vt 0.9371 0.0257
vt 0.952 0.0343
vt 0.9421 0.0335
vt 0.9524 0.0279
vt 0.9468 0.0338
vt 0.9165 0.0327
vt 0.909 0.0256
vt 0.9191 0.0258
vt 0.9191 0.0288
vt 0.9477 0.0274
vt 0.9189 0.0327
vt 0.8984 0.0321
vt 0.9003 0.028
vt 0.9001 0.0317
vt 0.8865 0.0295
vt 0.8868 0.0251
vt 0.8806 0.0249
vt 0.8814 0.0298
vt 0.868 0.0301
vt 0.8666 0.0303
vt 0.8882 0.0295
vt 0.8794 0.0299
vt 0.6591 0.8202
vt 0.6527 0.8206
vt 0.6542 0.8394
vt 0.6597 0.8413
vt 0.663 0.8208
vt 0.665 0.8397
vt 0.6793 0.8208
vt 0.6813 0.8419
vt 0.6527 0.8053
vt 0.6458 0.8063
vt 0.6575 0.8054
vt 0.6758 0.8055
vt 0.6483 0.7983
vt 0.6552 0.7971
vt 0.6583 0.798
vt 0.6745 0.7982
vt 0.6564 0.7916
vt 0.6596 0.7918
vt 0.662 0.7919
vt 0.6708 0.7922
vt 0.6656 0.7908
vt 0.6821 0.8501
vt 0.6622 0.8465
vt 0.6514 0.8462
vt 0.658 0.8492
vt 0.652 0.853
vt 0.6582 0.8551
vt 0.6618 0.8533
vt 0.6801 0.8558
vt 0.6458 0.8786
vt 0.6573 0.8792
vt 0.6551 0.8811
vt 0.6797 0.8802
vt 0.636 0.8809
vt 0.6376 0.8479
vt 0.6212 0.8486
vt 0.6203 0.8415
vt 0.612 0.8457
vt 0.6209 0.8355
vt 0.6146 0.8367
vt 0.6145 0.8156
vt 0.6205 0.8198
vt 0.6368 0.8148
vt 0.6389 0.8337
vt 0.648 0.8142
vt 0.6509 0.8358
vt 0.6108 0.7999
vt 0.6178 0.8015
vt 0.637 0.8006
vt 0.6493 0.7984
vt 0.6194 0.7928
vt 0.6135 0.7916
vt 0.6361 0.7921
vt 0.6468 0.7907
vt 0.6243 0.7854
vt 0.6206 0.7855
vt 0.634 0.785
vt 0.6399 0.7847
vt 0.6302 0.7834
vt 0.6543 0.844
vt 0.6383 0.8408
vt 0.651 0.8503
vt 0.5278 0.5643
vt 0.5543 0.58
vt 0.537 0.5964
vt 0.552 0.6003
vt 0.5825 0.5757
vt 0.5778 0.5982
vt 0.5988 0.5954
vt 0.5994 0.5735
vt 0.5535 0.5678
vt 0.5349 0.5438
vt 0.5856 0.5638
vt 0.6009 0.5586
vt 0.5543 0.5564
vt 0.5513 0.535
vt 0.6055 0.5486
vt 0.5846 0.5531
vt 0.5594 0.5467
vt 0.5692 0.5297
vt 0.584 0.5425
vt 0.6006 0.541
vt 0.5892 0.529
vt 0.6018 0.603
vt 0.5771 0.6084
vt 0.5556 0.6094
vt 0.5366 0.6103
vt 0.5569 0.6189
vt 0.5382 0.6228
vt 0.5783 0.6153
vt 0.6011 0.6102
vt 0.5474 0.6617
vt 0.5619 0.6467
vt 0.5828 0.6402
vt 0.6056 0.634
vt 0.5752 0.6905
vt 0.5599 0.7016
vt 0.5979 0.6821
vt 0.6286 0.6763
vt 0.6289 0.6317
vt 0.6264 0.5947
vt 0.6118 0.6059
vt 0.6131 0.5949
vt 0.6247 0.5875
vt 0.6259 0.5807
vt 0.6139 0.58
vt 0.6273 0.5524
vt 0.612 0.5593
vt 0.6555 0.5508
vt 0.6551 0.5761
vt 0.6749 0.5733
vt 0.6721 0.554
vt 0.6264 0.5428
vt 0.6093 0.5469
vt 0.6626 0.5398
vt 0.6775 0.5376
vt 0.6277 0.5345
vt 0.6129 0.5307
vt 0.6749 0.525
vt 0.6614 0.5312
vt 0.6335 0.5268
vt 0.6263 0.5221
vt 0.6534 0.5253
vt 0.6645 0.5183
vt 0.6469 0.5198
vt 0.6747 0.5849
vt 0.6539 0.5829
vt 0.6528 0.5906
vt 0.6736 0.5951
vt 0.6538 0.6278
vt 0.677 0.6279
vt 0.6599 0.6718
vt 0.6938 0.672
vt 0.6961 0.6272
vt 0.7014 0.5988
vt 0.6796 0.601
vt 0.679 0.5945
vt 0.7029 0.5921
vt 0.7024 0.5847
vt 0.6814 0.5846
vt 0.7054 0.5619
vt 0.6848 0.5676
vt 0.7217 0.5628
vt 0.7264 0.5857
vt 0.733 0.5878
vt 0.7341 0.5678
vt 0.6996 0.5493
vt 0.6872 0.55
vt 0.7306 0.5509
vt 0.7395 0.5525
vt 0.701 0.5428
vt 0.6911 0.5364
vt 0.7436 0.5397
vt 0.7302 0.5431
vt 0.7057 0.5368
vt 0.698 0.5285
vt 0.7234 0.5368
vt 0.737 0.5322
vt 0.7187 0.5282
vt 0.7346 0.5961
vt 0.7269 0.5931
vt 0.723 0.5997
vt 0.7314 0.6041
vt 0.7165 0.628
vt 0.7312 0.6304
vt 0.7214 0.6766
vt 0.7441 0.6408
vt 0.7537 0.6093
vt 0.7359 0.6054
vt 0.7366 0.5999
vt 0.7531 0.6014
vt 0.7557 0.5922
vt 0.7404 0.5928
vt 0.7556 0.5848
vt 0.739 0.5859
vt 0.7696 0.5869
vt 0.7697 0.5967
vt 0.7835 0.5916
vt 0.7833 0.5754
vt 0.7489 0.5779
vt 0.7399 0.5772
vt 0.7668 0.5796
vt 0.7799 0.5622
vt 0.7503 0.5719
vt 0.7397 0.5694
vt 0.7738 0.5596
vt 0.7656 0.5716
vt 0.7514 0.5592
vt 0.7434 0.5619
vt 0.7589 0.5575
vt 0.7662 0.5568
vt 0.7808 0.6068
vt 0.7698 0.6038
vt 0.7664 0.6134
vt 0.7772 0.6194
vt 0.7567 0.6472
vt 0.7678 0.6539
vt 0.7416 0.6789
vt 0.7603 0.6836
vt 0.7298 0.7195
vt 0.7115 0.7145
vt 0.6926 0.7113
vt 0.6598 0.7131
vt 0.6346 0.7169
vt 0.6079 0.7233
vt 0.5866 0.7314
vt 0.5727 0.7353
vt 0.75 0.7228
vt 0.637 0.7703
vt 0.61 0.7779
vt 0.6621 0.7644
vt 0.688 0.7596
vt 0.7051 0.7569
vt 0.7182 0.7581
vt 0.5963 0.7821
vt 0.588 0.7853
vt 0.7394 0.7617
vt 0.3478 0.4906
vt 0.3928 0.4961
vt 0.3443 0.5047
vt 0.3898 0.5071
vt 0.42 0.4709
vt 0.4594 0.4881
vt 0.414 0.4845
vt 0.4549 0.5025
vt 0.6139 0.8518
vt 0.6206 0.8816
vt 0.6115 0.8859
vt 0.6102 0.8854
vt 0.6051 0.8571
vt 0.5912 0.8598
vt 0.5894 0.8537
vt 0.5747 0.8618
vt 0.5873 0.8478
vt 0.5758 0.8542
vt 0.5751 0.8356
vt 0.5861 0.8308
vt 0.6004 0.828
vt 0.6027 0.8448
vt 0.6037 0.83
vt 0.6069 0.8481
vt 0.5722 0.8206
vt 0.5846 0.8151
vt 0.601 0.8119
vt 0.6051 0.8142
vt 0.5841 0.81
vt 0.5728 0.8143
vt 0.5983 0.8072
vt 0.6017 0.8085
vt 0.5843 0.8073
vt 0.5779 0.8095
vt 0.5925 0.8057
vt 0.5946 0.8061
vt 0.5859 0.8069
vt 0.6104 0.8554
vt 0.6047 0.8506
vt 0.6098 0.8607
vt 0.4085 0.4968
vt 0.4521 0.5154
vt 0.4025 0.5099
vt 0.4467 0.5283
vt 0.5776 0.8668
vt 0.5971 0.888
vt 0.5764 0.892
vt 0.5853 0.8927
vt 0.5757 0.8682
vt 0.5673 0.8719
vt 0.566 0.8664
vt 0.5519 0.8725
vt 0.5632 0.8611
vt 0.5516 0.8651
vt 0.5535 0.8566
vt 0.5646 0.8543
vt 0.5733 0.8505
vt 0.5726 0.857
vt 0.5709 0.849
vt 0.5703 0.857
vt 0.5532 0.8457
vt 0.5641 0.8421
vt 0.5741 0.8377
vt 0.5731 0.8375
vt 0.5633 0.8369
vt 0.5533 0.8395
vt 0.5719 0.8331
vt 0.5707 0.8322
vt 0.5617 0.8328
vt 0.556 0.8341
vt 0.5667 0.8306
vt 0.5662 0.8298
vt 0.5607 0.8311
vt 0.5612 0.8316
vt 0.5559 0.8337
vt 0.5728 0.8634
vt 0.5753 0.8623
vt 0.5732 0.8681
vt 0.4459 0.543
vt 0.4747 0.5662
vt 0.4375 0.5585
vt 0.4655 0.5773
vt 0.5542 0.8764
vt 0.5782 0.8928
vt 0.5668 0.8998
vt 0.5823 0.9132
vt 0.5731 0.9188
vt 0.5849 0.9553
vt 0.5958 0.9541
vt 0.6133 0.9532
vt 0.6187 0.9067
vt 0.5989 0.8895
vt 0.6101 0.8861
vt 0.6224 0.8826
vt 0.6347 0.8816
vt 0.6443 0.8797
vt 0.6412 0.8906
vt 0.6552 0.8808
vt 0.6726 0.8791
vt 0.6683 0.872
vt 0.683 0.8728
vt 0.6836 0.8676
vt 0.6673 0.8662
vt 0.6677 0.8623
vt 0.6806 0.8626
vt 0.6749 0.849
vt 0.6625 0.8497
vt 0.6502 0.8566
vt 0.6545 0.8697
vt 0.6503 0.8628
vt 0.6541 0.8775
vt 0.6584 0.8543
vt 0.6649 0.8728
vt 0.6707 0.8474
vt 0.6781 0.8653
vt 0.6708 0.8344
vt 0.6581 0.8355
vt 0.6439 0.8434
vt 0.6425 0.8502
vt 0.6505 0.8498
vt 0.6715 0.838
vt 0.6564 0.8314
vt 0.6675 0.8299
vt 0.6441 0.8383
vt 0.643 0.8437
vt 0.6499 0.8433
vt 0.6682 0.833
vt 0.6553 0.8305
vt 0.6615 0.8295
vt 0.6483 0.8345
vt 0.6474 0.8374
vt 0.6531 0.8362
vt 0.6602 0.8322
vt 0.6543 0.8325
vt 0.4334 0.5383
vt 0.4012 0.519
vt 0.4305 0.5527
vt 0.3934 0.5289
vt 0.6541 0.8736
vt 0.6538 0.8843
vt 0.6699 0.8851
vt 0.6832 0.8777
vt 0.6563 0.8787
vt 0.6572 0.8906
vt 0.669 0.8933
vt 0.681 0.8866
vt 0.6445 0.8919
vt 0.6512 0.9136
vt 0.6681 0.9129
vt 0.6817 0.9038
vt 0.6809 0.8868
vt 0.672 0.9173
vt 0.6665 0.9326
vt 0.6442 0.9365
vt 0.682 0.9221
vt 0.6628 0.9525
vt 0.6374 0.9524
vt 0.6332 0.9175
vt 0.6603 0.9953
vt 0.6354 0.9908
vt 0.6115 0.9884
vt 0.5942 0.9867
vt 0.5831 0.987
vt 0.4158 0.7937
vt 0.4067 0.8331
vt 0.4068 0.7943
vt 0.3999 0.8271
vt 0.4065 0.7672
vt 0.3957 0.8534
vt 0.3802 0.8478
vt 0.3584 0.8637
vt 0.3698 0.885
vt 0.3299 0.8714
vt 0.3246 0.856
vt 0.3035 0.8508
vt 0.2918 0.8331
vt 0.303 0.8301
vt 0.2902 0.7978
vt 0.276 0.8048
vt 0.2968 0.7646
vt 0.2779 0.7729
vt 0.2971 0.7476
vt 0.4037 0.8672
vt 0.3984 0.8928
vt 0.3602 0.9041
vt 0.3122 0.7693
vt 0.3266 0.7522
vt 0.319 0.7463
vt 0.3152 0.7396
vt 0.3493 0.7298
vt 0.3502 0.7362
vt 0.379 0.7346
vt 0.3839 0.7277
vt 0.3988 0.7509
vt 0.3875 0.7548
vt 0.3958 0.772
vt 0.3732 0.7441
vt 0.3523 0.7435
vt 0.4135 0.748
vt 0.4175 0.7624
vt 0.4048 0.7306
vt 0.4226 0.7504
vt 0.4304 0.7918
vt 0.419 0.7296
vt 0.3483 0.7204
vt 0.3707 0.7118
vt 0.3991 0.7117
vt 0.4184 0.7148
vt 0.3425 0.7113
vt 0.3616 0.7031
vt 0.3217 0.7174
vt 0.3189 0.7272
vt 0.389 0.7015
vt 0.41 0.6975
vt 0.3657 0.694
vt 0.383 0.691
vt 0.398 0.684
vt 0.4305 0.7239
vt 0.4344 0.7046
vt 0.4174 0.6882
vt 0.3376 0.7025
vt 0.3406 0.6929
vt 0.3172 0.7053
vt 0.3606 0.6803
vt 0.3763 0.6793
vt 0.3999 0.6701
vt 0.3608 0.6679
vt 0.3755 0.6631
vt 0.3592 0.6538
vt 0.374 0.6496
vt 0.3575 0.6396
vt 0.3805 0.6312
vt 0.356 0.6289
vt 0.3643 0.6189
vt 0.3497 0.6161
vt 0.3458 0.6228
vt 0.3387 0.682
vt 0.3465 0.6683
vt 0.3485 0.6564
vt 0.351 0.6409
vt 0.3477 0.6313
vt 0.3403 0.6287
vt 0.331 0.6212
vt 0.3302 0.6168
vt 0.3297 0.6276
vt 0.3057 0.6259
vt 0.3072 0.6173
vt 0.3037 0.634
vt 0.282 0.6294
vt 0.2803 0.6196
vt 0.2789 0.6405
vt 0.259 0.6309
vt 0.2596 0.6217
vt 0.2587 0.6375
vt 0.3311 0.6075
vt 0.3515 0.6053
vt 0.3094 0.6091
vt 0.278 0.613
vt 0.2596 0.6154
vt 0.3629 0.6063
vt 0.3806 0.6058
vt 0.2767 0.6495
vt 0.2968 0.6472
vt 0.3129 0.6433
vt 0.3274 0.6361
vt 0.3351 0.6373
vt 0.3381 0.6484
vt 0.3366 0.6587
vt 0.3361 0.6694
vt 0.3261 0.6782
vt 0.3235 0.6868
vt 0.3301 0.6937
vt 0.3156 0.6931
vt 0.2868 0.6932
vt 0.2898 0.7087
vt 0.2941 0.7156
vt 0.2965 0.7352
vt 0.2698 0.7592
vt 0.2545 0.7435
vt 0.2554 0.7166
vt 0.2552 0.7094
vt 0.2626 0.7842
vt 0.2592 0.7977
vt 0.2549 0.8195
vt 0.2554 0.8377
vt 0.2513 0.852
vt 0.3032 0.8735
vt 0.3271 0.8809
vt 0.3059 0.8957
vt 0.3428 0.9219
vt 0.3055 0.9193
vt 0.3865 0.9123
vt 0.3572 0.946
vt 0.3089 0.9553
vt 0.3986 0.9305
vt 0.4265 0.8861
vt 0.4265 0.8685
vt 0.4236 0.8416
vt 0.4169 0.8383
vt 0.4338 0.8237
vt 0.4394 0.788
vt 0.4359 0.748
vt 0.4277 0.9186
vt 0.4587 0.745
vt 0.4521 0.7144
vt 0.4586 0.7723
vt 0.4404 0.6899
vt 0.4756 0.7428
vt 0.4584 0.6885
vt 0.4709 0.8017
vt 0.4344 0.6621
vt 0.4844 0.6997
vt 0.4944 0.744
vt 0.4959 0.8071
vt 0.4628 0.6521
vt 0.4567 0.7937
vt 0.4537 0.8405
vt 0.441 0.8822
vt 0.4587 0.9126
vt 0.4856 0.8617
vt 0.4309 0.954
vt 0.4012 0.9724
vt 0.3621 0.982
vt 0.3106 0.9902
vt 0.2535 0.991
vt 0.2544 0.9581
vt 0.2533 0.9106
vt 0.2548 0.872
vt 0.1985 0.8968
vt 0.2045 0.9184
vt 0.1643 0.9186
vt 0.1564 0.8911
vt 0.1839 0.8608
vt 0.1495 0.864
vt 0.1557 0.8548
vt 0.118 0.8434
vt 0.1945 0.8424
vt 0.1896 0.8346
vt 0.2061 0.8207
vt 0.2161 0.8314
vt 0.2103 0.7929
vt 0.2208 0.7977
vt 0.208 0.7705
vt 0.2169 0.7743
vt 0.1942 0.7423
vt 0.1889 0.7479
vt 0.1675 0.732
vt 0.1661 0.7388
vt 0.1426 0.7398
vt 0.1353 0.7345
vt 0.1549 0.8441
vt 0.2114 0.8424
vt 0.132 0.7661
vt 0.1187 0.7581
vt 0.1151 0.7276
vt 0.1252 0.7883
vt 0.1164 0.7898
vt 0.1071 0.7885
vt 0.1035 0.8163
vt 0.1186 0.8149
vt 0.1089 0.7515
vt 0.1285 0.8337
vt 0.0968 0.8436
vt 0.1283 0.8159
vt 0.1543 0.8324
vt 0.1365 0.8271
vt 0.0984 0.7864
vt 0.0983 0.7498
vt 0.0979 0.7256
vt 0.1154 0.8638
vt 0.1193 0.887
vt 0.0814 0.8754
vt 0.1332 0.9074
vt 0.1035 0.9073
vt 0.1186 0.9272
vt 0.1519 0.941
vt 0.2092 0.9557
vt 0.0823 0.781
vt 0.0852 0.8102
vt 0.1601 0.9854
vt 0.2052 0.9887
vt 0.1198 0.9751
vt 0.0789 0.9559
vt 0.0657 0.7995
vt 0.0553 0.8332
vt 0.0635 0.768
vt 0.0845 0.7482
vt 0.0858 0.7244
vt 0.1043 0.7094
vt 0.124 0.7093
vt 0.1409 0.7137
vt 0.1527 0.7035
vt 0.169 0.7199
vt 0.1973 0.7318
vt 0.1736 0.7108
vt 0.199 0.717
vt 0.1379 0.6961
vt 0.1195 0.6939
vt 0.1534 0.6918
vt 0.1424 0.6841
vt 0.1263 0.679
vt 0.1795 0.705
vt 0.1711 0.6961
vt 0.2003 0.7101
vt 0.1546 0.6804
vt 0.1429 0.6771
vt 0.1028 0.6814
vt 0.0959 0.6979
vt 0.1131 0.669
vt 0.1335 0.6623
vt 0.154 0.6689
vt 0.1526 0.6562
vt 0.1424 0.6497
vt 0.1558 0.6434
vt 0.1499 0.6249
vt 0.1626 0.6333
vt 0.1588 0.6224
vt 0.1691 0.6232
vt 0.1725 0.6304
vt 0.1643 0.6701
vt 0.1652 0.6814
vt 0.1679 0.6896
vt 0.1639 0.6572
vt 0.1655 0.6433
vt 0.1693 0.6385
vt 0.1778 0.6367
vt 0.1857 0.6259
vt 0.1836 0.6183
vt 0.1887 0.6348
vt 0.2124 0.6275
vt 0.2112 0.6187
vt 0.2141 0.6408
vt 0.236 0.6305
vt 0.2375 0.6198
vt 0.2379 0.6409
vt 0.2153 0.6111
vt 0.1843 0.6108
vt 0.1659 0.6172
vt 0.2401 0.6137
vt 0.1579 0.61
vt 0.1454 0.603
vt 0.2399 0.6502
vt 0.2204 0.6497
vt 0.2021 0.6468
vt 0.1886 0.6417
vt 0.2596 0.61
vt 0.2759 0.6084
vt 0.3056 0.6031
vt 0.3272 0.5984
vt 0.3132 0.5893
vt 0.3315 0.5831
vt 0.2874 0.594
vt 0.2591 0.5932
vt 0.3181 0.5837
vt 0.3258 0.5763
vt 0.2866 0.581
vt 0.2593 0.5792
vt 0.3117 0.5753
vt 0.3172 0.5687
vt 0.2855 0.5737
vt 0.2592 0.5736
vt 0.3385 0.5769
vt 0.3488 0.5964
vt 0.3571 0.5924
vt 0.3429 0.5727
vt 0.3638 0.5811
vt 0.2863 0.5669
vt 0.2592 0.5638
vt 0.2893 0.5561
vt 0.3175 0.5614
vt 0.2603 0.5557
vt 0.3906 0.6031
vt 0.3905 0.6382
vt 0.3953 0.652
vt 0.4053 0.6028
vt 0.4108 0.6419
vt 0.3712 0.5706
vt 0.2888 0.544
vt 0.3178 0.5531
vt 0.3445 0.5637
vt 0.2868 0.5348
vt 0.3217 0.5425
vt 0.2612 0.532
vt 0.2598 0.5456
vt 0.3468 0.5529
vt 0.2912 0.5224
vt 0.3258 0.5324
vt 0.2627 0.521
vt 0.3547 0.5424
vt 0.3916 0.5695
vt 0.2343 0.5578
vt 0.2342 0.5665
vt 0.1997 0.5725
vt 0.2039 0.5801
vt 0.1935 0.5845
vt 0.2023 0.5873
vt 0.1934 0.5941
vt 0.205 0.5918
vt 0.1866 0.6028
vt 0.211 0.607
vt 0.2421 0.6081
vt 0.2338 0.5945
vt 0.2343 0.5836
vt 0.2348 0.5742
vt 0.1703 0.6017
vt 0.1808 0.5838
vt 0.1683 0.5808
vt 0.1588 0.5999
vt 0.1549 0.5729
vt 0.1982 0.5653
vt 0.1285 0.6039
vt 0.1275 0.6282
vt 0.1172 0.643
vt 0.1077 0.603
vt 0.0908 0.64
vt 0.1441 0.563
vt 0.0804 0.6843
vt 0.0732 0.7113
vt 0.0634 0.7386
vt 0.0575 0.7164
vt 0.0469 0.7501
vt 0.0403 0.7934
vt 0.0683 0.6739
vt 0.028 0.7101
vt 0.0137 0.7507
vt 0.011 0.7975
vt 0.0424 0.67
vt 0.0181 0.8589
vt 0.0589 0.8762
vt 0.0691 0.9162
vt 0.0436 0.9205
vt 0.0618 0.6336
vt 0.0831 0.5973
vt 0.1134 0.568
vt 0.1543 0.5405
vt 0.1788 0.5455
vt 0.1825 0.5552
vt 0.2024 0.5545
vt 0.2346 0.5442
vt 0.2369 0.5348
vt 0.2013 0.5413
vt 0.2358 0.5213
vt 0.1777 0.5347
vt 0.4003 0.7917
vt 0.3952 0.8188
vt 0.3776 0.837
vt 0.3545 0.8421
vt 0.3332 0.8377
vt 0.3133 0.8184
vt 0.3076 0.7941
vt 0.8347 0.9711
vt 0.8386 0.9964
vt 0.8112 0.9659
vt 0.8118 0.9916
vt 0.7926 0.9832
vt 0.7926 0.9574
vt 0.7799 0.9727
vt 0.7737 0.9396
vt 0.8731 0.974
vt 0.8733 0.9994
vt 0.8378 0.9393
vt 0.8148 0.9307
vt 0.7917 0.9145
vt 0.7711 0.9074
vt 0.8726 0.9408
vt 0.7603 0.953
vt 0.7525 0.9266
vt 0.7496 0.8938
vt 0.7679 0.8773
vt 0.7529 0.869
vt 0.7746 0.8581
vt 0.7637 0.8472
vt 0.7932 0.8424
vt 0.7769 0.8323
vt 0.7833 0.8743
vt 0.7915 0.8569
vt 0.8125 0.8393
vt 0.8188 0.8991
vt 0.8014 0.8735
vt 0.8175 0.8793
vt 0.8426 0.8858
vt 0.8433 0.9102
vt 0.8109 0.8509
vt 0.8372 0.852
vt 0.8724 0.9125
vt 0.8725 0.8883
vt 0.9015 0.9101
vt 0.9073 0.9391
vt 0.911 0.971
vt 0.908 0.9947
vt 0.9334 0.9904
vt 0.9399 0.9615
vt 0.9515 0.9821
vt 0.9712 0.9717
vt 0.965 0.9519
vt 0.9762 0.9385
vt 0.9327 0.9268
vt 0.9563 0.916
vt 0.98 0.9128
vt 0.9871 0.9554
vt 0.9958 0.9233
vt 0.9948 0.9001
vt 0.9849 0.8816
vt 0.9926 0.8749
vt 0.9762 0.858
vt 0.9883 0.85
vt 0.9507 0.8413
vt 0.9677 0.8301
vt 0.9664 0.8799
vt 0.9562 0.8571
vt 0.9283 0.8423
vt 0.9261 0.898
vt 0.9025 0.8862
vt 0.9283 0.8826
vt 0.9457 0.8796
vt 0.9365 0.8557
vt 0.9087 0.8535
vt 0.8726 0.8503
vt 0.8732 0.8371
vt 0.8374 0.8388
vt 0.909 0.8386
vt 0.8348 0.8313
vt 0.8167 0.8265
vt 0.7939 0.8216
vt 0.8246 0.8105
vt 0.8065 0.8102
vt 0.827 0.8003
vt 0.8302 0.7935
vt 0.8145 0.7967
vt 0.8391 0.7836
vt 0.8265 0.778
vt 0.85 0.7748
vt 0.8427 0.761
vt 0.8623 0.7716
vt 0.862 0.7541
vt 0.8737 0.7696
vt 0.8759 0.752
vt 0.8881 0.754
vt 0.8851 0.7715
vt 0.9014 0.7597
vt 0.8975 0.7747
vt 0.9141 0.7666
vt 0.9083 0.7834
vt 0.9292 0.7803
vt 0.9191 0.7937
vt 0.939 0.7993
vt 0.9207 0.803
vt 0.9204 0.8107
vt 0.9476 0.8166
vt 0.9293 0.8277
vt 0.9125 0.8305
vt 0.9161 0.8163
vt 0.9069 0.8206
vt 0.8732 0.8278
vt 0.8433 0.8223
vt 0.8338 0.8166
vt 0.2504 0.7881
vt 0.2559 0.7714
vt 0.2545 0.766
vt 0.2456 0.7645
vt 0.2341 0.7617
vt 0.2414 0.7888
vt 0.2337 0.7842
vt 0.2499 0.7962
vt 0.2313 0.8051
vt 0.2067 0.8684
vt 0.2524 0.8059
vt 0.2569 0.7933
vt 0.2557 0.6941
vt 0.2273 0.7092
vt 0.2238 0.7168
vt 0.2222 0.7421
vt 0.2193 0.7519
vt 0.2177 0.7644
vt 0.2277 0.6957
vt 0.2036 0.6965
vt 0.1818 0.6961
vt 0.2249 0.77
vt 0.5453 0.9783
vt 0.547 0.9802
vt 0.5434 0.9817
vt 0.5371 0.9816
vt 0.5433 0.9822
vt 0.5383 0.9823
vt 0.5299 0.9826
vt 0.5301 0.9828
vt 0.5223 0.9824
vt 0.5223 0.9831
vt 0.5448 0.9759
vt 0.5223 0.976
vt 0.5223 0.9747
vt 0.5452 0.9697
vt 0.5223 0.9693
vt 0.5459 0.9625
vt 0.5223 0.9609
vt 0.5461 0.9567
vt 0.5223 0.9542
vt 0.5454 0.9516
vt 0.5223 0.9507
vt 0.5431 0.949
vt 0.5223 0.9479
vt 0.5145 0.9829
vt 0.5148 0.9802
vt 0.5065 0.983
vt 0.5029 0.9804
vt 0.5004 0.9817
vt 0.4962 0.9793
vt 0.4965 0.9817
vt 0.4979 0.9778
vt 0.4961 0.975
vt 0.4958 0.9716
vt 0.4952 0.9729
vt 0.4957 0.9673
vt 0.4959 0.968
vt 0.4956 0.9625
vt 0.4969 0.9626
vt 0.4961 0.9573
vt 0.4988 0.9578
vt 0.497 0.9545
vt 0.4993 0.9527
vt 0.4992 0.9521
vt 0.5015 0.9497
vt 0.511 0.9526
vt 0.5045 0.9501
vt 0.5178 0.9533
vt 0.5223 0.9534
vt 0.5269 0.9531
vt 0.5337 0.9518
vt 0.5401 0.951
vt 0.2593 0.6496
vt 0.4127 0.666
vt 0.443 0.6244
vt 0.4247 0.5972
vt 0.148 0.7527
vt 0.1647 0.7506
vt 0.1803 0.7566
vt 0.1935 0.7716
vt 0.1974 0.7919
vt 0.1957 0.8133
vt 0.1813 0.8297
vt 0.5 0.7514
vt 0.4826 0.7514
vt 0.5 0.7603
vt 0.4663 0.7514
vt 0.4524 0.7514
vt 0.4417 0.7514
vt 0.4349 0.7514
vt 0.4326 0.7514
vt 0.5174 0.7514
vt 0.5337 0.7514
vt 0.5476 0.7514
vt 0.4663 0.7254
vt 0.5 0.7254
vt 0.408 0.7254
vt 0.3873 0.7254
vt 0.3743 0.7254
vt 0.3699 0.7254
vt 0.4349 0.7254
vt 0.5337 0.7254
vt 0.5651 0.7254
vt 0.592 0.7254
vt 0.6127 0.7254
vt 0.5583 0.7514
vt 0.5651 0.7514
vt 0.5674 0.7514
vt 0.6257 0.7254
vt 0.6301 0.7254
vt 0.684 0.684
vt 0.6778 0.684
vt 0.6594 0.684
vt 0.6301 0.684
vt 0.592 0.684
vt 0.5476 0.684
vt 0.5 0.684
vt 0.4524 0.684
vt 0.408 0.684
vt 0.3699 0.684
vt 0.3406 0.684
vt 0.3222 0.684
vt 0.316 0.684
vt 0.4417 0.6301
vt 0.5 0.6301
vt 0.7177 0.6301
vt 0.7254 0.6301
vt 0.6952 0.6301
vt 0.6594 0.6301
vt 0.6127 0.6301
vt 0.5583 0.6301
vt 0.3873 0.6301
vt 0.3406 0.6301
vt 0.3048 0.6301
vt 0.2823 0.6301
vt 0.2746 0.6301
vt 0.3743 0.5674
vt 0.4349 0.5674
vt 0.5 0.5674
vt 0.3222 0.5674
vt 0.2823 0.5674
vt 0.2572 0.5674
vt 0.2486 0.5674
vt 0.7177 0.5674
vt 0.7428 0.5674
vt 0.7514 0.5674
vt 0.6778 0.5674
vt 0.6257 0.5674
vt 0.5651 0.5674
vt 0.2486 0.5
vt 0.2397 0.5
vt 0.2746 0.5
vt 0.316 0.5
vt 0.3699 0.5
vt 0.4326 0.5
vt 0.5 0.5
vt 0.684 0.5
vt 0.7254 0.5
vt 0.7514 0.5
vt 0.7603 0.5
vt 0.6301 0.5
vt 0.5674 0.5
usemtl mat3
f 3300/2679 3301/2680 3302/2681
f 3300/2679 3303/2682 3301/2680
f 3300/2679 3304/2683 3303/2682
f 3300/2679 3305/2684 3304/2683
f 3300/2679 3306/2685 3305/2684
f 3300/2679 3302/2681 3306/2685
f 3302/2681 3301/2680 3307/2686
f 3302/2681 3307/2686 3308/2687
f 3306/2685 3302/2681 3308/2687
f 3301/2680 3309/2688 3307/2686
f 3301/2680 3303/2682 3309/2688
f 3303/2682 3310/2689 3309/2688
f 3303/2682 3304/2683 3310/2689
f 3304/2683 3311/2690 3310/2689
f 3304/2683 3305/2684 3311/2690
f 3305/2684 3312/2691 3311/2690
f 3305/2684 3306/2685 3312/2691
f 3306/2685 3308/2687 3312/2691
f 3313/2692 3308/2687 3307/2686
f 3313/2692 3307/2686 3309/2688
f 3313/2692 3309/2688 3310/2689
f 3313/2692 3310/2689 3311/2690
f 3313/2692 3311/2690 3312/2691
f 3313/2692 3312/2691 3308/2687
f 3314/2693 3315/2694 3316/2695
f 3314/2693 3316/2695 3317/2696
f 3314/2693 3317/2696 3318/2697
f 3314/2693 3318/2697 3319/2698
f 3314/2693 3319/2698 3320/2699
f 3314/2693 3320/2699 3315/2694
f 3315/2694 3321/2700 3316/2695
f 3315/2694 3322/2701 3321/2700
f 3320/2699 3322/2701 3315/2694
f 3316/2695 3321/2700 3323/2702
f 3316/2695 3323/2702 3317/2696
f 3317/2696 3323/2702 3324/2703
f 3317/2696 3324/2703 3318/2697
f 3318/2697 3324/2703 3325/2704
f 3318/2697 3325/2704 3319/2698
f 3319/2698 3325/2704 3326/2705
f 3319/2698 3326/2705 3320/2699
f 3320/2699 3326/2705 3322/2701
f 3327/2706 3321/2700 3322/2701
f 3327/2706 3323/2702 3321/2700
f 3327/2706 3324/2703 3323/2702
f 3327/2706 3325/2704 3324/2703
f 3327/2706 3326/2705 3325/2704
f 3327/2706 3322/2701 3326/2705
f 3328/2707 3329/2708 3330/2709
f 3328/2707 3330/2709 3331/2710
f 3328/2707 3331/2710 3332/2711
f 3328/2707 3332/2711 3333/2712
f 3328/2707 3333/2712 3334/2713
f 3328/2707 3334/2713 3329/2708
f 3329/2708 3335/2714 3330/2709
f 3329/2708 3336/2715 3335/2714
f 3334/2713 3336/2715 3329/2708
f 3330/2709 3335/2714 3337/2716
f 3330/2709 3337/2716 3331/2710
f 3331/2710 3337/2716 3338/2717
f 3331/2710 3338/2717 3332/2711
f 3332/2711 3338/2717 3339/2718
f 3332/2711 3339/2718 3333/2712
f 3333/2712 3339/2718 3340/2719
f 3333/2712 3340/2719 3334/2713
f 3334/2713 3340/2719 3336/2715
f 3341/2720 3335/2714 3336/2715
f 3341/2720 3337/2716 3335/2714
f 3341/2720 3338/2717 3337/2716
f 3341/2720 3339/2718 3338/2717
f 3341/2720 3340/2719 3339/2718
f 3341/2720 3336/2715 3340/2719
f 3342/2721 3343/2722 3344/2723
f 3343/2722 3345/2724 3344/2723
f 3345/2724 3346/2725 3344/2723
f 3346/2725 3347/2726 3344/2723
f 3347/2726 3348/2727 3344/2723
f 3348/2727 3342/2721 3344/2723
f 3342/2721 3343/2722 3349/2728
f 3342/2721 3349/2728 3350/2729
f 3348/2727 3342/2721 3350/2729
f 3343/2722 3351/2730 3349/2728
f 3343/2722 3345/2724 3351/2730
f 3345/2724 3352/2731 3351/2730
f 3345/2724 3346/2725 3352/2731
f 3346/2725 3353/2732 3352/2731
f 3346/2725 3347/2726 3353/2732
f 3347/2726 3354/2733 3353/2732
f 3347/2726 3348/2727 3354/2733
f 3348/2727 3350/2729 3354/2733
f 3355/2734 3350/2729 3349/2728
f 3355/2734 3349/2728 3351/2730
f 3355/2734 3351/2730 3352/2731
f 3355/2734 3352/2731 3353/2732
f 3355/2734 3353/2732 3354/2733
f 3355/2734 3354/2733 3350/2729
f 3356/2735 3357/2736 3358/2737
f 3356/2735 3358/2737 3359/2738
f 3356/2735 3359/2738 3360/2739
f 3356/2735 3360/2739 3361/2740
f 3356/2735 3361/2740 3362/2741
f 3356/2735 3362/2741 3357/2736
f 3357/2736 3363/2742 3358/2737
f 3357/2736 3364/2743 3363/2742
f 3362/2741 3364/2743 3357/2736
f 3358/2737 3363/2742 3365/2744
f 3358/2737 3365/2744 3359/2738
f 3359/2738 3365/2744 3366/2745
f 3359/2738 3366/2745 3360/2739
f 3360/2739 3366/2745 3367/2746
f 3360/2739 3367/2746 3361/2740
f 3361/2740 3367/2746 3368/2747
f 3361/2740 3368/2747 3362/2741
f 3362/2741 3368/2747 3364/2743
f 3369/2748 3363/2742 3364/2743
f 3369/2748 3365/2744 3363/2742
f 3369/2748 3366/2745 3365/2744
f 3369/2748 3367/2746 3366/2745
f 3369/2748 3368/2747 3367/2746
f 3369/2748 3364/2743 3368/2747
f 3370/2749 3371/2750 3372/2751
f 3371/2750 3373/2752 3372/2751
f 3373/2752 3374/2753 3372/2751
f 3374/2753 3375/2754 3372/2751
f 3375/2754 3376/2755 3372/2751
f 3377/2756 3371/2750 3370/2749
f 3378/2757 3377/2756 3370/2749
f 3377/2756 3379/2758 3371/2750
f 3379/2758 3373/2752 3371/2750
f 3379/2758 3380/2759 3373/2752
f 3380/2759 3374/2753 3373/2752
f 3380/2759 3381/2760 3374/2753
f 3381/2760 3375/2754 3374/2753
f 3381/2760 3382/2761 3375/2754
f 3382/2761 3376/2755 3375/2754
f 3383/2762 3377/2756 3378/2757
f 3384/2763 3383/2762 3378/2757
f 3383/2762 3385/2764 3377/2756
f 3385/2764 3379/2758 3377/2756
f 3385/2764 3386/2765 3379/2758
f 3386/2765 3380/2759 3379/2758
f 3386/2765 3387/2766 3380/2759
f 3387/2766 3381/2760 3380/2759
f 3387/2766 3388/2767 3381/2760
f 3388/2767 3382/2761 3381/2760
f 3389/2768 3383/2762 3384/2763
f 3390/2769 3389/2768 3384/2763
f 3389/2768 3391/2770 3383/2762
f 3391/2770 3385/2764 3383/2762
f 3391/2770 3392/2771 3385/2764
f 3392/2771 3386/2765 3385/2764
f 3392/2771 3393/2772 3386/2765
f 3393/2772 3387/2766 3386/2765
f 3393/2772 3394/2773 3387/2766
f 3394/2773 3388/2767 3387/2766
f 3389/2768 3390/2769 3395/2774
f 3391/2770 3389/2768 3395/2774
f 3392/2771 3391/2770 3395/2774
f 3393/2772 3392/2771 3395/2774
f 3394/2773 3393/2772 3395/2774
f 3396/2775 3397/2776 3398/2777
f 3397/2776 3399/2778 3398/2777
f 3399/2778 3400/2779 3398/2777
f 3400/2779 3401/2780 3398/2777
f 3401/2780 3402/2781 3398/2777
f 3403/2782 3397/2776 3396/2775
f 3404/2783 3403/2782 3396/2775
f 3403/2782 3405/2784 3397/2776
f 3405/2784 3399/2778 3397/2776
f 3405/2784 3406/2785 3399/2778
f 3406/2785 3400/2779 3399/2778
f 3406/2785 3407/2786 3400/2779
f 3407/2786 3401/2780 3400/2779
f 3407/2786 3408/2787 3401/2780
f 3408/2787 3402/2781 3401/2780
f 3409/2788 3403/2782 3404/2783
f 3410/2789 3409/2788 3404/2783
f 3409/2788 3411/2790 3403/2782
f 3411/2790 3405/2784 3403/2782
f 3411/2790 3412/2791 3405/2784
f 3412/2791 3406/2785 3405/2784
f 3412/2791 3413/2792 3406/2785
f 3413/2792 3407/2786 3406/2785
f 3413/2792 3414/2793 3407/2786
f 3414/2793 3408/2787 3407/2786
f 3415/2794 3409/2788 3410/2789
f 3416/2795 3415/2794 3410/2789
f 3415/2794 3417/2796 3409/2788
f 3417/2796 3411/2790 3409/2788
f 3417/2796 3418/2797 3411/2790
f 3418/2797 3412/2791 3411/2790
f 3418/2797 3419/2798 3412/2791
f 3419/2798 3413/2792 3412/2791
f 3419/2798 3420/2799 3413/2792
f 3420/2799 3414/2793 3413/2792
f 3415/2794 3416/2795 3421/2800
f 3417/2796 3415/2794 3421/2800
f 3418/2797 3417/2796 3421/2800
f 3419/2798 3418/2797 3421/2800
f 3420/2799 3419/2798 3421/2800
f 3422/2801 3423/2802 3424/2803
f 3424/2803 3423/2802 3422/2801
f 3425/2804 3424/2803 3423/2802
f 3423/2802 3424/2803 3425/2804
f 3424/2803 3425/2804 3426/2805
f 3426/2805 3425/2804 3424/2803
f 3426/2805 3425/2804 3427/2806
f 3427/2806 3425/2804 3426/2805
f 3428/2807 3429/2808 3430/2809
f 3430/2809 3429/2808 3428/2807
f 3431/2810 3430/2809 3429/2808
f 3429/2808 3430/2809 3431/2810
f 3430/2809 3431/2810 3432/2811
f 3432/2811 3431/2810 3430/2809
f 3432/2811 3431/2810 3433/2812
f 3433/2812 3431/2810 3432/2811
f 3434/2813 3435/2814 3436/2815
f 3436/2815 3435/2814 3434/2813
f 3437/2816 3436/2815 3435/2814
f 3435/2814 3436/2815 3437/2816
f 3436/2815 3437/2816 3438/2817
f 3437/2816 3436/2815 3438/2817
f 3439/2818 3438/2817 3437/2816
f 3438/2817 3439/2818 3437/2816
f 3438/2817 3439/2818 3440/2819
f 3440/2819 3439/2818 3438/2817
f 3440/2819 3439/2818 3441/2820
f 3441/2820 3439/2818 3440/2819
f 3440/2819 3441/2820 3442/2821
f 3442/2821 3441/2820 3440/2819
f 3442/2821 3441/2820 3443/2822
f 3443/2822 3441/2820 3442/2821
f 3444/2823 3445/2824 3446/2825
f 3446/2825 3445/2824 3444/2823
f 3447/2826 3446/2825 3445/2824
f 3445/2824 3446/2825 3447/2826
f 3446/2825 3447/2826 3448/2827
f 3448/2827 3447/2826 3446/2825
f 3448/2827 3447/2826 3449/2828
f 3449/2828 3447/2826 3448/2827
f 3450/2829 3451/2830 3452/2831
f 3452/2831 3451/2830 3450/2829
f 3453/2832 3452/2831 3451/2830
f 3451/2830 3452/2831 3453/2832
f 3452/2831 3453/2832 3454/2833
f 3454/2833 3453/2832 3452/2831
f 3454/2833 3453/2832 3455/2834
f 3455/2834 3453/2832 3454/2833
f 3456/2835 3457/2836 3458/2837
f 3458/2837 3457/2836 3456/2835
f 3459/2838 3458/2837 3457/2836
f 3457/2836 3458/2837 3459/2838
f 3458/2837 3459/2838 3460/2839
f 3460/2839 3459/2838 3458/2837
f 3460/2839 3459/2838 3461/2840
f 3461/2840 3459/2838 3460/2839
f 3462/2841 3463/2842 3464/2843
f 3464/2843 3463/2842 3462/2841
f 3465/2844 3464/2843 3463/2842
f 3463/2842 3464/2843 3465/2844
f 3464/2843 3465/2844 3466/2845
f 3465/2844 3464/2843 3466/2845
f 3466/2845 3467/2846 3465/2844
f 3467/2846 3466/2845 3465/2844
f 3466/2845 3467/2846 3468/2847
f 3468/2847 3467/2846 3466/2845
f 3468/2847 3467/2846 3469/2848
f 3469/2848 3467/2846 3468/2847
f 3470/2849 3471/2850 3472/2851
f 3472/2851 3471/2850 3470/2849
f 3473/2852 3472/2851 3471/2850
f 3471/2850 3472/2851 3473/2852
f 3472/2851 3473/2852 3474/2853
f 3474/2853 3473/2852 3472/2851
f 3474/2853 3473/2852 3475/2854
f 3475/2854 3473/2852 3474/2853
f 3476/2855 3477/2856 3478/2857
f 3478/2857 3477/2856 3476/2855
f 3479/2858 3478/2857 3477/2856
f 3477/2856 3478/2857 3479/2858
f 3478/2857 3479/2858 3480/2859
f 3480/2859 3479/2858 3478/2857
f 3480/2859 3479/2858 3481/2860
f 3481/2860 3479/2858 3480/2859
f 3482/2861 3483/2862 3484/2863
f 3484/2863 3483/2862 3482/2861
f 3485/2864 3484/2863 3483/2862
f 3483/2862 3484/2863 3485/2864
f 3484/2863 3485/2864 3486/2865
f 3486/2865 3485/2864 3484/2863
f 3486/2865 3485/2864 3487/2866
f 3487/2866 3485/2864 3486/2865
f 3488/2867 3489/2868 3490/2869
f 3490/2869 3489/2868 3488/2867
f 3491/2870 3490/2869 3489/2868
f 3489/2868 3490/2869 3491/2870
f 3490/2869 3491/2870 3492/2871
f 3492/2871 3491/2870 3490/2869
f 3492/2871 3491/2870 3493/2872
f 3493/2872 3491/2870 3492/2871
f 3494/2873 3495/2874 3496/2875
f 3496/2875 3495/2874 3494/2873
f 3497/2876 3496/2875 3495/2874
f 3495/2874 3496/2875 3497/2876
f 3496/2875 3497/2876 3498/2877
f 3498/2877 3497/2876 3496/2875
f 3498/2877 3497/2876 3499/2878
f 3499/2878 3497/2876 3498/2877
f 3500/2879 3501/2880 3502/2881
f 3502/2881 3501/2880 3500/2879
f 3503/2882 3502/2881 3501/2880
f 3501/2880 3502/2881 3503/2882
f 3502/2881 3503/2882 3504/2883
f 3504/2883 3503/2882 3502/2881
f 3504/2883 3503/2882 3505/2884
f 3505/2884 3503/2882 3504/2883
f 3506/2885 3507/2886 3508/2887
f 3509/2888 3506/2885 3508/2887
f 3510/2889 3506/2885 3509/2888
f 3506/2885 3511/2890 3507/2886
f 3511/2890 3512/2891 3507/2886
f 3513/2892 3511/2890 3506/2885
f 3510/2889 3513/2892 3506/2885
f 3514/2893 3513/2892 3510/2889
f 3514/2893 3510/2889 3515/2894
f 3516/2895 3514/2893 3515/2894
f 3517/2896 3514/2893 3516/2895
f 3518/2897 3517/2896 3516/2895
f 3514/2893 3519/2898 3513/2892
f 3520/2899 3519/2898 3514/2893
f 3517/2896 3520/2899 3514/2893
f 3511/2890 3521/2900 3512/2891
f 3521/2900 3522/2901 3512/2891
f 3523/2902 3521/2900 3511/2890
f 3513/2892 3523/2902 3511/2890
f 3524/2903 3523/2902 3513/2892
f 3519/2898 3524/2903 3513/2892
f 3525/2904 3524/2903 3519/2898
f 3520/2899 3525/2904 3519/2898
f 3521/2900 3526/2905 3522/2901
f 3526/2905 3527/2906 3522/2901
f 3528/2907 3526/2905 3521/2900
f 3523/2902 3528/2907 3521/2900
f 3529/2908 3528/2907 3523/2902
f 3524/2903 3529/2908 3523/2902
f 3530/2909 3529/2908 3524/2903
f 3525/2904 3530/2909 3524/2903
f 3526/2905 3531/2910 3527/2906
f 3531/2910 3532/2911 3527/2906
f 3533/2912 3531/2910 3526/2905
f 3528/2907 3533/2912 3526/2905
f 3534/2913 3533/2912 3528/2907
f 3529/2908 3534/2913 3528/2907
f 3535/2914 3534/2913 3529/2908
f 3530/2909 3535/2914 3529/2908
f 3536/2915 3534/2913 3535/2914
f 3537/2916 3531/2910 3533/2912
f 3538/2917 3533/2912 3534/2913
f 3539/2918 3538/2917 3534/2913
f 3539/2918 3534/2913 3536/2915
f 3540/2919 3539/2918 3536/2915
f 3539/2918 3540/2919 3538/2917
f 3541/2920 3540/2919 3536/2915
f 3540/2919 3541/2920 3542/2921
f 3543/2922 3540/2919 3542/2921
f 3543/2922 3542/2921 3544/2923
f 3545/2924 3543/2922 3544/2923
f 3545/2924 3544/2923 3546/2925
f 3547/2926 3545/2924 3546/2925
f 3547/2926 3546/2925 3548/2927
f 3549/2928 3547/2926 3548/2927
f 3549/2928 3548/2927 3550/2929
f 3551/2930 3549/2928 3550/2929
f 3552/2931 3549/2928 3551/2930
f 3553/2932 3552/2931 3551/2930
f 3554/2933 3552/2931 3553/2932
f 3555/2934 3554/2933 3553/2932
f 3556/2935 3554/2933 3555/2934
f 3557/2936 3556/2935 3555/2934
f 3558/2937 3547/2926 3549/2928
f 3552/2931 3558/2937 3549/2928
f 3559/2938 3558/2937 3552/2931
f 3554/2933 3559/2938 3552/2931
f 3560/2939 3559/2938 3554/2933
f 3556/2935 3560/2939 3554/2933
f 3561/2940 3545/2924 3547/2926
f 3558/2937 3561/2940 3547/2926
f 3562/2941 3561/2940 3558/2937
f 3559/2938 3562/2941 3558/2937
f 3563/2942 3562/2941 3559/2938
f 3560/2939 3563/2942 3559/2938
f 3562/2941 3564/2943 3561/2940
f 3564/2943 3565/2944 3561/2940
f 3561/2940 3565/2944 3545/2924
f 3565/2944 3543/2922 3545/2924
f 3566/2945 3564/2943 3562/2941
f 3563/2942 3566/2945 3562/2941
f 3565/2944 3567/2946 3543/2922
f 3564/2943 3567/2946 3565/2944
f 3567/2946 3540/2919 3543/2922
f 3564/2943 3568/2947 3567/2946
f 3569/2948 3568/2947 3564/2943
f 3566/2945 3569/2948 3564/2943
f 3540/2919 3567/2946 3538/2917
f 3538/2917 3567/2946 3570/2949
f 3567/2946 3571/2950 3570/2949
f 3567/2946 3568/2947 3571/2950
f 3538/2917 3570/2949 3533/2912
f 3570/2949 3537/2916 3533/2912
f 3572/2951 3573/2952 3574/2953
f 3572/2951 3575/2954 3573/2952
f 3575/2954 3576/2955 3573/2952
f 3577/2956 3575/2954 3572/2951
f 3578/2957 3577/2956 3572/2951
f 3578/2957 3572/2951 3579/2958
f 3580/2959 3577/2956 3578/2957
f 3581/2960 3580/2959 3578/2957
f 3582/2961 3580/2959 3581/2960
f 3583/2962 3582/2961 3581/2960
f 3583/2962 3581/2960 3584/2963
f 3584/2963 3581/2960 3585/2964
f 3585/2964 3581/2960 3578/2957
f 3585/2964 3578/2957 3586/2965
f 3586/2965 3578/2957 3587/2966
f 3587/2966 3578/2957 3579/2958
f 3588/2967 3583/2962 3584/2963
f 3575/2954 3589/2968 3576/2955
f 3589/2968 3590/2969 3576/2955
f 3591/2970 3589/2968 3575/2954
f 3577/2956 3591/2970 3575/2954
f 3592/2971 3591/2970 3577/2956
f 3580/2959 3592/2971 3577/2956
f 3593/2972 3592/2971 3580/2959
f 3582/2961 3593/2972 3580/2959
f 3589/2968 3594/2973 3590/2969
f 3594/2973 3595/2974 3590/2969
f 3596/2975 3594/2973 3589/2968
f 3591/2970 3596/2975 3589/2968
f 3597/2976 3596/2975 3591/2970
f 3592/2971 3597/2976 3591/2970
f 3598/2977 3597/2976 3592/2971
f 3593/2972 3598/2977 3592/2971
f 3594/2973 3599/2978 3595/2974
f 3599/2978 3600/2979 3595/2974
f 3601/2980 3599/2978 3594/2973
f 3596/2975 3601/2980 3594/2973
f 3602/2981 3601/2980 3596/2975
f 3597/2976 3602/2981 3596/2975
f 3603/2982 3602/2981 3597/2976
f 3598/2977 3603/2982 3597/2976
f 3600/2979 3599/2978 3604/2983
f 3599/2978 3601/2980 3605/2984
f 3604/2983 3599/2978 3605/2984
f 3604/2983 3605/2984 3606/2985
f 3605/2984 3607/2986 3606/2985
f 3606/2985 3607/2986 3608/2987
f 3608/2987 3607/2986 3609/2988
f 3608/2987 3609/2988 3610/2989
f 3610/2989 3609/2988 3611/2990
f 3610/2989 3611/2990 3612/2991
f 3613/2992 3610/2989 3612/2991
f 3613/2992 3612/2991 3614/2993
f 3615/2994 3613/2992 3614/2993
f 3615/2994 3614/2993 3616/2995
f 3617/2996 3615/2994 3616/2995
f 3618/2997 3615/2994 3617/2996
f 3619/2998 3618/2997 3617/2996
f 3620/2999 3618/2997 3619/2998
f 3621/3000 3620/2999 3619/2998
f 3622/3001 3620/2999 3621/3000
f 3623/3002 3622/3001 3621/3000
f 3624/3003 3613/2992 3615/2994
f 3618/2997 3624/3003 3615/2994
f 3625/3004 3624/3003 3618/2997
f 3620/2999 3625/3004 3618/2997
f 3626/3005 3625/3004 3620/2999
f 3622/3001 3626/3005 3620/2999
f 3624/3003 3627/3006 3613/2992
f 3627/3006 3610/2989 3613/2992
f 3628/3007 3627/3006 3624/3003
f 3625/3004 3628/3007 3624/3003
f 3629/3008 3628/3007 3625/3004
f 3626/3005 3629/3008 3625/3004
f 3627/3006 3608/2987 3610/2989
f 3630/3009 3608/2987 3627/3006
f 3628/3007 3630/3009 3627/3006
f 3631/3010 3630/3009 3628/3007
f 3629/3008 3631/3010 3628/3007
f 3630/3009 3606/2985 3608/2987
f 3632/3011 3606/2985 3630/3009
f 3631/3010 3632/3011 3630/3009
f 3621/3000 3633/3012 3623/3002
f 3633/3012 3621/3000 3634/3013
f 3619/2998 3634/3013 3621/3000
f 3634/3013 3619/2998 3635/3014
f 3617/2996 3635/3014 3619/2998
f 3636/3015 3634/3013 3635/3014
f 3635/3014 3637/3016 3636/3015
f 3638/3017 3633/3012 3634/3013
f 3634/3013 3636/3015 3638/3017
f 3633/3012 3638/3017 3639/3018
f 3639/3018 3623/3002 3633/3012
f 3640/3019 3639/3018 3638/3017
f 3641/3020 3636/3015 3637/3016
f 3636/3015 3641/3020 3642/3021
f 3643/3022 3638/3017 3636/3015
f 3636/3015 3642/3021 3643/3022
f 3638/3017 3643/3022 3640/3019
f 3644/3023 3640/3019 3643/3022
f 3642/3021 3645/3024 3643/3022
f 3645/3024 3642/3021 3646/3025
f 3647/3026 3646/3025 3642/3021
f 3641/3020 3647/3026 3642/3021
f 3648/3027 3643/3022 3645/3024
f 3643/3022 3648/3027 3644/3023
f 3649/3028 3644/3023 3648/3027
f 3646/3025 3650/3029 3645/3024
f 3651/3030 3645/3024 3650/3029
f 3645/3024 3651/3030 3648/3027
f 3652/3031 3648/3027 3651/3030
f 3648/3027 3652/3031 3649/3028
f 3653/3032 3649/3028 3652/3031
f 3650/3029 3654/3033 3651/3030
f 3655/3034 3651/3030 3654/3033
f 3651/3030 3655/3034 3652/3031
f 3656/3035 3652/3031 3655/3034
f 3652/3031 3656/3035 3653/3032
f 3657/3036 3653/3032 3656/3035
f 3654/3033 3658/3037 3655/3034
f 3659/3038 3655/3034 3658/3037
f 3655/3034 3659/3038 3656/3035
f 3660/3039 3656/3035 3659/3038
f 3656/3035 3660/3039 3657/3036
f 3661/3040 3657/3036 3660/3039
f 3647/3026 3662/3041 3646/3025
f 3650/3029 3663/3042 3654/3033
f 3663/3042 3650/3029 3664/3043
f 3664/3043 3646/3025 3662/3041
f 3646/3025 3664/3043 3650/3029
f 3665/3044 3654/3033 3663/3042
f 3654/3033 3665/3044 3658/3037
f 3666/3045 3658/3037 3665/3044
f 3657/3036 3667/3046 3653/3032
f 3668/3047 3653/3032 3667/3046
f 3667/3046 3657/3036 3669/3048
f 3661/3040 3669/3048 3657/3036
f 3658/3037 3670/3049 3659/3038
f 3671/3050 3659/3038 3670/3049
f 3659/3038 3671/3050 3660/3039
f 3672/3051 3660/3039 3671/3050
f 3660/3039 3672/3051 3661/3040
f 3673/3052 3661/3040 3672/3051
f 3661/3040 3673/3052 3669/3048
f 3674/3053 3669/3048 3673/3052
f 3675/3054 3649/3028 3668/3047
f 3649/3028 3675/3054 3644/3023
f 3676/3055 3644/3023 3675/3054
f 3644/3023 3676/3055 3640/3019
f 3677/3056 3640/3019 3676/3055
f 3653/3032 3668/3047 3649/3028
f 3677/3056 3639/3018 3640/3019
f 3670/3049 3658/3037 3678/3057
f 3666/3045 3678/3057 3658/3037
f 3609/2988 3679/3058 3611/2990
f 3609/2988 3680/3059 3679/3058
f 3680/3059 3681/3060 3679/3058
f 3607/2986 3680/3059 3609/2988
f 3605/2984 3682/3061 3607/2986
f 3605/2984 3601/2980 3682/3061
f 3683/3062 3684/3063 3685/3064
f 3686/3065 3685/3064 3684/3063
f 3684/3063 3683/3062 3687/3066
f 3688/3067 3687/3066 3683/3062
f 3687/3066 3688/3067 3689/3068
f 3690/3069 3689/3068 3688/3067
f 3689/3068 3690/3069 3691/3070
f 3692/3071 3691/3070 3690/3069
f 3691/3070 3692/3071 3693/3072
f 3694/3073 3693/3072 3692/3071
f 3685/3064 3695/3074 3683/3062
f 3696/3075 3683/3062 3695/3074
f 3683/3062 3696/3075 3688/3067
f 3697/3076 3688/3067 3696/3075
f 3688/3067 3697/3076 3690/3069
f 3698/3077 3690/3069 3697/3076
f 3690/3069 3698/3077 3692/3071
f 3699/3078 3692/3071 3698/3077
f 3692/3071 3699/3078 3694/3073
f 3700/3079 3694/3073 3699/3078
f 3701/3080 3696/3075 3695/3074
f 3695/3074 3702/3081 3701/3080
f 3703/3082 3697/3076 3696/3075
f 3696/3075 3701/3080 3703/3082
f 3697/3076 3703/3082 3698/3077
f 3704/3083 3698/3077 3703/3082
f 3698/3077 3704/3083 3699/3078
f 3705/3084 3699/3078 3704/3083
f 3699/3078 3705/3084 3700/3079
f 3706/3085 3700/3079 3705/3084
f 3706/3085 3705/3084 3707/3086
f 3705/3084 3708/3087 3707/3086
f 3705/3084 3704/3083 3708/3087
f 3704/3083 3709/3088 3708/3087
f 3704/3083 3703/3082 3709/3088
f 3703/3082 3710/3089 3709/3088
f 3703/3082 3701/3080 3710/3089
f 3701/3080 3711/3090 3710/3089
f 3701/3080 3702/3081 3711/3090
f 3702/3081 3712/3091 3711/3090
f 3702/3081 3713/3092 3712/3091
f 3713/3092 3702/3081 3714/3093
f 3695/3074 3714/3093 3702/3081
f 3714/3093 3695/3074 3715/3094
f 3685/3064 3715/3094 3695/3074
f 3715/3094 3685/3064 3686/3065
f 3713/3092 3716/3095 3712/3091
f 3715/3094 3717/3096 3714/3093
f 3718/3097 3714/3093 3717/3096
f 3714/3093 3718/3097 3713/3092
f 3719/3098 3713/3092 3718/3097
f 3713/3092 3719/3098 3716/3095
f 3720/3099 3717/3096 3715/3094
f 3721/3100 3717/3096 3720/3099
f 3721/3100 3557/2936 3717/3096
f 3719/3098 3722/3101 3716/3095
f 3719/3098 3551/2930 3722/3101
f 3551/2930 3550/2929 3722/3101
f 3553/2932 3551/2930 3719/3098
f 3553/2932 3719/3098 3718/3097
f 3717/3096 3557/2936 3555/2934
f 3717/3096 3555/2934 3718/3097
f 3555/2934 3553/2932 3718/3097
f 3723/3102 3635/3014 3616/2995
f 3617/2996 3616/2995 3635/3014
f 3635/3014 3723/3102 3637/3016
f 3724/3103 3637/3016 3723/3102
f 3637/3016 3724/3103 3641/3020
f 3641/3020 3724/3103 3725/3104
f 3647/3026 3641/3020 3725/3104
f 3662/3041 3647/3026 3725/3104
f 3604/2983 3606/2985 3632/3011
f 3726/3105 3509/2888 3727/3106
f 3508/2887 3727/3106 3509/2888
f 3509/2888 3726/3105 3510/2889
f 3728/3107 3510/2889 3726/3105
f 3510/2889 3728/3107 3515/2894
f 3729/3108 3515/2894 3728/3107
f 3515/2894 3729/3108 3516/2895
f 3730/3109 3516/2895 3729/3108
f 3516/2895 3730/3109 3518/2897
f 3731/3110 3518/2897 3730/3109
f 3732/3111 3733/3112 3734/3113
f 3735/3114 3734/3113 3733/3112
f 3734/3113 3735/3114 3736/3115
f 3735/3114 3737/3116 3736/3115
f 3736/3115 3737/3116 3738/3117
f 3739/3118 3738/3117 3737/3116
f 3738/3117 3739/3118 3740/3119
f 3741/3120 3740/3119 3739/3118
f 3740/3119 3741/3120 3742/3121
f 3743/3122 3742/3121 3741/3120
f 3743/3122 3744/3123 3742/3121
f 3744/3123 3745/3124 3742/3121
f 3745/3124 3744/3123 3746/3125
f 3747/3126 3746/3125 3744/3123
f 3748/3127 3749/3128 3750/3129
f 3749/3128 3748/3127 3751/3130
f 3752/3131 3751/3130 3748/3127
f 3753/3132 3749/3128 3751/3130
f 3750/3129 3754/3133 3748/3127
f 3755/3134 3748/3127 3754/3133
f 3748/3127 3755/3134 3752/3131
f 3756/3135 3752/3131 3755/3134
f 3757/3136 3752/3131 3756/3135
f 3751/3130 3752/3131 3757/3136
f 3754/3133 3750/3129 3758/3137
f 3757/3136 3759/3138 3751/3130
f 3757/3136 3760/3139 3759/3138
f 3761/3140 3751/3130 3759/3138
f 3751/3130 3761/3140 3753/3132
f 3761/3140 3759/3138 3760/3139
f 3762/3141 3757/3136 3756/3135
f 3763/3142 3762/3141 3756/3135
f 3762/3141 3763/3142 3764/3143
f 3762/3141 3764/3143 3765/3144
f 3766/3145 3765/3144 3764/3143
f 3764/3143 3767/3146 3766/3145
f 3768/3147 3766/3145 3767/3146
f 3766/3145 3769/3148 3765/3144
f 3769/3148 3766/3145 3770/3149
f 3768/3147 3770/3149 3766/3145
f 3771/3150 3764/3143 3763/3142
f 3764/3143 3771/3150 3767/3146
f 3772/3151 3767/3146 3771/3150
f 3767/3146 3773/3152 3768/3147
f 3773/3152 3767/3146 3772/3151
f 3774/3153 3768/3147 3773/3152
f 3770/3149 3768/3147 3774/3153
f 3772/3151 3775/3154 3773/3152
f 3774/3153 3773/3152 3775/3154
f 3765/3144 3769/3148 3776/3155
f 3776/3155 3777/3156 3765/3144
f 3777/3156 3762/3141 3765/3144
f 3757/3136 3762/3141 3777/3156
f 3757/3136 3777/3156 3760/3139
f 3771/3150 3778/3157 3772/3151
f 3778/3157 3771/3150 3779/3158
f 3763/3142 3779/3158 3771/3150
f 3779/3158 3763/3142 3780/3159
f 3756/3135 3780/3159 3763/3142
f 3781/3160 3772/3151 3778/3157
f 3772/3151 3781/3160 3775/3154
f 3782/3161 3775/3154 3781/3160
f 3756/3135 3755/3134 3780/3159
f 3755/3134 3783/3162 3780/3159
f 3784/3163 3785/3164 3786/3165
f 3787/3166 3785/3164 3784/3163
f 3784/3163 3788/3167 3787/3166
f 3788/3167 3789/3168 3787/3166
f 3790/3169 3787/3166 3789/3168
f 3786/3165 3791/3170 3784/3163
f 3792/3171 3784/3163 3791/3170
f 3784/3163 3792/3171 3788/3167
f 3786/3165 3793/3172 3791/3170
f 3794/3173 3788/3167 3792/3171
f 3788/3167 3794/3173 3789/3168
f 3795/3174 3789/3168 3794/3173
f 3789/3168 3796/3175 3790/3169
f 3797/3176 3790/3169 3796/3175
f 3796/3175 3789/3168 3798/3177
f 3795/3174 3798/3177 3789/3168
f 3799/3178 3795/3174 3794/3173
f 3794/3173 3792/3171 3799/3178
f 3795/3174 3799/3178 3800/3179
f 3801/3180 3798/3177 3795/3174
f 3795/3174 3802/3181 3801/3180
f 3795/3174 3800/3179 3802/3181
f 3802/3181 3803/3182 3801/3180
f 3803/3182 3802/3181 3804/3183
f 3804/3183 3805/3184 3803/3182
f 3806/3185 3801/3180 3803/3182
f 3807/3186 3803/3182 3805/3184
f 3803/3182 3807/3186 3806/3185
f 3805/3184 3808/3187 3807/3186
f 3809/3188 3806/3185 3807/3186
f 3808/3187 3810/3189 3807/3186
f 3811/3190 3807/3186 3810/3189
f 3807/3186 3811/3190 3809/3188
f 3812/3191 3809/3188 3811/3190
f 3799/3178 3813/3192 3800/3179
f 3813/3192 3799/3178 3814/3193
f 3815/3194 3814/3193 3799/3178
f 3814/3193 3815/3194 3816/3195
f 3817/3196 3816/3195 3815/3194
f 3815/3194 3791/3170 3817/3196
f 3815/3194 3792/3171 3791/3170
f 3799/3178 3792/3171 3815/3194
f 3793/3172 3817/3196 3791/3170
f 3814/3193 3818/3197 3813/3192
f 3819/3198 3813/3192 3818/3197
f 3818/3197 3814/3193 3820/3199
f 3816/3195 3820/3199 3814/3193
f 3816/3195 3817/3196 3820/3199
f 3821/3200 3813/3192 3819/3198
f 3810/3189 3822/3201 3811/3190
f 3818/3197 3823/3202 3819/3198
f 3823/3202 3818/3197 3824/3203
f 3820/3199 3824/3203 3818/3197
f 3825/3204 3820/3199 3817/3196
f 3825/3204 3817/3196 3793/3172
f 3820/3199 3826/3205 3824/3203
f 3826/3205 3820/3199 3825/3204
f 3827/3206 3824/3203 3826/3205
f 3824/3203 3828/3207 3823/3202
f 3829/3208 3823/3202 3828/3207
f 3828/3207 3824/3203 3830/3209
f 3827/3206 3830/3209 3824/3203
f 3828/3207 3831/3202 3829/3208
f 3832/3210 3829/3208 3831/3202
f 3831/3202 3828/3207 3833/3211
f 3830/3209 3833/3211 3828/3207
f 3826/3205 3834/3212 3827/3206
f 3835/3213 3827/3206 3834/3212
f 3827/3206 3835/3213 3830/3209
f 3836/3214 3830/3209 3835/3213
f 3830/3209 3836/3214 3833/3211
f 3833/3211 3836/3214 3837/3215
f 3837/3215 3838/3216 3833/3211
f 3839/3217 3838/3216 3837/3215
f 3838/3216 3839/3217 3840/3218
f 3838/3216 3840/3218 3841/3219
f 3833/3211 3838/3216 3841/3219
f 3841/3219 3831/3202 3833/3211
f 3842/3220 3841/3219 3840/3218
f 3841/3219 3842/3220 3843/3221
f 3831/3202 3841/3219 3843/3221
f 3843/3221 3832/3210 3831/3202
f 3844/3222 3843/3221 3842/3220
f 3843/3221 3844/3222 3845/3223
f 3832/3210 3843/3221 3845/3223
f 3845/3223 3846/3224 3832/3210
f 3847/3225 3832/3210 3846/3224
f 3848/3226 3845/3223 3844/3222
f 3844/3222 3849/3227 3848/3226
f 3850/3228 3848/3226 3849/3227
f 3849/3227 3844/3222 3851/3229
f 3842/3220 3851/3229 3844/3222
f 3851/3229 3842/3220 3852/3230
f 3840/3218 3852/3230 3842/3220
f 3849/3227 3853/3231 3850/3228
f 3854/3232 3850/3228 3853/3231
f 3853/3231 3849/3227 3855/3233
f 3851/3229 3855/3233 3849/3227
f 3855/3233 3851/3229 3856/3234
f 3852/3230 3856/3234 3851/3229
f 3845/3223 3857/3235 3846/3224
f 3858/3236 3846/3224 3857/3235
f 3857/3235 3845/3223 3859/3237
f 3848/3226 3859/3237 3845/3223
f 3852/3230 3860/3238 3856/3234
f 3861/3239 3856/3234 3860/3238
f 3852/3230 3840/3218 3860/3238
f 3840/3218 3862/3240 3860/3238
f 3862/3240 3840/3218 3839/3217
f 3839/3217 3863/3241 3862/3240
f 3864/3242 3862/3240 3863/3241
f 3862/3240 3864/3242 3860/3238
f 3860/3238 3865/3243 3861/3239
f 3865/3243 3860/3238 3864/3242
f 3866/3244 3861/3239 3865/3243
f 3863/3241 3839/3217 3867/3245
f 3837/3215 3867/3245 3839/3217
f 3863/3241 3868/3246 3864/3242
f 3868/3246 3863/3241 3867/3245
f 3869/3247 3864/3242 3868/3246
f 3864/3242 3869/3247 3865/3243
f 3865/3243 3870/3248 3866/3244
f 3870/3248 3865/3243 3869/3247
f 3871/3249 3866/3244 3870/3248
f 3869/3247 3868/3246 3872/3250
f 3868/3246 3873/3251 3872/3250
f 3859/3237 3872/3250 3873/3251
f 3873/3251 3857/3235 3859/3237
f 3857/3235 3873/3251 3874/3252
f 3875/3253 3874/3252 3873/3251
f 3872/3250 3859/3237 3876/3254
f 3870/3248 3869/3247 3876/3254
f 3869/3247 3872/3250 3876/3254
f 3877/3255 3876/3254 3859/3237
f 3859/3237 3848/3226 3877/3255
f 3850/3228 3877/3255 3848/3226
f 3877/3255 3850/3228 3878/3256
f 3854/3232 3878/3256 3850/3228
f 3876/3254 3877/3255 3879/3257
f 3878/3256 3879/3257 3877/3255
f 3871/3249 3870/3248 3879/3257
f 3870/3248 3876/3254 3879/3257
f 3880/3258 3875/3253 3873/3251
f 3881/3259 3880/3258 3873/3251
f 3868/3246 3881/3259 3873/3251
f 3881/3259 3882/3260 3880/3258
f 3882/3260 3883/3261 3880/3258
f 3882/3260 3836/3214 3883/3261
f 3835/3213 3883/3261 3836/3214
f 3883/3261 3835/3213 3884/3262
f 3834/3212 3884/3262 3835/3213
f 3836/3214 3882/3260 3837/3215
f 3867/3245 3837/3215 3882/3260
f 3867/3245 3881/3259 3868/3246
f 3867/3245 3882/3260 3881/3259
f 3880/3258 3883/3261 3885/3263
f 3884/3262 3886/3264 3883/3261
f 3885/3263 3883/3261 3886/3264
f 3880/3258 3885/3263 3875/3253
f 3885/3263 3887/3265 3875/3253
f 3885/3263 3886/3264 3887/3265
f 3886/3264 3888/3266 3887/3265
f 3889/3267 3887/3265 3888/3266
f 3887/3265 3889/3267 3890/3268
f 3890/3268 3875/3253 3887/3265
f 3874/3252 3875/3253 3890/3268
f 3888/3266 3891/3269 3889/3267
f 3892/3270 3889/3267 3891/3269
f 3893/3271 3889/3267 3892/3270
f 3891/3269 3819/3198 3892/3270
f 3894/3272 3819/3198 3891/3269
f 3892/3270 3819/3198 3823/3202
f 3895/3273 3892/3270 3823/3202
f 3895/3273 3893/3271 3892/3270
f 3823/3202 3896/3274 3895/3273
f 3821/3200 3819/3198 3894/3272
f 3888/3266 3886/3264 3897/3275
f 3888/3266 3897/3275 3891/3269
f 3897/3275 3894/3272 3891/3269
f 3898/3276 3897/3275 3886/3264
f 3886/3264 3884/3262 3898/3276
f 3899/3277 3898/3276 3884/3262
f 3884/3262 3834/3212 3899/3277
f 3900/3278 3899/3277 3834/3212
f 3834/3212 3826/3205 3900/3278
f 3825/3204 3900/3278 3826/3205
f 3901/3279 3821/3200 3894/3272
f 3898/3276 3901/3279 3897/3275
f 3901/3279 3894/3272 3897/3275
f 3821/3200 3901/3279 3902/3280
f 3805/3184 3821/3200 3902/3280
f 3805/3184 3902/3280 3808/3187
f 3903/3281 3808/3187 3902/3280
f 3808/3187 3903/3281 3810/3189
f 3904/3282 3810/3189 3903/3281
f 3810/3189 3904/3282 3905/3283
f 3906/3284 3905/3283 3904/3282
f 3907/3285 3904/3282 3903/3281
f 3903/3281 3898/3276 3907/3285
f 3904/3282 3907/3285 3908/3286
f 3908/3286 3906/3284 3904/3282
f 3898/3276 3909/3287 3907/3285
f 3910/3288 3907/3285 3909/3287
f 3911/3289 3908/3286 3907/3285
f 3907/3285 3910/3288 3911/3289
f 3911/3289 3910/3288 3912/3290
f 3913/3291 3912/3290 3910/3288
f 3905/3283 3822/3201 3810/3189
f 3909/3287 3914/3292 3910/3288
f 3915/3293 3910/3288 3914/3292
f 3910/3288 3915/3293 3913/3291
f 3916/3294 3913/3291 3915/3293
f 3914/3292 3917/3295 3915/3293
f 3915/3293 3918/3296 3916/3294
f 3918/3296 3915/3293 3919/3297
f 3919/3297 3915/3293 3917/3295
f 3920/3298 3916/3294 3918/3296
f 3909/3287 3921/3299 3914/3292
f 3898/3276 3899/3277 3909/3287
f 3909/3287 3899/3277 3921/3299
f 3899/3277 3922/3300 3921/3299
f 3922/3300 3923/3301 3921/3299
f 3923/3301 3924/3302 3921/3299
f 3900/3278 3922/3300 3899/3277
f 3900/3278 3793/3172 3922/3300
f 3900/3278 3825/3204 3793/3172
f 3925/3303 3920/3298 3918/3296
f 3918/3296 3926/3304 3925/3303
f 3927/3305 3916/3294 3920/3298
f 3920/3298 3928/3306 3927/3305
f 3928/3306 3920/3298 3929/3307
f 3925/3303 3929/3307 3920/3298
f 3928/3306 3929/3307 3927/3305
f 3930/3308 3927/3305 3929/3307
f 3929/3307 3925/3303 3930/3308
f 3927/3305 3930/3308 3931/3309
f 3916/3294 3927/3305 3931/3309
f 3931/3309 3932/3310 3916/3294
f 3933/3311 3930/3308 3925/3303
f 3926/3304 3933/3311 3925/3303
f 3926/3304 3934/3312 3933/3311
f 3935/3313 3933/3311 3934/3312
f 3935/3313 3936/3314 3932/3310
f 3934/3312 3937/3315 3935/3313
f 3938/3316 3935/3313 3937/3315
f 3938/3316 3936/3314 3935/3313
f 3936/3314 3938/3316 3939/3317
f 3939/3317 3938/3316 3937/3315
f 3913/3291 3936/3314 3939/3317
f 3936/3314 3913/3291 3932/3310
f 3932/3310 3913/3291 3916/3294
f 3939/3317 3912/3290 3913/3291
f 3937/3315 3940/3318 3939/3317
f 3940/3318 3912/3290 3939/3317
f 3912/3290 3940/3318 3911/3289
f 3941/3319 3911/3289 3940/3318
f 3911/3289 3941/3319 3908/3286
f 3942/3320 3908/3286 3941/3319
f 3908/3286 3942/3320 3906/3284
f 3943/3321 3906/3284 3942/3320
f 3906/3284 3943/3321 3905/3283
f 3944/3322 3905/3283 3943/3321
f 3905/3283 3944/3322 3822/3201
f 3945/3323 3822/3201 3944/3322
f 3822/3201 3945/3323 3946/3324
f 3946/3324 3811/3190 3822/3201
f 3811/3190 3946/3324 3812/3191
f 3947/3325 3812/3191 3946/3324
f 3948/3326 3946/3324 3945/3323
f 3946/3324 3948/3326 3947/3325
f 3949/3327 3947/3325 3948/3326
f 3945/3323 3950/3328 3948/3326
f 3951/3329 3948/3326 3950/3328
f 3948/3326 3951/3329 3949/3327
f 3943/3321 3952/3330 3944/3322
f 3953/3331 3944/3322 3952/3330
f 3950/3328 3945/3323 3953/3331
f 3944/3322 3953/3331 3945/3323
f 3952/3330 3943/3321 3954/3332
f 3942/3320 3954/3332 3943/3321
f 3954/3332 3942/3320 3955/3333
f 3941/3319 3955/3333 3942/3320
f 3955/3333 3941/3319 3956/3334
f 3940/3318 3956/3334 3941/3319
f 3957/3335 3949/3327 3951/3329
f 3950/3328 3958/3336 3951/3329
f 3959/3337 3951/3329 3958/3336
f 3951/3329 3959/3337 3957/3335
f 3952/3330 3960/3338 3953/3331
f 3961/3339 3953/3331 3960/3338
f 3958/3336 3950/3328 3961/3339
f 3953/3331 3961/3339 3950/3328
f 3956/3334 3962/3340 3955/3333
f 3963/3284 3955/3333 3962/3340
f 3955/3333 3963/3284 3954/3332
f 3962/3340 3956/3334 3934/3312
f 3964/3341 3954/3332 3963/3284
f 3960/3338 3952/3330 3964/3341
f 3954/3332 3964/3341 3952/3330
f 3965/3342 3957/3335 3959/3337
f 3937/3315 3934/3312 3956/3334
f 3956/3334 3940/3318 3937/3315
f 3966/3343 3949/3327 3957/3335
f 3949/3327 3966/3343 3967/3344
f 3967/3344 3947/3325 3949/3327
f 3947/3325 3967/3344 3968/3345
f 3968/3345 3812/3191 3947/3325
f 3812/3191 3968/3345 3969/3346
f 3969/3346 3809/3188 3812/3191
f 3809/3188 3969/3346 3970/3347
f 3970/3347 3806/3185 3809/3188
f 3806/3185 3970/3347 3971/3348
f 3971/3348 3801/3180 3806/3185
f 3801/3180 3971/3348 3972/3349
f 3801/3180 3972/3349 3973/3350
f 3973/3350 3798/3177 3801/3180
f 3974/3351 3798/3177 3973/3350
f 3975/3352 3974/3351 3973/3350
f 3974/3351 3975/3352 3976/3353
f 3977/3354 3974/3351 3976/3353
f 3977/3354 3976/3353 3978/3355
f 3978/3355 3979/3356 3977/3354
f 3980/3357 3979/3356 3978/3355
f 3974/3351 3977/3354 3981/3358
f 3978/3355 3982/3359 3980/3357
f 3982/3359 3978/3355 3983/3360
f 3983/3360 3976/3353 3975/3352
f 3976/3353 3983/3360 3978/3355
f 3982/3359 3984/3361 3980/3357
f 3981/3358 3796/3175 3974/3351
f 3798/3177 3974/3351 3796/3175
f 3796/3175 3981/3358 3797/3176
f 3975/3352 3973/3350 3985/3362
f 3985/3362 3983/3360 3975/3352
f 3986/3363 3985/3362 3973/3350
f 3987/3364 3983/3360 3985/3362
f 3982/3359 3983/3360 3987/3364
f 3982/3359 3988/3365 3984/3361
f 3988/3365 3982/3359 3987/3364
f 3979/3356 3989/3366 3977/3354
f 3990/3367 3977/3354 3989/3366
f 3977/3354 3990/3367 3981/3358
f 3991/3368 3981/3358 3990/3367
f 3981/3358 3991/3368 3797/3176
f 3797/3176 3991/3368 3790/3169
f 3992/3369 3790/3169 3991/3368
f 3790/3169 3992/3369 3787/3166
f 3993/3370 3787/3166 3992/3369
f 3787/3166 3993/3370 3785/3164
f 3986/3363 3994/3371 3985/3362
f 3995/3372 3985/3362 3994/3371
f 3985/3362 3995/3372 3987/3364
f 3996/3373 3987/3364 3995/3372
f 3987/3364 3996/3373 3988/3365
f 3994/3371 3997/3374 3995/3372
f 3997/3374 3994/3371 3998/3375
f 3999/3376 3995/3372 3997/3374
f 3995/3372 3999/3376 3996/3373
f 3999/3376 3988/3365 3996/3373
f 3998/3375 3994/3371 4000/3377
f 3998/3375 4001/3378 3997/3374
f 4002/3379 3997/3374 4001/3378
f 3997/3374 4002/3379 3999/3376
f 4002/3379 4003/3380 3999/3376
f 4003/3380 4002/3379 4004/3381
f 4001/3378 4005/3382 4002/3379
f 4005/3382 4001/3378 4006/3383
f 4007/3384 4006/3383 4001/3378
f 4001/3378 4008/3385 4007/3384
f 4001/3378 3998/3375 4008/3385
f 4006/3383 4007/3384 4009/3386
f 4010/3387 4002/3379 4005/3382
f 4002/3379 4010/3387 4004/3381
f 4009/3386 4011/3388 4006/3383
f 4012/3389 4006/3383 4011/3388
f 4006/3383 4012/3389 4005/3382
f 4013/3390 4005/3382 4012/3389
f 4005/3382 4013/3390 4010/3387
f 4008/3385 4014/3391 4007/3384
f 4015/3392 4007/3384 4014/3391
f 4007/3384 4015/3392 4009/3386
f 4016/3393 4009/3386 4015/3392
f 4009/3386 4016/3393 4017/3394
f 4018/3395 4009/3386 4017/3394
f 4012/3389 4011/3388 4018/3395
f 4009/3386 4018/3395 4011/3388
f 4017/3394 4019/3396 4018/3395
f 4019/3396 4017/3394 4020/3397
f 4021/3398 4018/3395 4019/3396
f 4018/3395 4021/3398 4022/3399
f 4013/3390 4012/3389 4022/3399
f 4018/3395 4022/3399 4012/3389
f 4023/3400 4022/3399 4021/3398
f 4022/3399 4023/3400 4024/3401
f 4022/3399 4024/3401 4013/3390
f 4020/3397 4025/3402 4019/3396
f 4025/3402 4020/3397 4026/3403
f 4027/3404 4019/3396 4025/3402
f 4019/3396 4027/3404 4021/3398
f 4028/3405 4021/3398 4027/3404
f 4021/3398 4028/3405 4023/3400
f 4026/3403 4029/3406 4025/3402
f 4029/3406 4026/3403 4030/3407
f 4031/3408 4025/3402 4029/3406
f 4025/3402 4031/3408 4027/3404
f 4032/3409 4027/3404 4031/3408
f 4027/3404 4032/3409 4028/3405
f 4017/3394 4033/3410 4020/3397
f 4033/3410 4017/3394 4016/3393
f 4023/3400 4034/3411 4024/3401
f 4035/3412 4024/3401 4034/3411
f 4034/3411 4023/3400 4036/3413
f 4032/3409 4037/3414 4028/3405
f 4037/3414 4032/3409 4038/3415
f 4037/3414 4023/3400 4028/3405
f 4037/3414 4036/3413 4023/3400
f 4036/3413 4039/3416 4034/3411
f 4039/3416 4036/3413 4040/3417
f 4037/3414 4040/3417 4036/3413
f 4038/3415 4041/3418 4037/3414
f 4040/3417 4037/3414 4041/3418
f 4041/3418 4038/3415 4042/3419
f 4043/3420 4034/3411 4039/3416
f 4034/3411 4043/3420 4035/3412
f 4040/3417 4044/3421 4039/3416
f 4043/3420 4039/3416 4044/3421
f 4044/3421 4040/3417 4045/3422
f 4041/3418 4045/3422 4040/3417
f 4042/3419 4046/3423 4041/3418
f 4045/3422 4041/3418 4046/3423
f 4046/3423 4042/3419 4047/3424
f 4048/3425 4044/3421 4045/3422
f 4048/3425 4049/3426 4044/3421
f 4049/3426 4048/3425 4033/3410
f 4033/3410 4016/3393 4049/3426
f 4015/3392 4049/3426 4016/3393
f 4049/3426 4015/3392 4050/3427
f 4051/3428 4033/3410 4048/3425
f 4051/3428 4045/3422 4046/3423
f 4051/3428 4048/3425 4045/3422
f 4033/3410 4051/3428 4052/3429
f 4052/3429 4020/3397 4033/3410
f 4020/3397 4052/3429 4026/3403
f 4053/3430 4026/3403 4052/3429
f 4026/3403 4053/3430 4030/3407
f 4054/3431 4052/3429 4051/3428
f 4052/3429 4054/3431 4053/3430
f 4054/3431 4046/3423 4047/3424
f 4054/3431 4051/3428 4046/3423
f 4049/3426 4050/3427 4055/3432
f 4049/3426 4055/3432 4044/3421
f 4044/3421 4055/3432 4056/3433
f 4055/3432 4057/3434 4056/3433
f 4055/3432 4058/3435 4057/3434
f 4058/3435 4059/3436 4057/3434
f 4059/3436 4058/3435 4060/3437
f 4060/3437 4010/3387 4059/3436
f 4010/3387 4060/3437 4004/3381
f 4061/3438 4004/3381 4060/3437
f 4004/3381 4061/3438 4003/3380
f 4013/3390 4059/3436 4010/3387
f 4035/3412 4059/3436 4013/3390
f 4035/3412 4057/3434 4059/3436
f 4013/3390 4024/3401 4035/3412
f 4062/3439 4060/3437 4058/3435
f 4060/3437 4062/3439 4061/3438
f 4057/3434 4035/3412 4043/3420
f 4044/3421 4056/3433 4043/3420
f 4056/3433 4057/3434 4043/3420
f 4063/3440 4058/3435 4055/3432
f 4058/3435 4064/3441 4062/3439
f 4064/3441 4058/3435 4063/3440
f 4065/3442 4064/3441 4063/3440
f 4050/3427 4065/3442 4063/3440
f 4050/3427 4014/3391 4065/3442
f 4014/3391 4050/3427 4015/3392
f 4066/3443 4065/3442 4014/3391
f 4066/3443 4014/3391 4008/3385
f 4008/3385 3998/3375 4066/3443
f 4066/3443 3998/3375 4067/3444
f 4067/3444 3998/3375 4000/3377
f 4065/3442 4066/3443 4068/3445
f 4065/3442 4068/3445 4064/3441
f 4050/3427 4063/3440 4055/3432
f 4069/3446 4062/3439 4064/3441
f 4062/3439 4069/3446 4070/3447
f 4070/3447 4061/3438 4062/3439
f 4061/3438 4070/3447 4071/3448
f 4071/3448 4003/3380 4061/3438
f 4003/3380 4071/3448 4072/3449
f 4072/3449 3999/3376 4003/3380
f 3988/3365 3999/3376 4072/3449
f 3984/3361 3988/3365 4072/3449
f 3984/3361 4072/3449 4071/3448
f 4067/3444 4000/3377 4073/3450
f 4074/3451 4073/3450 4000/3377
f 4074/3451 4000/3377 4075/3452
f 4076/3453 4074/3451 4075/3452
f 3970/3347 4076/3453 4075/3452
f 4075/3452 3971/3348 3970/3347
f 3971/3348 4075/3452 4077/3454
f 4077/3454 3972/3349 3971/3348
f 3970/3347 4078/3455 4076/3453
f 4078/3455 3970/3347 3969/3346
f 4077/3454 4079/3456 3972/3349
f 4079/3456 4077/3454 4000/3377
f 4000/3377 4077/3454 4075/3452
f 3969/3346 4080/3457 4078/3455
f 4080/3457 3969/3346 3968/3345
f 4074/3451 4076/3453 4081/3458
f 4078/3455 4081/3458 4076/3453
f 4081/3458 4078/3455 4082/3459
f 4083/3460 4082/3459 4078/3455
f 4078/3455 4080/3457 4083/3460
f 4082/3459 4083/3460 4084/3461
f 4079/3456 3986/3363 3972/3349
f 3994/3371 4079/3456 4000/3377
f 4079/3456 3994/3371 3986/3363
f 3972/3349 3986/3363 3973/3350
f 4081/3458 4082/3459 4085/3462
f 4085/3462 4069/3446 4081/3458
f 4086/3463 4085/3462 4082/3459
f 4082/3459 4084/3461 4086/3463
f 4085/3462 4087/3464 4069/3446
f 4087/3464 4085/3462 4088/3465
f 4085/3462 4086/3463 4089/3466
f 4089/3466 4088/3465 4085/3462
f 4090/3467 4088/3465 4089/3466
f 4088/3465 4090/3467 4091/3468
f 4088/3465 4092/3469 4087/3464
f 4092/3469 4088/3465 4093/3470
f 4091/3468 4093/3470 4088/3465
f 4093/3470 4091/3468 4094/3471
f 4093/3470 4095/3472 4092/3469
f 4094/3471 4096/3473 4093/3470
f 4097/3474 4093/3470 4096/3473
f 4095/3472 4093/3470 4097/3474
f 4096/3473 4094/3471 4098/3475
f 4092/3469 4099/3476 4087/3464
f 4087/3464 4070/3447 4069/3446
f 4099/3476 4070/3447 4087/3464
f 4099/3476 4100/3477 4070/3447
f 4099/3476 4101/3478 4100/3477
f 4099/3476 4102/3479 4101/3478
f 4070/3447 4100/3477 4071/3448
f 4100/3477 3984/3361 4071/3448
f 4096/3473 4098/3475 4103/3480
f 4103/3480 4104/3481 4096/3473
f 4098/3475 4094/3471 4105/3482
f 4091/3468 4105/3482 4094/3471
f 4105/3482 4091/3468 4106/3483
f 4090/3467 4106/3483 4091/3468
f 4106/3483 4090/3467 4107/3484
f 4089/3466 4107/3484 4090/3467
f 4107/3484 4089/3466 4108/3485
f 4086/3463 4108/3485 4089/3466
f 4108/3485 4086/3463 4109/3486
f 4084/3461 4109/3486 4086/3463
f 4109/3486 4084/3461 4110/3487
f 4083/3460 4110/3487 4084/3461
f 4110/3487 4083/3460 4111/3488
f 4080/3457 4111/3488 4083/3460
f 4111/3488 4080/3457 4112/3489
f 3968/3345 4112/3489 4080/3457
f 4112/3489 3968/3345 3967/3344
f 3967/3344 4113/3490 4112/3489
f 4113/3490 3967/3344 3966/3343
f 4111/3488 4114/3491 4110/3487
f 4114/3491 4111/3488 4115/3492
f 4115/3492 4112/3489 4113/3490
f 4112/3489 4115/3492 4111/3488
f 4109/3486 4116/3493 4108/3485
f 4117/3494 4108/3485 4116/3493
f 4116/3493 4109/3486 4118/3495
f 4118/3495 4110/3487 4114/3491
f 4110/3487 4118/3495 4109/3486
f 3966/3343 4119/3496 4113/3490
f 4119/3496 3966/3343 4120/3497
f 4115/3492 4121/3498 4114/3491
f 4121/3498 4115/3492 4122/3499
f 4122/3499 4113/3490 4119/3496
f 4113/3490 4122/3499 4115/3492
f 4116/3493 4123/3500 4117/3494
f 4123/3500 4116/3493 4124/3501
f 4118/3495 4124/3501 4116/3493
f 4125/3502 4117/3494 4123/3500
f 4117/3494 4125/3502 4126/3503
f 4126/3503 4107/3484 4117/3494
f 4108/3485 4117/3494 4107/3484
f 4107/3484 4126/3503 4106/3483
f 4127/3504 4106/3483 4126/3503
f 4106/3483 4127/3504 4105/3482
f 4128/3505 4105/3482 4127/3504
f 4105/3482 4128/3505 4129/3506
f 4105/3482 4129/3506 4098/3475
f 4128/3505 4098/3475 4129/3506
f 4098/3475 4128/3505 4103/3480
f 4127/3504 4103/3480 4128/3505
f 4130/3507 4126/3503 4125/3502
f 4126/3503 4130/3507 4127/3504
f 4103/3480 4127/3504 4130/3507
f 4103/3480 4130/3507 4104/3481
f 4130/3507 4125/3502 4104/3481
f 4124/3501 4118/3495 4131/3508
f 4114/3491 4131/3508 4118/3495
f 4131/3508 4114/3491 4121/3498
f 3821/3200 3804/3183 4132/3509
f 3802/3181 4132/3509 3804/3183
f 3805/3184 3804/3183 3821/3200
f 3802/3181 3800/3179 4132/3509
f 3821/3200 4132/3509 3813/3192
f 3800/3179 3813/3192 4132/3509
f 4133/3510 4134/3511 4135/3512
f 4133/3510 4136/3513 4134/3511
f 4137/3514 4136/3513 4133/3510
f 4134/3511 4136/3513 4138/3515
f 4138/3515 4136/3513 4139/3516
f 4139/3516 4136/3513 4140/3517
f 4140/3517 4136/3513 4141/3518
f 4141/3518 4136/3513 4142/3519
f 4142/3519 4136/3513 4137/3514
f 4141/3518 4142/3519 4143/3520
f 4133/3510 4144/3521 4137/3514
f 4135/3512 4144/3521 4133/3510
f 4145/3522 3902/3280 3901/3279
f 3903/3281 3902/3280 4145/3522
f 4145/3522 3901/3279 3898/3276
f 3903/3281 4145/3522 3898/3276
f 4146/3523 4147/3524 4148/3525
f 4149/3526 4148/3525 4147/3524
f 4147/3524 4146/3523 4150/3527
f 4151/3528 4150/3527 4146/3523
f 4150/3527 4151/3528 4152/3529
f 4153/3530 4152/3529 4151/3528
f 4152/3529 4153/3530 4154/3531
f 4155/3532 4154/3531 4153/3530
f 4148/3525 4149/3526 4156/3533
f 4157/3534 4156/3533 4149/3526
f 4158/3535 4156/3533 4157/3534
f 4158/3535 4159/3536 4156/3533
f 4158/3535 4160/3537 4159/3536
f 4160/3537 4158/3535 4157/3534
f 4161/3538 4159/3536 4160/3537
f 4160/3537 4162/3539 4161/3538
f 4162/3539 4160/3537 4157/3534
f 4161/3538 4162/3539 4163/3540
f 4163/3540 4162/3539 4164/3541
f 4165/3542 4164/3541 4162/3539
f 4166/3543 4164/3541 4165/3542
f 4165/3542 4167/3544 4166/3543
f 4167/3544 4168/3545 4166/3543
f 4169/3546 4166/3543 4168/3545
f 4168/3545 4170/3547 4169/3546
f 4171/3548 4169/3546 4170/3547
f 4163/3540 4172/3549 4161/3538
f 4159/3536 4161/3538 4173/3550
f 4172/3549 4173/3550 4161/3538
f 4163/3540 4173/3550 4172/3549
f 4164/3541 4174/3551 4163/3540
f 4175/3552 4163/3540 4174/3551
f 4163/3540 4175/3552 4173/3550
f 4174/3551 4164/3541 4176/3553
f 4166/3543 4176/3553 4164/3541
f 4171/3548 4176/3553 4169/3546
f 4166/3543 4169/3546 4176/3553
f 4159/3536 4175/3552 4173/3550
f 4159/3536 4156/3533 4175/3552
f 4170/3547 4177/3554 4171/3548
f 4177/3554 4176/3553 4171/3548
f 4177/3554 4170/3547 4178/3555
f 4178/3555 4179/3556 4177/3554
f 4176/3553 4177/3554 4179/3556
f 4179/3556 4178/3555 4180/3557
f 4179/3556 4180/3557 4181/3558
f 4181/3558 4182/3559 4179/3556
f 4176/3553 4182/3559 4174/3551
f 4182/3559 4176/3553 4179/3556
f 4183/3560 4182/3559 4181/3558
f 4182/3559 4183/3560 4184/3561
f 4174/3551 4184/3561 4175/3552
f 4184/3561 4174/3551 4182/3559
f 4184/3561 4183/3560 4185/3562
f 4185/3562 4183/3560 4186/3563
f 4185/3562 4187/3564 4184/3561
f 4186/3563 4188/3565 4185/3562
f 4175/3552 4156/3533 4188/3565
f 4188/3565 4186/3563 4189/3566
f 4156/3533 4188/3565 4189/3566
f 4190/3567 4185/3562 4188/3565
f 4185/3562 4190/3567 4187/3564
f 4187/3564 4190/3567 4184/3561
f 4190/3567 4175/3552 4184/3561
f 4188/3565 4175/3552 4190/3567
f 4191/3568 4186/3563 4183/3560
f 4191/3568 4189/3566 4186/3563
f 4191/3568 4156/3533 4189/3566
f 4192/3569 4156/3533 4191/3568
f 4156/3533 4192/3569 4148/3525
f 4193/3570 4148/3525 4192/3569
f 4148/3525 4193/3570 4146/3523
f 4194/3571 4146/3523 4193/3570
f 4146/3523 4194/3571 4151/3528
f 4195/3572 4151/3528 4194/3571
f 4151/3528 4195/3572 4153/3530
f 4196/3573 4153/3530 4195/3572
f 4153/3530 4196/3573 4155/3532
f 4155/3532 4196/3573 4197/3574
f 4198/3575 4155/3532 4197/3574
f 4199/3576 4155/3532 4198/3575
f 4199/3576 4154/3531 4155/3532
f 4154/3531 4199/3576 4200/3577
f 4201/3578 4197/3574 4196/3573
f 4202/3579 3933/3311 3935/3313
f 3932/3310 4202/3579 3935/3313
f 3932/3310 3931/3309 4202/3579
f 3931/3309 3930/3308 4202/3579
f 3930/3308 3933/3311 4202/3579
f 4203/3580 3854/3232 4204/3581
f 3853/3231 4204/3581 3854/3232
f 4204/3581 3853/3231 4205/3582
f 3855/3233 4205/3582 3853/3231
f 4205/3582 3855/3233 4206/3583
f 3856/3234 4206/3583 3855/3233
f 4206/3583 3856/3234 4207/3584
f 3861/3239 4207/3584 3856/3234
f 4207/3584 3861/3239 4208/3585
f 3866/3244 4208/3585 3861/3239
f 3854/3232 4203/3580 3878/3256
f 4209/3586 3878/3256 4203/3580
f 4208/3585 3866/3244 4210/3587
f 3871/3249 4210/3587 3866/3244
f 3878/3256 4209/3586 3879/3257
f 4211/3588 3879/3257 4209/3586
f 4210/3587 3871/3249 4211/3588
f 3879/3257 4211/3588 3871/3249
f 4206/3583 4212/3589 4205/3582
f 4213/3590 4205/3582 4212/3589
f 4205/3582 4213/3590 4204/3581
f 4214/3591 4204/3581 4213/3590
f 4204/3581 4214/3591 4203/3580
f 4215/3592 4203/3580 4214/3591
f 4203/3580 4215/3592 4209/3586
f 4216/3593 4209/3586 4215/3592
f 4209/3586 4216/3593 4211/3588
f 4210/3587 4217/3594 4208/3585
f 4218/3595 4211/3588 4216/3593
f 4217/3594 4210/3587 4218/3595
f 4211/3588 4218/3595 4210/3587
f 4212/3589 4206/3583 4219/3596
f 4207/3584 4219/3596 4206/3583
f 4219/3596 4207/3584 4220/3597
f 4208/3585 4220/3597 4207/3584
f 4220/3597 4208/3585 4217/3594
f 3832/3210 3847/3225 3829/3208
f 4221/3598 3829/3208 3847/3225
f 4221/3598 4222/3599 3829/3208
f 3896/3274 3829/3208 4222/3599
f 3823/3202 3829/3208 3896/3274
f 4222/3599 4221/3598 4223/3600
f 3847/3225 4223/3600 4221/3598
f 3896/3274 4222/3599 4223/3600
f 4223/3600 3847/3225 4224/3601
f 4225/3602 4224/3601 3847/3225
f 4225/3602 3847/3225 4226/3603
f 3846/3224 4226/3603 3847/3225
f 4226/3603 3846/3224 4227/3604
f 3858/3236 4227/3604 3846/3224
f 4224/3601 4225/3602 4228/3605
f 4226/3603 4228/3605 4225/3602
f 4223/3600 4224/3601 4228/3605
f 4228/3605 4226/3603 4229/3606
f 4227/3604 4229/3606 4226/3603
f 4227/3604 3858/3236 4229/3606
f 4230/3607 4229/3606 3858/3236
f 4228/3605 4229/3606 4230/3607
f 3857/3235 4230/3607 3858/3236
f 4231/3608 4228/3605 4230/3607
f 4223/3600 4228/3605 4231/3608
f 4232/3609 4233/3610 4234/3611
f 4232/3609 4235/3612 4233/3610
f 4233/3610 4235/3612 4236/3613
f 4233/3610 4236/3613 4234/3611
f 4235/3612 4237/3614 4236/3613
f 4236/3613 4237/3614 4238/3612
f 4238/3612 4239/3615 4232/3609
f 4232/3609 4239/3615 4235/3612
f 4240/3610 4238/3612 4232/3609
f 4236/3613 4238/3612 4240/3610
f 4236/3613 4240/3610 4234/3611
f 4240/3610 4232/3609 4234/3611
f 4238/3612 4241/3616 4239/3615
f 4237/3614 4241/3616 4238/3612
f 4241/3616 4242/3617 4239/3615
f 4237/3614 4243/3618 4241/3616
f 4244/3616 4243/3618 4237/3614
f 4235/3612 4244/3616 4237/3614
f 4239/3615 4244/3616 4235/3612
f 4239/3615 4242/3617 4244/3616
f 4241/3616 4245/3619 4242/3617
f 4243/3618 4245/3619 4241/3616
f 4245/3619 4246/3620 4242/3617
f 4242/3617 4246/3620 4244/3616
f 4243/3618 4247/3621 4245/3619
f 4244/3616 4247/3621 4243/3618
f 4244/3616 4248/3619 4247/3621
f 4246/3620 4248/3619 4244/3616
f 4249/3622 4250/3623 4251/3624
f 4252/3625 4251/3624 4250/3623
f 4251/3624 4252/3625 4253/3626
f 4252/3625 4250/3623 4254/3627
f 4251/3624 4255/3628 4249/3622
f 4255/3628 4251/3624 4256/3629
f 4253/3626 4256/3629 4251/3624
f 4256/3629 4253/3626 4257/3630
f 4257/3630 4253/3626 4258/3631
f 4258/3631 4253/3626 4252/3625
f 4259/3632 4249/3622 4255/3628
f 4252/3625 4260/3633 4258/3631
f 4260/3633 4261/3634 4258/3631
f 4260/3633 4252/3625 4262/3635
f 4254/3627 4262/3635 4252/3625
f 4261/3634 4260/3633 4262/3635
f 4257/3630 4258/3631 4263/3636
f 4257/3630 4263/3636 4264/3637
f 4265/3638 4264/3637 4263/3636
f 4266/3639 4265/3638 4263/3636
f 4265/3638 4266/3639 4267/3640
f 4267/3640 4268/3641 4265/3638
f 4268/3641 4267/3640 4269/3642
f 4266/3639 4270/3643 4267/3640
f 4271/3644 4267/3640 4270/3643
f 4267/3640 4271/3644 4269/3642
f 4264/3637 4265/3638 4272/3645
f 4268/3641 4272/3645 4265/3638
f 4272/3645 4268/3641 4273/3646
f 4269/3642 4274/3647 4268/3641
f 4273/3646 4268/3641 4274/3647
f 4274/3647 4269/3642 4275/3648
f 4275/3648 4269/3642 4271/3644
f 4274/3647 4276/3649 4273/3646
f 4276/3649 4274/3647 4275/3648
f 4277/3650 4270/3643 4266/3639
f 4266/3639 4278/3651 4277/3650
f 4266/3639 4263/3636 4278/3651
f 4278/3651 4263/3636 4258/3631
f 4261/3634 4278/3651 4258/3631
f 4273/3646 4279/3652 4272/3645
f 4280/3653 4272/3645 4279/3652
f 4272/3645 4280/3653 4264/3637
f 4281/3654 4264/3637 4280/3653
f 4264/3637 4281/3654 4257/3630
f 4279/3652 4273/3646 4282/3655
f 4276/3649 4282/3655 4273/3646
f 4282/3655 4276/3649 4283/3656
f 4281/3654 4256/3629 4257/3630
f 4281/3654 4284/3657 4256/3629
f 4285/3658 4064/3441 4068/3445
f 4064/3441 4285/3658 4069/3446
f 4066/3443 4285/3658 4068/3445
f 4066/3443 4067/3444 4285/3658
f 4285/3658 4073/3450 4069/3446
f 4285/3658 4067/3444 4073/3450
f 4069/3446 4073/3450 4286/3659
f 4073/3450 4074/3451 4286/3659
f 4286/3659 4074/3451 4081/3458
f 4069/3446 4286/3659 4081/3458
f 4120/3497 3957/3335 4287/3660
f 3957/3335 4120/3497 3966/3343
f 4288/3661 4030/3407 4289/3662
f 4030/3407 4288/3661 4029/3406
f 4290/3663 4029/3406 4288/3661
f 4029/3406 4290/3663 4031/3408
f 4291/3664 4031/3408 4290/3663
f 4031/3408 4291/3664 4032/3409
f 4292/3665 4032/3409 4291/3664
f 4032/3409 4292/3665 4038/3415
f 4293/3666 4038/3415 4292/3665
f 4038/3415 4293/3666 4042/3419
f 4053/3430 4289/3662 4030/3407
f 4289/3662 4053/3430 4294/3667
f 4295/3668 4042/3419 4293/3666
f 4042/3419 4295/3668 4047/3424
f 4054/3431 4294/3667 4053/3430
f 4294/3667 4054/3431 4296/3669
f 4296/3669 4047/3424 4295/3668
f 4047/3424 4296/3669 4054/3431
f 4288/3661 4297/3670 4290/3663
f 4297/3670 4288/3661 4298/3671
f 4289/3662 4298/3671 4288/3661
f 4298/3671 4289/3662 4299/3672
f 4294/3667 4299/3672 4289/3662
f 4292/3665 4300/3673 4293/3666
f 4300/3673 4292/3665 4301/3674
f 4291/3664 4301/3674 4292/3665
f 4301/3674 4291/3664 4302/3675
f 4302/3675 4290/3663 4297/3670
f 4290/3663 4302/3675 4291/3664
f 4299/3672 4294/3667 4303/3676
f 4296/3669 4303/3676 4294/3667
f 4303/3676 4296/3669 4304/3677
f 4295/3668 4304/3677 4296/3669
f 4304/3677 4295/3668 4305/3678
f 4305/3678 4293/3666 4300/3673
f 4293/3666 4305/3678 4295/3668
f 4306/3679 4307/3680 4308/3681
f 4307/3680 4309/3682 4308/3681
f 4309/3682 4310/3683 4308/3681
f 4310/3683 4311/3684 4308/3681
f 4311/3684 4312/3685 4308/3681
f 4312/3685 4313/3686 4308/3681
f 4313/3686 4314/3687 4308/3681
f 4314/3687 4315/3688 4308/3681
f 4315/3688 4316/3689 4308/3681
f 4316/3689 4317/3690 4308/3681
f 4317/3690 4318/3691 4308/3681
f 4318/3691 4306/3679 4308/3681
f 4319/3692 4307/3680 4306/3679
f 4320/3693 4319/3692 4306/3679
f 4320/3693 4306/3679 4318/3691
f 4319/3692 4321/3694 4307/3680
f 4321/3694 4309/3682 4307/3680
f 4321/3694 4322/3695 4309/3682
f 4322/3695 4310/3683 4309/3682
f 4322/3695 4323/3696 4310/3683
f 4323/3696 4311/3684 4310/3683
f 4323/3696 4324/3697 4311/3684
f 4324/3697 4312/3685 4311/3684
f 4324/3697 4325/3698 4312/3685
f 4312/3685 4325/3698 4313/3686
f 4325/3698 4326/3699 4313/3686
f 4326/3699 4314/3687 4313/3686
f 4326/3699 4327/3700 4314/3687
f 4327/3700 4315/3688 4314/3687
f 4327/3700 4328/3701 4315/3688
f 4328/3701 4316/3689 4315/3688
f 4328/3701 4329/3702 4316/3689
f 4329/3702 4317/3690 4316/3689
f 4329/3702 4330/3703 4317/3690
f 4330/3703 4318/3691 4317/3690
f 4330/3703 4320/3693 4318/3691
f 4331/3704 4319/3692 4320/3693
f 4332/3705 4331/3704 4320/3693
f 4332/3705 4320/3693 4330/3703
f 4331/3704 4333/3706 4319/3692
f 4333/3706 4321/3694 4319/3692
f 4333/3706 4334/3707 4321/3694
f 4334/3707 4322/3695 4321/3694
f 4334/3707 4335/3708 4322/3695
f 4335/3708 4323/3696 4322/3695
f 4335/3708 4336/3709 4323/3696
f 4336/3709 4324/3697 4323/3696
f 4336/3709 4337/3710 4324/3697
f 4337/3710 4325/3698 4324/3697
f 4337/3710 4338/3711 4325/3698
f 4338/3711 4326/3699 4325/3698
f 4338/3711 4327/3700 4326/3699
f 4338/3711 4339/3712 4327/3700
f 4339/3712 4340/3713 4327/3700
f 4340/3713 4328/3701 4327/3700
f 4340/3713 4341/3714 4328/3701
f 4341/3714 4329/3702 4328/3701
f 4341/3714 4342/3715 4329/3702
f 4342/3715 4330/3703 4329/3702
f 4342/3715 4332/3705 4330/3703
f 4343/3716 4331/3704 4332/3705
f 4344/3717 4343/3716 4332/3705
f 4344/3717 4332/3705 4342/3715
f 4343/3716 4345/3718 4331/3704
f 4345/3718 4333/3706 4331/3704
f 4345/3718 4346/3719 4333/3706
f 4346/3719 4334/3707 4333/3706
f 4346/3719 4347/3720 4334/3707
f 4347/3720 4335/3708 4334/3707
f 4347/3720 4348/3721 4335/3708
f 4348/3721 4336/3709 4335/3708
f 4348/3721 4349/3722 4336/3709
f 4349/3722 4337/3710 4336/3709
f 4349/3722 4350/3723 4337/3710
f 4350/3723 4338/3711 4337/3710
f 4350/3723 4351/3724 4338/3711
f 4351/3724 4339/3712 4338/3711
f 4351/3724 4352/3725 4339/3712
f 4352/3725 4340/3713 4339/3712
f 4352/3725 4353/3726 4340/3713
f 4353/3726 4341/3714 4340/3713
f 4353/3726 4354/3727 4341/3714
f 4354/3727 4342/3715 4341/3714
f 4354/3727 4344/3717 4342/3715
f 4355/3728 4343/3716 4344/3717
f 4356/3729 4355/3728 4344/3717
f 4356/3729 4344/3717 4354/3727
f 4355/3728 4357/3730 4343/3716
f 4357/3730 4345/3718 4343/3716
f 4357/3730 4358/3731 4345/3718
f 4358/3731 4346/3719 4345/3718
f 4358/3731 4359/3732 4346/3719
f 4359/3732 4347/3720 4346/3719
f 4359/3732 4360/3733 4347/3720
f 4360/3733 4348/3721 4347/3720
f 4360/3733 4361/3734 4348/3721
f 4361/3734 4349/3722 4348/3721
f 4361/3734 4362/3735 4349/3722
f 4362/3735 4350/3723 4349/3722
f 4362/3735 4363/3736 4350/3723
f 4363/3736 4351/3724 4350/3723
f 4363/3736 4364/3737 4351/3724
f 4364/3737 4352/3725 4351/3724
f 4364/3737 4365/3738 4352/3725
f 4365/3738 4353/3726 4352/3725
f 4365/3738 4366/3739 4353/3726
f 4366/3739 4354/3727 4353/3726
f 4366/3739 4356/3729 4354/3727
f 4355/3728 4356/3729 4367/3740
f 4357/3730 4355/3728 4367/3740
f 4358/3731 4357/3730 4367/3740
f 4359/3732 4358/3731 4367/3740
f 4360/3733 4359/3732 4367/3740
f 4361/3734 4360/3733 4367/3740
f 4362/3735 4361/3734 4367/3740
f 4363/3736 4362/3735 4367/3740
f 4364/3737 4363/3736 4367/3740
f 4365/3738 4364/3737 4367/3740
f 4366/3739 4365/3738 4367/3740
f 4356/3729 4366/3739 4367/3740
f 4368/3679 4369/3680 4370/3681
f 4369/3680 4371/3682 4370/3681
f 4371/3682 4372/3683 4370/3681
f 4372/3683 4373/3684 4370/3681
f 4373/3684 4374/3685 4370/3681
f 4374/3685 4375/3686 4370/3681
f 4375/3686 4376/3687 4370/3681
f 4376/3687 4377/3741 4370/3681
f 4377/3741 4378/3742 4370/3681
f 4378/3742 4379/3743 4370/3681
f 4379/3743 4380/3691 4370/3681
f 4380/3691 4368/3679 4370/3681
f 4381/3744 4369/3680 4368/3679
f 4382/3693 4381/3744 4368/3679
f 4382/3693 4368/3679 4380/3691
f 4381/3744 4383/3745 4369/3680
f 4383/3745 4371/3682 4369/3680
f 4383/3745 4384/3695 4371/3682
f 4384/3695 4372/3683 4371/3682
f 4384/3695 4385/3696 4372/3683
f 4385/3696 4373/3684 4372/3683
f 4385/3696 4386/3697 4373/3684
f 4386/3697 4374/3685 4373/3684
f 4386/3697 4387/3698 4374/3685
f 4374/3685 4387/3698 4375/3686
f 4387/3698 4388/3746 4375/3686
f 4388/3746 4376/3687 4375/3686
f 4388/3746 4389/3747 4376/3687
f 4389/3747 4377/3741 4376/3687
f 4389/3747 4390/3748 4377/3741
f 4390/3748 4378/3742 4377/3741
f 4390/3748 4391/3749 4378/3742
f 4391/3749 4379/3743 4378/3742
f 4391/3749 4392/3750 4379/3743
f 4392/3750 4380/3691 4379/3743
f 4392/3750 4382/3693 4380/3691
f 4393/3751 4381/3744 4382/3693
f 4394/3705 4393/3751 4382/3693
f 4394/3705 4382/3693 4392/3750
f 4393/3751 4395/3752 4381/3744
f 4395/3752 4383/3745 4381/3744
f 4395/3752 4396/3707 4383/3745
f 4396/3707 4384/3695 4383/3745
f 4396/3707 4397/3708 4384/3695
f 4397/3708 4385/3696 4384/3695
f 4397/3708 4398/3709 4385/3696
f 4398/3709 4386/3697 4385/3696
f 4398/3709 4399/3710 4386/3697
f 4399/3710 4387/3698 4386/3697
f 4399/3710 4400/3753 4387/3698
f 4400/3753 4388/3746 4387/3698
f 4400/3753 4401/3754 4388/3746
f 4401/3754 4389/3747 4388/3746
f 4401/3754 4402/3755 4389/3747
f 4402/3755 4390/3748 4389/3747
f 4402/3755 4403/3756 4390/3748
f 4403/3756 4391/3749 4390/3748
f 4403/3756 4404/3757 4391/3749
f 4404/3757 4392/3750 4391/3749
f 4404/3757 4394/3705 4392/3750
f 4405/3758 4393/3751 4394/3705
f 4406/3717 4405/3758 4394/3705
f 4406/3717 4394/3705 4404/3757
f 4405/3758 4407/3759 4393/3751
f 4407/3759 4395/3752 4393/3751
f 4407/3759 4408/3719 4395/3752
f 4408/3719 4396/3707 4395/3752
f 4408/3719 4409/3720 4396/3707
f 4409/3720 4397/3708 4396/3707
f 4409/3720 4410/3721 4397/3708
f 4410/3721 4398/3709 4397/3708
f 4410/3721 4411/3722 4398/3709
f 4411/3722 4399/3710 4398/3709
f 4411/3722 4412/3723 4399/3710
f 4412/3723 4400/3753 4399/3710
f 4412/3723 4413/3760 4400/3753
f 4413/3760 4401/3754 4400/3753
f 4413/3760 4414/3761 4401/3754
f 4414/3761 4402/3755 4401/3754
f 4414/3761 4415/3762 4402/3755
f 4415/3762 4403/3756 4402/3755
f 4415/3762 4416/3727 4403/3756
f 4416/3727 4404/3757 4403/3756
f 4416/3727 4406/3717 4404/3757
f 4417/3763 4405/3758 4406/3717
f 4418/3729 4417/3763 4406/3717
f 4418/3729 4406/3717 4416/3727
f 4417/3763 4419/3730 4405/3758
f 4419/3730 4407/3759 4405/3758
f 4419/3730 4420/3731 4407/3759
f 4420/3731 4408/3719 4407/3759
f 4420/3731 4421/3732 4408/3719
f 4421/3732 4409/3720 4408/3719
f 4421/3732 4422/3733 4409/3720
f 4422/3733 4410/3721 4409/3720
f 4422/3733 4423/3734 4410/3721
f 4423/3734 4411/3722 4410/3721
f 4423/3734 4424/3735 4411/3722
f 4424/3735 4412/3723 4411/3722
f 4424/3735 4425/3736 4412/3723
f 4425/3736 4413/3760 4412/3723
f 4425/3736 4426/3737 4413/3760
f 4426/3737 4414/3761 4413/3760
f 4426/3737 4427/3738 4414/3761
f 4427/3738 4415/3762 4414/3761
f 4427/3738 4428/3739 4415/3762
f 4428/3739 4416/3727 4415/3762
f 4428/3739 4418/3729 4416/3727
f 4417/3763 4418/3729 4429/3740
f 4419/3730 4417/3763 4429/3740
f 4420/3731 4419/3730 4429/3740
f 4421/3732 4420/3731 4429/3740
f 4422/3733 4421/3732 4429/3740
f 4423/3734 4422/3733 4429/3740
f 4424/3735 4423/3734 4429/3740
f 4425/3736 4424/3735 4429/3740
f 4426/3737 4425/3736 4429/3740
f 4427/3738 4426/3737 4429/3740
f 4428/3739 4427/3738 4429/3740
f 4418/3729 4428/3739 4429/3740
f 4430/3764 4431/3765 4432/3766
f 4433/3767 4432/3766 4431/3765
f 4432/3766 4433/3767 4434/3768
f 4435/3769 4434/3768 4433/3767
f 4431/3765 4430/3764 4436/3770
f 4437/3771 4434/3768 4435/3769
f 4437/3771 4438/3772 4434/3768
f 4438/3772 4437/3771 4439/3773
f 4438/3772 4439/3773 4440/3774
f 4441/3775 4440/3774 4439/3773
f 4440/3774 4441/3775 4442/3776
f 4443/3777 4442/3776 4441/3775
f 4430/3764 4444/3778 4436/3770
f 4436/3770 4444/3778 4445/3779
f 4445/3779 4444/3778 4446/3780
f 4447/3781 4446/3780 4444/3778
f 4446/3780 4447/3781 4448/3782
f 4449/3783 4448/3782 4447/3781
f 4448/3782 4449/3783 4450/3784
f 4450/3784 4442/3776 4443/3777
f 4444/3778 4451/3785 4447/3781
f 4447/3781 4451/3785 4449/3783
f 4442/3776 4451/3785 4440/3774
f 4449/3783 4451/3785 4450/3784
f 4440/3774 4451/3785 4438/3772
f 4450/3784 4451/3785 4442/3776
f 4438/3772 4451/3785 4434/3768
f 4434/3768 4451/3785 4432/3766
f 4432/3766 4451/3785 4430/3764
f 4430/3764 4451/3785 4444/3778
f 4452/3786 4453/3787 4454/3788
f 4455/3789 4454/3788 4453/3787
f 4455/3789 4456/3790 4454/3788
f 4457/3791 4454/3788 4456/3790
f 4453/3787 4452/3786 4458/3792
f 4459/3793 4458/3792 4452/3786
f 4457/3791 4456/3790 4460/3794
f 4461/3795 4460/3794 4456/3790
f 4462/3796 4455/3789 4453/3787
f 4455/3789 4462/3796 4456/3790
f 4453/3787 4463/3797 4462/3796
f 4464/3798 4456/3790 4462/3796
f 4456/3790 4464/3798 4461/3795
f 4463/3797 4453/3787 4465/3799
f 4458/3792 4465/3799 4453/3787
f 4466/3800 4461/3795 4464/3798
f 4463/3797 4467/3801 4462/3796
f 4468/3802 4462/3796 4467/3801
f 4462/3796 4468/3802 4464/3798
f 4469/3803 4464/3798 4468/3802
f 4464/3798 4469/3803 4466/3800
f 4467/3801 4463/3797 4470/3804
f 4465/3799 4470/3804 4463/3797
f 4471/3805 4466/3800 4469/3803
f 4467/3801 4472/3806 4468/3802
f 4472/3806 4467/3801 4470/3804
f 4473/3807 4468/3802 4472/3806
f 4470/3804 4474/3808 4472/3806
f 4472/3806 4475/3809 4473/3807
f 4475/3809 4472/3806 4474/3808
f 4476/3810 4473/3807 4475/3809
f 4474/3808 4477/3811 4475/3809
f 4468/3802 4473/3807 4478/3812
f 4476/3810 4478/3812 4473/3807
f 4469/3803 4468/3802 4479/3813
f 4478/3812 4479/3813 4468/3802
f 4471/3805 4469/3803 4480/3814
f 4479/3813 4480/3814 4469/3803
f 4481/3815 4474/3808 4470/3804
f 4475/3809 4482/3816 4476/3810
f 4483/3817 4476/3810 4482/3816
f 4476/3810 4483/3817 4478/3812
f 4482/3816 4475/3809 4484/3818
f 4477/3811 4484/3818 4475/3809
f 4485/3819 4478/3812 4483/3817
f 4486/3820 4479/3813 4478/3812
f 4478/3812 4485/3819 4486/3820
f 4479/3813 4486/3820 4480/3814
f 4487/3821 4480/3814 4486/3820
f 4482/3816 4488/3822 4483/3817
f 4489/3823 4483/3817 4488/3822
f 4483/3817 4489/3823 4485/3819
f 4488/3822 4482/3816 4490/3824
f 4484/3818 4490/3824 4482/3816
f 4491/3825 4485/3819 4489/3823
f 4485/3819 4491/3825 4486/3820
f 4492/3826 4486/3820 4491/3825
f 4486/3820 4492/3826 4487/3821
f 4493/3827 4487/3821 4492/3826
f 4488/3822 4494/3828 4489/3823
f 4495/3829 4489/3823 4494/3828
f 4489/3823 4495/3829 4491/3825
f 4494/3828 4488/3822 4496/3830
f 4490/3824 4496/3830 4488/3822
f 4497/3831 4491/3825 4495/3829
f 4491/3825 4497/3831 4492/3826
f 4498/3832 4492/3826 4497/3831
f 4492/3826 4498/3832 4493/3827
f 4499/3833 4493/3827 4498/3832
f 4500/3834 4501/3835 4502/3836
f 4503/3837 4502/3836 4501/3835
f 4501/3835 4500/3834 4504/3838
f 4504/3838 4505/3839 4501/3835
f 4505/3839 4504/3838 4506/3840
f 4507/3841 4506/3840 4504/3838
f 4501/3835 4508/3842 4503/3837
f 4508/3842 4501/3835 4505/3839
f 4509/3843 4503/3837 4508/3842
f 4505/3839 4510/3844 4508/3842
f 4510/3844 4505/3839 4511/3845
f 4506/3840 4511/3845 4505/3839
f 4512/3846 4509/3843 4508/3842
f 4508/3842 4513/3847 4512/3846
f 4513/3847 4508/3842 4514/3848
f 4510/3844 4514/3848 4508/3842
f 4514/3848 4510/3844 4515/3849
f 4511/3845 4515/3849 4510/3844
f 4513/3847 4516/3850 4512/3846
f 4512/3846 4516/3850 4517/3851
f 4518/3852 4516/3850 4513/3847
f 4514/3848 4518/3852 4513/3847
f 4515/3849 4519/3853 4514/3848
f 4516/3850 4520/3854 4517/3851
f 4520/3854 4521/3855 4517/3851
f 4522/3856 4517/3851 4521/3855
f 4520/3854 4523/3857 4521/3855
f 4524/3858 4521/3855 4523/3857
f 4518/3852 4525/3859 4516/3850
f 4526/3860 4516/3850 4525/3859
f 4523/3857 4520/3854 4526/3860
f 4516/3850 4526/3860 4520/3854
f 4525/3859 4518/3852 4527/3861
f 4514/3848 4527/3861 4518/3852
f 4527/3861 4514/3848 4528/3862
f 4519/3853 4528/3862 4514/3848
f 4523/3857 4529/3863 4524/3858
f 4530/3864 4524/3858 4529/3863
f 4525/3859 4531/3865 4526/3860
f 4532/3866 4526/3860 4531/3865
f 4529/3863 4523/3857 4532/3866
f 4526/3860 4532/3866 4523/3857
f 4531/3865 4525/3859 4533/3867
f 4527/3861 4533/3867 4525/3859
f 4533/3867 4527/3861 4534/3868
f 4528/3862 4534/3868 4527/3861
f 4529/3863 4535/3869 4530/3864
f 4536/3870 4530/3864 4535/3869
f 4531/3865 4537/3871 4532/3866
f 4538/3872 4532/3866 4537/3871
f 4535/3869 4529/3863 4538/3872
f 4532/3866 4538/3872 4529/3863
f 4537/3871 4531/3865 4539/3873
f 4533/3867 4539/3873 4531/3865
f 4539/3873 4533/3867 4540/3874
f 4534/3868 4540/3874 4533/3867
f 4541/3875 4542/3876 4543/3877
f 4544/3878 4543/3877 4542/3876
f 4543/3877 4544/3878 4545/3879
f 4546/3880 4545/3879 4544/3878
f 4542/3876 4541/3875 4547/3881
f 4548/3882 4547/3881 4541/3875
f 4547/3881 4548/3882 4549/3883
f 4550/3884 4549/3883 4548/3882
f 4549/3883 4550/3884 4551/3885
f 4552/3886 4551/3885 4550/3884
f 4543/3877 4553/3887 4541/3875
f 4554/3888 4541/3875 4553/3887
f 4541/3875 4554/3888 4548/3882
f 4553/3887 4543/3877 4555/3889
f 4545/3879 4555/3889 4543/3877
f 4556/3890 4548/3882 4554/3888
f 4548/3882 4556/3890 4550/3884
f 4557/3891 4550/3884 4556/3890
f 4550/3884 4557/3891 4552/3886
f 4558/3892 4552/3886 4557/3891
f 4553/3887 4559/3893 4554/3888
f 4560/3894 4554/3888 4559/3893
f 4554/3888 4560/3894 4556/3890
f 4559/3893 4553/3887 4561/3895
f 4555/3889 4561/3895 4553/3887
f 4562/3896 4556/3890 4560/3894
f 4556/3890 4562/3896 4557/3891
f 4563/3897 4557/3891 4562/3896
f 4564/3898 4558/3892 4557/3891
f 4557/3891 4563/3897 4564/3898
f 4560/3894 4565/3899 4562/3896
f 4566/3900 4562/3896 4565/3899
f 4562/3896 4566/3900 4563/3897
f 4567/3901 4563/3897 4566/3900
f 4563/3897 4567/3901 4564/3898
f 4568/3902 4564/3898 4567/3901
f 4565/3899 4569/3903 4566/3900
f 4570/3904 4566/3900 4569/3903
f 4566/3900 4570/3904 4567/3901
f 4571/3905 4567/3901 4570/3904
f 4567/3901 4571/3905 4568/3902
f 4572/3906 4568/3902 4571/3905
f 4573/3907 4565/3899 4560/3894
f 4560/3894 4559/3893 4573/3907
f 4565/3899 4573/3907 4569/3903
f 4574/3908 4569/3903 4573/3907
f 4575/3909 4573/3907 4559/3893
f 4573/3907 4575/3909 4574/3908
f 4559/3893 4561/3895 4575/3909
f 4576/3910 4574/3908 4575/3909
f 4569/3903 4577/3911 4570/3904
f 4574/3908 4577/3911 4569/3903
f 4576/3910 4577/3911 4574/3908
f 4578/3912 4570/3904 4577/3911
f 4570/3904 4578/3912 4571/3905
f 4579/3913 4571/3905 4578/3912
f 4571/3905 4579/3913 4572/3906
f 4580/3914 4572/3906 4579/3913
f 4581/3915 4578/3912 4577/3911
f 4578/3912 4581/3915 4579/3913
f 4577/3911 4582/3916 4581/3915
f 4582/3916 4577/3911 4576/3910
f 4583/3917 4579/3913 4581/3915
f 4579/3913 4583/3917 4580/3914
f 4584/3918 4580/3914 4583/3917
f 4585/3919 4582/3916 4576/3910
f 4582/3916 4586/3920 4581/3915
f 4587/3921 4581/3915 4586/3920
f 4581/3915 4587/3921 4583/3917
f 4588/3922 4583/3917 4587/3921
f 4583/3917 4588/3922 4584/3918
f 4589/3923 4584/3918 4588/3922
f 4586/3920 4582/3916 4590/3924
f 4585/3919 4590/3924 4582/3916
f 4586/3920 4591/3925 4587/3921
f 4592/3926 4587/3921 4591/3925
f 4587/3921 4592/3926 4588/3922
f 4593/3927 4588/3922 4592/3926
f 4588/3922 4593/3927 4589/3923
f 4594/3928 4589/3923 4593/3927
f 4591/3925 4586/3920 4595/3929
f 4590/3924 4595/3929 4586/3920
f 4596/3930 4597/3931 4598/3932
f 4599/3933 4598/3932 4597/3931
f 4598/3932 4599/3933 4600/3934
f 4601/3935 4600/3934 4599/3933
f 4600/3934 4601/3935 4602/3936
f 4603/3937 4602/3936 4601/3935
f 4602/3936 4603/3937 4604/3938
f 4605/3939 4604/3938 4603/3937
f 4604/3938 4605/3939 4606/3940
f 4607/3941 4606/3940 4605/3939
f 4598/3932 4608/3942 4596/3930
f 4609/3943 4596/3930 4608/3942
f 4602/3936 4610/3944 4600/3934
f 4611/3945 4600/3934 4610/3944
f 4608/3942 4598/3932 4611/3945
f 4600/3934 4611/3945 4598/3932
f 4610/3944 4602/3936 4612/3946
f 4604/3938 4612/3946 4602/3936
f 4612/3946 4604/3938 4613/3947
f 4606/3940 4613/3947 4604/3938
f 4608/3942 4614/3948 4609/3943
f 4615/3949 4609/3943 4614/3948
f 4610/3944 4616/3950 4611/3945
f 4617/3951 4611/3945 4616/3950
f 4614/3948 4608/3942 4617/3951
f 4611/3945 4617/3951 4608/3942
f 4616/3950 4610/3944 4618/3952
f 4612/3946 4618/3952 4610/3944
f 4618/3952 4612/3946 4613/3947
f 4613/3947 4619/3953 4618/3952
f 4616/3950 4620/3954 4617/3951
f 4621/3955 4617/3951 4620/3954
f 4620/3954 4616/3950 4622/3956
f 4618/3952 4622/3956 4616/3950
f 4619/3953 4622/3956 4618/3952
f 4623/3957 4614/3948 4617/3951
f 4617/3951 4621/3955 4623/3957
f 4614/3948 4623/3957 4624/3958
f 4614/3948 4624/3958 4615/3949
f 4623/3957 4625/3959 4624/3958
f 4626/3960 4622/3956 4619/3953
f 4627/3961 4622/3956 4626/3960
f 4627/3961 4620/3954 4622/3956
f 4620/3954 4628/3962 4621/3955
f 4629/3963 4621/3955 4628/3962
f 4621/3955 4629/3963 4623/3957
f 4630/3964 4623/3957 4629/3963
f 4630/3964 4625/3959 4623/3957
f 4627/3961 4631/3965 4620/3954
f 4631/3965 4628/3962 4620/3954
f 4631/3965 4632/3966 4628/3962
f 4628/3962 4633/3967 4629/3963
f 4634/3968 4629/3963 4633/3967
f 4629/3963 4634/3968 4630/3964
f 4635/3969 4630/3964 4634/3968
f 4633/3967 4628/3962 4636/3970
f 4632/3966 4636/3970 4628/3962
f 4633/3967 4637/3971 4634/3968
f 4638/3972 4634/3968 4637/3971
f 4634/3968 4638/3972 4635/3969
f 4639/3973 4635/3969 4638/3972
f 4637/3971 4633/3967 4640/3974
f 4636/3970 4640/3974 4633/3967
f 4641/3975 4642/3976 4643/3977
f 4644/3978 4641/3975 4643/3977
f 4644/3978 4643/3977 4645/3979
f 4645/3979 4643/3977 4646/3980
f 4646/3980 4647/3981 4645/3979
f 4648/3982 4644/3978 4645/3979
f 4649/3983 4644/3978 4648/3982
f 4650/3984 4649/3983 4648/3982
f 4651/3985 4649/3983 4650/3984
f 4649/3983 4651/3985 4652/3986
f 4652/3986 4653/3987 4649/3983
f 4649/3983 4653/3987 4644/3978
f 4653/3987 4641/3975 4644/3978
f 4641/3975 4653/3987 4654/3988
f 4653/3987 4652/3986 4654/3988
f 4654/3988 4652/3986 4651/3985
f 4651/3985 4655/3989 4654/3988
f 4655/3989 4651/3985 4656/3990
f 4650/3984 4656/3990 4651/3985
f 4656/3990 4657/3991 4655/3989
f 4658/3992 4655/3989 4657/3991
f 4658/3992 4654/3988 4655/3989
f 4659/3993 4654/3988 4658/3992
f 4659/3993 4658/3992 4660/3994
f 4657/3991 4660/3994 4658/3992
f 4660/3994 4661/3995 4659/3993
f 4661/3995 4662/3996 4659/3993
f 4660/3994 4663/3997 4661/3995
f 4664/3998 4662/3996 4661/3995
f 4664/3998 4665/3999 4662/3996
f 4665/3999 4659/3993 4662/3996
f 4665/3999 4641/3975 4659/3993
f 4641/3975 4654/3988 4659/3993
f 4642/3976 4641/3975 4665/3999
f 4665/3999 4666/4000 4642/3976
f 4664/3998 4666/4000 4665/3999
f 4664/3998 4667/4001 4666/4000
f 4667/4001 4664/3998 4661/3995
f 4667/4001 4661/3995 4668/4002
f 4668/4002 4661/3995 4663/3997
f 4669/4003 4667/4001 4668/4002
f 4669/4003 4668/4002 4663/3997
f 4669/4003 4670/4004 4667/4001
f 4666/4000 4667/4001 4670/4004
f 4669/4003 4671/4005 4670/4004
f 4672/4006 4671/4005 4669/4003
f 4672/4006 4673/4007 4671/4005
f 4674/4008 4673/4007 4672/4006
f 4675/4009 4673/4007 4674/4008
f 4674/4008 4676/4010 4675/4009
f 4676/4010 4677/4011 4675/4009
f 4678/4012 4675/4009 4677/4011
f 4679/4013 4678/4012 4677/4011
f 4680/4014 4678/4012 4679/4013
f 4678/4012 4680/4014 4681/4015
f 4682/4016 4681/4015 4680/4014
f 4683/4017 4682/4016 4680/4014
f 4683/4017 4680/4014 4679/4013
f 4683/4017 4684/4018 4682/4016
f 4685/4019 4682/4016 4684/4018
f 4681/4015 4682/4016 4685/4019
f 4678/4012 4681/4015 4686/4020
f 4675/4009 4678/4012 4686/4020
f 4687/4021 4675/4009 4686/4020
f 4687/4021 4673/4007 4675/4009
f 4688/4022 4687/4021 4686/4020
f 4688/4022 4671/4005 4687/4021
f 4689/4023 4671/4005 4688/4022
f 4690/4024 4685/4019 4684/4018
f 4688/4022 4691/4025 4689/4023
f 4691/4025 4685/4019 4690/4024
f 4691/4025 4681/4015 4685/4019
f 4691/4025 4692/4026 4689/4023
f 4691/4025 4690/4024 4692/4026
f 4688/4022 4693/4027 4691/4025
f 4693/4027 4681/4015 4691/4025
f 4688/4022 4686/4020 4693/4027
f 4686/4020 4681/4015 4693/4027
f 4694/4028 4690/4024 4684/4018
f 4692/4026 4690/4024 4694/4028
f 4646/3980 4692/4026 4694/4028
f 4689/4023 4692/4026 4646/3980
f 4687/4021 4671/4005 4673/4007
f 4689/4023 4670/4004 4671/4005
f 4646/3980 4643/3977 4689/4023
f 4689/4023 4643/3977 4642/3976
f 4642/3976 4666/4000 4689/4023
f 4689/4023 4666/4000 4670/4004
f 4646/3980 4694/4028 4647/3981
f 4695/4029 4696/4030 4697/4031
f 4696/4030 4695/4029 4698/4032
f 4699/4033 4697/4031 4696/4030
f 4695/4029 4697/4031 4700/4034
f 4700/4034 4701/4035 4695/4029
f 4702/4036 4695/4029 4701/4035
f 4703/4037 4700/4034 4697/4031
f 4703/4037 4697/4031 4699/4033
f 4699/4033 4704/4038 4703/4037
f 4705/4039 4700/4034 4703/4037
f 4703/4037 4704/4038 4706/4040
f 4703/4037 4706/4040 4705/4039
f 4707/4041 4706/4040 4704/4038
f 4706/4040 4707/4041 4708/4042
f 4706/4040 4708/4042 4709/4043
f 4701/4035 4700/4034 4709/4043
f 4710/4044 4709/4043 4708/4042
f 4701/4035 4709/4043 4710/4044
f 4702/4036 4701/4035 4710/4044
f 4705/4039 4706/4040 4711/4045
f 4700/4034 4711/4045 4709/4043
f 4709/4043 4711/4045 4706/4040
f 4705/4039 4711/4045 4700/4034
f 4702/4036 4710/4044 4712/4046
f 4713/4047 4702/4036 4712/4046
f 4713/4047 4712/4046 4714/4048
f 4715/4049 4714/4048 4712/4046
f 4708/4042 4715/4049 4710/4044
f 4708/4042 4707/4041 4715/4049
f 4712/4046 4710/4044 4715/4049
f 4707/4041 4716/4050 4715/4049
f 4717/4051 4715/4049 4716/4050
f 4714/4048 4715/4049 4717/4051
f 4717/4051 4718/4052 4714/4048
f 4714/4048 4719/4053 4713/4047
f 4714/4048 4718/4052 4719/4053
f 4720/4054 4719/4053 4718/4052
f 4719/4053 4720/4054 4721/4055
f 4719/4053 4721/4055 4713/4047
f 4722/4056 4721/4055 4720/4054
f 4723/4057 4713/4047 4721/4055
f 4724/4058 4723/4057 4721/4055
f 4724/4058 4721/4055 4722/4056
f 4722/4056 4725/4059 4724/4058
f 4726/4060 4723/4057 4724/4058
f 4724/4058 4727/4061 4726/4060
f 4724/4058 4725/4059 4727/4061
f 4728/4062 4727/4061 4725/4059
f 4729/4063 4726/4060 4727/4061
f 4730/4064 4729/4063 4727/4061
f 4730/4064 4727/4061 4728/4062
f 4728/4062 4731/4065 4730/4064
f 4726/4060 4732/4066 4723/4057
f 4732/4066 4733/4067 4723/4057
f 4726/4060 4733/4067 4732/4066
f 4733/4067 4734/4068 4723/4057
f 4735/4069 4734/4068 4733/4067
f 4735/4069 4733/4067 4726/4060
f 4735/4069 4729/4063 4730/4064
f 4730/4064 4734/4068 4735/4069
f 4729/4063 4735/4069 4726/4060
f 4730/4064 4736/4070 4734/4068
f 4730/4064 4731/4065 4736/4070
f 4737/4071 4736/4070 4731/4065
f 4738/4072 4734/4068 4736/4070
f 4723/4057 4734/4068 4738/4072
f 4736/4070 4739/4073 4738/4072
f 4739/4073 4736/4070 4737/4071
f 4737/4071 4740/4074 4739/4073
f 4741/4075 4738/4072 4739/4073
f 4738/4072 4741/4075 4713/4047
f 4713/4047 4741/4075 4742/4076
f 4742/4076 4741/4075 4743/4077
f 4742/4076 4743/4077 4744/4078
f 4744/4078 4743/4077 4745/4079
f 4745/4079 4698/4032 4744/4078
f 4744/4078 4698/4032 4695/4029
f 4744/4078 4695/4029 4702/4036
f 4713/4047 4742/4076 4702/4036
f 4702/4036 4742/4076 4744/4078
f 4723/4057 4738/4072 4713/4047
f 4739/4073 4746/4080 4741/4075
f 4739/4073 4740/4074 4746/4080
f 4743/4077 4741/4075 4746/4080
f 4747/4081 4746/4080 4740/4074
f 4743/4077 4746/4080 4747/4081
f 4743/4077 4747/4081 4745/4079
f 4748/3977 4749/3976 4750/3975
f 4748/3977 4750/3975 4751/3978
f 4752/3979 4748/3977 4751/3978
f 4753/3980 4748/3977 4752/3979
f 4752/3979 4754/3981 4753/3980
f 4752/3979 4751/3978 4755/3982
f 4755/3982 4751/3978 4756/3983
f 4755/3982 4756/3983 4757/3984
f 4757/3984 4756/3983 4758/3985
f 4759/3986 4758/3985 4756/3983
f 4756/3983 4760/3987 4759/3986
f 4751/3978 4760/3987 4756/3983
f 4751/3978 4750/3975 4760/3987
f 4761/3988 4760/3987 4750/3975
f 4761/3988 4759/3986 4760/3987
f 4758/3985 4759/3986 4761/3988
f 4761/3988 4762/3989 4758/3985
f 4763/3990 4758/3985 4762/3989
f 4758/3985 4763/3990 4757/3984
f 4762/3989 4764/3991 4763/3990
f 4764/3991 4762/3989 4765/3992
f 4762/3989 4761/3988 4765/3992
f 4765/3992 4761/3988 4766/3993
f 4767/3994 4765/3992 4766/3993
f 4765/3992 4767/3994 4764/3991
f 4766/3993 4768/3995 4767/3994
f 4766/3993 4769/3996 4768/3995
f 4768/3995 4770/3997 4767/3994
f 4768/3995 4769/3996 4771/3998
f 4769/3996 4772/3999 4771/3998
f 4769/3996 4766/3993 4772/3999
f 4766/3993 4750/3975 4772/3999
f 4766/3993 4761/3988 4750/3975
f 4772/3999 4750/3975 4749/3976
f 4749/3976 4773/4000 4772/3999
f 4772/3999 4773/4000 4771/3998
f 4773/4000 4774/4001 4771/3998
f 4768/3995 4771/3998 4774/4001
f 4775/4002 4768/3995 4774/4001
f 4770/3997 4768/3995 4775/4002
f 4775/4002 4774/4001 4776/4003
f 4770/3997 4775/4002 4776/4003
f 4774/4001 4777/4004 4776/4003
f 4777/4004 4774/4001 4773/4000
f 4777/4004 4778/4005 4776/4003
f 4776/4003 4778/4005 4779/4006
f 4778/4005 4780/4007 4779/4006
f 4779/4006 4780/4007 4781/4008
f 4781/4008 4780/4007 4782/4009
f 4782/4009 4783/4010 4781/4008
f 4782/4009 4784/4011 4783/4010
f 4784/4011 4782/4009 4785/4012
f 4784/4011 4785/4012 4786/4013
f 4786/4013 4785/4012 4787/4014
f 4788/4015 4787/4014 4785/4012
f 4787/4014 4788/4015 4789/4016
f 4787/4014 4789/4016 4790/4017
f 4786/4013 4787/4014 4790/4017
f 4789/4016 4791/4018 4790/4017
f 4791/4018 4789/4016 4792/4019
f 4792/4019 4789/4016 4788/4015
f 4793/4020 4788/4015 4785/4012
f 4793/4020 4785/4012 4782/4009
f 4793/4020 4782/4009 4794/4021
f 4782/4009 4780/4007 4794/4021
f 4793/4020 4794/4021 4795/4022
f 4794/4021 4778/4005 4795/4022
f 4795/4022 4778/4005 4796/4023
f 4791/4018 4792/4019 4797/4024
f 4796/4023 4798/4025 4795/4022
f 4797/4024 4792/4019 4798/4025
f 4792/4019 4788/4015 4798/4025
f 4796/4023 4799/4026 4798/4025
f 4799/4026 4797/4024 4798/4025
f 4798/4025 4800/4027 4795/4022
f 4798/4025 4788/4015 4800/4027
f 4800/4027 4793/4020 4795/4022
f 4800/4027 4788/4015 4793/4020
f 4791/4018 4797/4024 4801/4028
f 4801/4028 4797/4024 4799/4026
f 4801/4028 4799/4026 4753/3980
f 4753/3980 4799/4026 4796/4023
f 4780/4007 4778/4005 4794/4021
f 4778/4005 4777/4004 4796/4023
f 4796/4023 4748/3977 4753/3980
f 4749/3976 4748/3977 4796/4023
f 4796/4023 4773/4000 4749/3976
f 4777/4004 4773/4000 4796/4023
f 4754/3981 4801/4028 4753/3980
f 4802/4031 4803/4030 4804/4029
f 4805/4032 4804/4029 4803/4030
f 4803/4030 4802/4031 4806/4033
f 4807/4034 4802/4031 4804/4029
f 4804/4029 4808/4035 4807/4034
f 4808/4035 4804/4029 4809/4036
f 4802/4031 4807/4034 4810/4037
f 4806/4033 4802/4031 4810/4037
f 4810/4037 4811/4038 4806/4033
f 4810/4037 4807/4034 4812/4039
f 4813/4040 4811/4038 4810/4037
f 4812/4039 4813/4040 4810/4037
f 4811/4038 4813/4040 4814/4041
f 4815/4042 4814/4041 4813/4040
f 4816/4043 4815/4042 4813/4040
f 4816/4043 4807/4034 4808/4035
f 4815/4042 4816/4043 4817/4044
f 4817/4044 4816/4043 4808/4035
f 4817/4044 4808/4035 4809/4036
f 4818/4045 4813/4040 4812/4039
f 4816/4043 4818/4045 4807/4034
f 4813/4040 4818/4045 4816/4043
f 4807/4034 4818/4045 4812/4039
f 4819/4046 4817/4044 4809/4036
f 4819/4046 4809/4036 4820/4047
f 4821/4048 4819/4046 4820/4047
f 4819/4046 4821/4048 4822/4049
f 4817/4044 4822/4049 4815/4042
f 4822/4049 4814/4041 4815/4042
f 4822/4049 4817/4044 4819/4046
f 4822/4049 4823/4050 4814/4041
f 4823/4050 4822/4049 4824/4051
f 4824/4051 4822/4049 4821/4048
f 4821/4048 4825/4052 4824/4051
f 4820/4047 4826/4053 4821/4048
f 4826/4053 4825/4052 4821/4048
f 4825/4052 4826/4053 4827/4054
f 4828/4055 4827/4054 4826/4053
f 4820/4047 4828/4055 4826/4053
f 4827/4054 4828/4055 4829/4056
f 4828/4055 4820/4047 4830/4057
f 4828/4055 4830/4057 4831/4058
f 4829/4056 4828/4055 4831/4058
f 4831/4058 4832/4059 4829/4056
f 4831/4058 4830/4057 4833/4060
f 4833/4060 4834/4061 4831/4058
f 4834/4061 4832/4059 4831/4058
f 4832/4059 4834/4061 4835/4062
f 4834/4061 4833/4060 4836/4063
f 4834/4061 4836/4063 4837/4064
f 4835/4062 4834/4061 4837/4064
f 4837/4064 4838/4065 4835/4062
f 4830/4057 4839/4066 4833/4060
f 4830/4057 4840/4067 4839/4066
f 4839/4066 4840/4067 4833/4060
f 4830/4057 4841/4068 4840/4067
f 4840/4067 4841/4068 4842/4069
f 4833/4060 4840/4067 4842/4069
f 4837/4064 4836/4063 4842/4069
f 4842/4069 4841/4068 4837/4064
f 4833/4060 4842/4069 4836/4063
f 4841/4068 4843/4070 4837/4064
f 4843/4070 4838/4065 4837/4064
f 4838/4065 4843/4070 4844/4071
f 4843/4070 4841/4068 4845/4072
f 4845/4072 4841/4068 4830/4057
f 4845/4072 4846/4073 4843/4070
f 4844/4071 4843/4070 4846/4073
f 4846/4073 4847/4074 4844/4071
f 4846/4073 4845/4072 4848/4075
f 4820/4047 4848/4075 4845/4072
f 4849/4076 4848/4075 4820/4047
f 4850/4077 4848/4075 4849/4076
f 4851/4078 4850/4077 4849/4076
f 4852/4079 4850/4077 4851/4078
f 4851/4078 4805/4032 4852/4079
f 4804/4029 4805/4032 4851/4078
f 4809/4036 4804/4029 4851/4078
f 4809/4036 4849/4076 4820/4047
f 4851/4078 4849/4076 4809/4036
f 4820/4047 4845/4072 4830/4057
f 4848/4075 4853/4080 4846/4073
f 4853/4080 4847/4074 4846/4073
f 4853/4080 4848/4075 4850/4077
f 4847/4074 4853/4080 4854/4081
f 4854/4081 4853/4080 4850/4077
f 4852/4079 4854/4081 4850/4077
f 4855/4082 4856/4083 4857/4084
f 4855/4082 4857/4084 4858/4085
f 4856/4083 4859/4086 4857/4084
f 4859/4086 4860/4087 4857/4084
f 4859/4086 4861/4088 4860/4087
f 4861/4088 4862/4089 4860/4087
f 4863/4090 4856/4083 4855/4082
f 4863/4090 4864/4091 4856/4083
f 4864/4091 4865/4092 4856/4083
f 4865/4092 4859/4086 4856/4083
f 4865/4092 4866/4093 4859/4086
f 4866/4093 4861/4088 4859/4086
f 4867/4094 4864/4091 4863/4090
f 4868/4095 4867/4094 4863/4090
f 4867/4094 4869/4096 4864/4091
f 4869/4096 4865/4092 4864/4091
f 4869/4096 4870/4097 4865/4092
f 4870/4097 4866/4093 4865/4092
f 4871/4098 4867/4094 4868/4095
f 4872/4099 4871/4098 4868/4095
f 4871/4098 4873/4100 4867/4094
f 4873/4100 4869/4096 4867/4094
f 4873/4100 4874/4101 4869/4096
f 4874/4101 4870/4097 4869/4096
f 4875/4102 4871/4098 4872/4099
f 4875/4102 4873/4100 4871/4098
f 4875/4102 4874/4101 4873/4100
f 4862/4089 4876/4103 4860/4087
f 4877/4104 4860/4087 4876/4103
f 4860/4087 4877/4104 4857/4084
f 4878/4105 4857/4084 4877/4104
f 4857/4084 4878/4105 4879/4106
f 4879/4106 4858/4085 4857/4084
f 4878/4105 4880/4107 4879/4106
f 4881/4108 4879/4106 4880/4107
f 4880/4107 4878/4105 4882/4109
f 4877/4104 4882/4109 4878/4105
f 4882/4109 4877/4104 4883/4110
f 4876/4103 4883/4110 4877/4104
f 4880/4107 4884/4111 4881/4108
f 4885/4112 4881/4108 4884/4111
f 4884/4111 4880/4107 4886/4113
f 4882/4109 4886/4113 4880/4107
f 4886/4113 4882/4109 4883/4110
f 4883/4110 4887/4114 4886/4113
f 4884/4111 4888/4115 4885/4112
f 4888/4115 4889/4116 4885/4112
f 4889/4116 4888/4115 4890/4117
f 4890/4117 4891/4118 4889/4116
f 4891/4118 4890/4117 4892/4119
f 4893/4120 4891/4118 4892/4119
f 4892/4119 4894/4121 4893/4120
f 4895/4122 4893/4120 4894/4121
f 4895/4122 4896/4123 4893/4120
f 4896/4123 4897/4124 4893/4120
f 4897/4124 4898/4125 4893/4120
f 4897/4124 4899/4126 4898/4125
f 4899/4126 4900/4127 4898/4125
f 4901/4128 4896/4123 4895/4122
f 4901/4128 4902/4129 4896/4123
f 4902/4129 4903/4130 4896/4123
f 4903/4130 4897/4124 4896/4123
f 4903/4130 4904/4131 4897/4124
f 4904/4131 4899/4126 4897/4124
f 4905/4132 4902/4129 4901/4128
f 4906/4133 4905/4132 4901/4128
f 4905/4132 4907/4134 4902/4129
f 4907/4134 4903/4130 4902/4129
f 4907/4134 4908/4135 4903/4130
f 4908/4135 4904/4131 4903/4130
f 4909/4136 4905/4132 4906/4133
f 4910/4137 4909/4136 4906/4133
f 4909/4136 4911/4138 4905/4132
f 4911/4138 4907/4134 4905/4132
f 4911/4138 4912/4139 4907/4134
f 4912/4139 4908/4135 4907/4134
f 4913/4140 4909/4136 4910/4137
f 4913/4140 4911/4138 4909/4136
f 4913/4140 4912/4139 4911/4138
f 4900/4127 4914/4141 4898/4125
f 4915/4142 4898/4125 4914/4141
f 4898/4125 4915/4142 4893/4120
f 4891/4118 4893/4120 4915/4142
f 4915/4142 4889/4116 4891/4118
f 4889/4116 4915/4142 4916/4143
f 4914/4141 4916/4143 4915/4142
f 4916/4143 4885/4112 4889/4116
f 4917/4144 4918/4145 4919/4146
f 4918/4145 4920/4147 4919/4146
f 4918/4145 4921/4148 4920/4147
f 4921/4148 4922/4149 4920/4147
f 4921/4148 4923/4150 4922/4149
f 4921/4148 4924/4151 4923/4150
f 4925/4152 4918/4145 4917/4144
f 4926/4153 4925/4152 4917/4144
f 4925/4152 4927/4154 4918/4145
f 4927/4154 4921/4148 4918/4145
f 4927/4154 4924/4151 4921/4148
f 4927/4154 4928/4155 4924/4151
f 4929/4156 4925/4152 4926/4153
f 4930/4157 4929/4156 4926/4153
f 4931/4158 4928/4155 4927/4154
f 4932/4159 4931/4158 4927/4154
f 4933/4160 4929/4156 4930/4157
f 4934/4161 4933/4160 4930/4157
f 4933/4160 4935/4162 4929/4156
f 4935/4162 4932/4159 4929/4156
f 4935/4162 4936/4163 4932/4159
f 4936/4163 4931/4158 4932/4159
f 4937/4164 4933/4160 4934/4161
f 4937/4164 4935/4162 4933/4160
f 4937/4164 4936/4163 4935/4162
f 4938/4165 4922/4149 4923/4150
f 4922/4149 4938/4165 4939/4166
f 4922/4149 4939/4166 4920/4147
f 4940/4167 4920/4147 4939/4166
f 4920/4147 4940/4167 4941/4168
f 4941/4168 4919/4146 4920/4147
f 4940/4167 4942/4169 4941/4168
f 4943/4170 4941/4168 4942/4169
f 4942/4169 4940/4167 4944/4171
f 4939/4166 4944/4171 4940/4167
f 4944/4171 4939/4166 4945/4172
f 4938/4165 4945/4172 4939/4166
f 4946/4173 4943/4170 4942/4169
f 4942/4169 4947/4174 4946/4173
f 4947/4174 4942/4169 4948/4175
f 4944/4171 4948/4175 4942/4169
f 4948/4175 4944/4171 4949/4176
f 4945/4172 4949/4176 4944/4171
f 4947/4174 4950/4177 4946/4173
f 4951/4178 4946/4173 4950/4177
f 4950/4177 4947/4174 4952/4179
f 4948/4175 4952/4179 4947/4174
f 4949/4176 4952/4179 4948/4175
f 4952/4179 4949/4176 4953/4180
f 4954/4181 4953/4180 4949/4176
f 4955/4182 4954/4181 4949/4176
f 4949/4176 4956/4183 4955/4182
f 4956/4183 4957/4184 4955/4182
f 4958/4185 4955/4182 4957/4184
f 4959/4186 4958/4185 4957/4184
f 4957/4184 4960/4187 4959/4186
f 4961/4188 4959/4186 4960/4187
f 4962/4189 4961/4188 4960/4187
f 4961/4188 4963/4190 4959/4186
f 4963/4190 4964/4191 4959/4186
f 4963/4190 4965/4192 4964/4191
f 4963/4190 4966/4193 4965/4192
f 4967/4194 4961/4188 4962/4189
f 4968/4195 4967/4194 4962/4189
f 4967/4194 4969/4196 4961/4188
f 4969/4196 4963/4190 4961/4188
f 4969/4196 4966/4193 4963/4190
f 4969/4196 4970/4197 4966/4193
f 4971/4198 4967/4194 4968/4195
f 4972/4199 4971/4198 4968/4195
f 4973/4200 4970/4197 4969/4196
f 4974/4201 4973/4200 4969/4196
f 4975/4202 4971/4198 4972/4199
f 4976/4203 4975/4202 4972/4199
f 4975/4202 4977/4204 4971/4198
f 4977/4204 4974/4201 4971/4198
f 4977/4204 4978/4205 4974/4201
f 4978/4205 4973/4200 4974/4201
f 4979/4206 4975/4202 4976/4203
f 4979/4206 4977/4204 4975/4202
f 4979/4206 4978/4205 4977/4204
f 4980/4207 4964/4191 4965/4192
f 4964/4191 4980/4207 4981/4208
f 4964/4191 4981/4208 4959/4186
f 4958/4185 4959/4186 4981/4208
f 4981/4208 4982/4209 4958/4185
f 4955/4182 4958/4185 4982/4209
f 4982/4209 4981/4208 4983/4210
f 4980/4207 4983/4210 4981/4208
f 4982/4209 4984/4211 4955/4182
f 4954/4181 4955/4182 4984/4211
f 4984/4211 4982/4209 4985/4212
f 4983/4210 4985/4212 4982/4209
f 4984/4211 4986/4213 4954/4181
f 4985/4212 4986/4213 4984/4211
f 4953/4180 4954/4181 4986/4213
f 4986/4213 4985/4212 4987/4214
f 4988/4215 4987/4214 4985/4212
f 4989/4216 4988/4215 4985/4212
f 4985/4212 4990/4217 4989/4216
f 4990/4217 4991/4218 4989/4216
f 4992/4219 4989/4216 4991/4218
f 4993/4220 4992/4219 4991/4218
f 4991/4218 4994/4221 4993/4220
f 4995/4222 4993/4220 4994/4221
f 4996/4223 4995/4222 4994/4221
f 4995/4222 4997/4224 4993/4220
f 4997/4224 4998/4225 4993/4220
f 4997/4224 4999/4226 4998/4225
f 4997/4224 5000/4227 4999/4226
f 5001/4228 4995/4222 4996/4223
f 5002/4229 5001/4228 4996/4223
f 5001/4228 5003/4230 4995/4222
f 5003/4230 4997/4224 4995/4222
f 5003/4230 5000/4227 4997/4224
f 5003/4230 5004/4231 5000/4227
f 5005/4232 5001/4228 5002/4229
f 5006/4233 5005/4232 5002/4229
f 5007/4234 5004/4231 5003/4230
f 5008/4235 5007/4234 5003/4230
f 5009/4236 5005/4232 5006/4233
f 5010/4237 5009/4236 5006/4233
f 5009/4236 5011/4238 5005/4232
f 5011/4238 5008/4235 5005/4232
f 5011/4238 5012/4239 5008/4235
f 5012/4239 5007/4234 5008/4235
f 5013/4240 5009/4236 5010/4237
f 5013/4240 5011/4238 5009/4236
f 5013/4240 5012/4239 5011/4238
f 5014/4241 4998/4225 4999/4226
f 4998/4225 5014/4241 5015/4242
f 4998/4225 5015/4242 4993/4220
f 4992/4219 4993/4220 5015/4242
f 5015/4242 5016/4243 4992/4219
f 4989/4216 4992/4219 5016/4243
f 5016/4243 5015/4242 5017/4244
f 5014/4241 5017/4244 5015/4242
f 5016/4243 5018/4245 4989/4216
f 5018/4245 5016/4243 5017/4244
f 4988/4215 4989/4216 5018/4245
f 5017/4244 5019/4246 5018/4245
f 5018/4245 4987/4214 4988/4215
f 4987/4214 5018/4245 5020/4247
f 5019/4246 5020/4247 5018/4245
f 5021/4248 5020/4247 5019/4246
f 5022/4249 5021/4248 5019/4246
f 5019/4246 5023/4250 5022/4249
f 5023/4250 5024/4251 5022/4249
f 5025/4252 5022/4249 5024/4251
f 5026/4253 5025/4252 5024/4251
f 5024/4251 5027/4254 5026/4253
f 5028/4255 5026/4253 5027/4254
f 5029/4256 5028/4255 5027/4254
f 5028/4255 5030/4257 5026/4253
f 5030/4257 5031/4258 5026/4253
f 5030/4257 5032/4259 5031/4258
f 5030/4257 5033/4260 5032/4259
f 5034/4261 5028/4255 5029/4256
f 5035/4262 5034/4261 5029/4256
f 5034/4261 5036/4263 5028/4255
f 5036/4263 5030/4257 5028/4255
f 5036/4263 5033/4260 5030/4257
f 5036/4263 5037/4264 5033/4260
f 5038/4265 5034/4261 5035/4262
f 5039/4266 5038/4265 5035/4262
f 5040/4267 5037/4264 5036/4263
f 5041/4268 5040/4267 5036/4263
f 5042/4269 5038/4265 5039/4266
f 5043/4270 5042/4269 5039/4266
f 5042/4269 5044/4271 5038/4265
f 5044/4271 5041/4268 5038/4265
f 5044/4271 5045/4272 5041/4268
f 5045/4272 5040/4267 5041/4268
f 5046/4273 5031/4258 5032/4259
f 5031/4258 5046/4273 5047/4274
f 5031/4258 5047/4274 5026/4253
f 5025/4252 5026/4253 5047/4274
f 5047/4274 5048/4275 5025/4252
f 5022/4249 5025/4252 5048/4275
f 5048/4275 5047/4274 5049/4276
f 5046/4273 5049/4276 5047/4274
f 5048/4275 5050/4277 5022/4249
f 5021/4248 5022/4249 5050/4277
f 5050/4277 5048/4275 5051/4278
f 5049/4276 5051/4278 5048/4275
f 5050/4277 5052/4279 5021/4248
f 5052/4279 5050/4277 5051/4278
f 5020/4247 5021/4248 5052/4279
f 5051/4278 5053/4280 5052/4279
f 5052/4279 5054/4281 5020/4247
f 5052/4279 5053/4280 5054/4281
f 5055/4282 5020/4247 5054/4281
f 5020/4247 5055/4282 5056/4283
f 5056/4283 4987/4214 5020/4247
f 4987/4214 5056/4283 5057/4284
f 5057/4284 4986/4213 4987/4214
f 4986/4213 5057/4284 4953/4180
f 5058/4285 4953/4180 5057/4284
f 4953/4180 5058/4285 4952/4179
f 5059/4286 4952/4179 5058/4285
f 5059/4286 5060/4287 4952/4179
f 4950/4177 4952/4179 5060/4287
f 5060/4287 5061/4288 4950/4177
f 4951/4178 4950/4177 5061/4288
f 5062/4289 5054/4281 5053/4280
f 5058/4285 5063/4290 5059/4286
f 5064/4291 5059/4286 5063/4290
f 5059/4286 5064/4291 5060/4287
f 5063/4290 5058/4285 5065/4292
f 5057/4284 5065/4292 5058/4285
f 5065/4292 5057/4284 5066/4293
f 5056/4283 5066/4293 5057/4284
f 5066/4293 5056/4283 5067/4294
f 5055/4282 5067/4294 5056/4283
f 5067/4294 5055/4282 5068/4295
f 5054/4281 5068/4295 5055/4282
f 5069/4296 5060/4287 5064/4291
f 5060/4287 5069/4296 5061/4288
f 5070/4297 5061/4288 5069/4296
f 5068/4295 5054/4281 5071/4298
f 5062/4289 5071/4298 5054/4281
f 5072/4299 5073/4300 5074/4301
f 5073/4300 5075/4302 5074/4301
f 5076/4303 5077/4304 5078/4305
f 5077/4304 5079/4306 5078/4305
f 5080/4307 4892/4119 4890/4117
f 4890/4117 5081/4308 5080/4307
f 5082/4309 5080/4307 5081/4308
f 5081/4308 4890/4117 4888/4115
f 5083/4310 5082/4309 5081/4308
f 5083/4310 5084/4311 5082/4309
f 5084/4311 5083/4310 5085/4312
f 5085/4312 5086/4313 5084/4311
f 5086/4313 5085/4312 5087/4314
f 5088/4315 5086/4313 5087/4314
f 5087/4314 5089/4316 5088/4315
f 5090/4317 5088/4315 5089/4316
f 5090/4317 5091/4318 5088/4315
f 5091/4318 5092/4319 5088/4315
f 5092/4319 5093/4320 5088/4315
f 5092/4319 5094/4321 5093/4320
f 5094/4321 5095/4322 5093/4320
f 5096/4323 5091/4318 5090/4317
f 5096/4323 5097/4324 5091/4318
f 5097/4324 5098/4325 5091/4318
f 5098/4325 5092/4319 5091/4318
f 5098/4325 5099/4326 5092/4319
f 5099/4326 5094/4321 5092/4319
f 5100/4327 5097/4324 5096/4323
f 5101/4328 5100/4327 5096/4323
f 5100/4327 5102/4329 5097/4324
f 5102/4329 5098/4325 5097/4324
f 5102/4329 5103/4330 5098/4325
f 5103/4330 5099/4326 5098/4325
f 5104/4331 5100/4327 5101/4328
f 5105/4332 5104/4331 5101/4328
f 5104/4331 5106/4333 5100/4327
f 5106/4333 5102/4329 5100/4327
f 5106/4333 5107/4334 5102/4329
f 5107/4334 5103/4330 5102/4329
f 5108/4335 5104/4331 5105/4332
f 5108/4335 5106/4333 5104/4331
f 5108/4335 5107/4334 5106/4333
f 5095/4322 5109/4336 5093/4320
f 5110/4337 5093/4320 5109/4336
f 5093/4320 5110/4337 5088/4315
f 5086/4313 5088/4315 5110/4337
f 5110/4337 5084/4311 5086/4313
f 5084/4311 5110/4337 5111/4338
f 5109/4336 5111/4338 5110/4337
f 5111/4338 5082/4309 5084/4311
f 5112/4339 5113/4340 5114/4341
f 5113/4340 5115/4342 5114/4341
f 5116/4343 5087/4314 5085/4312
f 5085/4312 5117/4344 5116/4343
f 5118/4345 5116/4343 5117/4344
f 5117/4344 5085/4312 5083/4310
f 5119/4346 5118/4345 5117/4344
f 5119/4346 5120/4347 5118/4345
f 5120/4347 5119/4346 5121/4348
f 5121/4348 5122/4349 5120/4347
f 5122/4349 5121/4348 5123/4350
f 5124/4351 5122/4349 5123/4350
f 5123/4350 5125/4352 5124/4351
f 5126/4353 5124/4351 5125/4352
f 5126/4353 5127/4354 5124/4351
f 5127/4354 5128/4355 5124/4351
f 5128/4355 5129/4356 5124/4351
f 5128/4355 5130/4357 5129/4356
f 5130/4357 5131/4358 5129/4356
f 5132/4359 5127/4354 5126/4353
f 5132/4359 5133/4360 5127/4354
f 5133/4360 5134/4361 5127/4354
f 5134/4361 5128/4355 5127/4354
f 5134/4361 5135/4362 5128/4355
f 5135/4362 5130/4357 5128/4355
f 5136/4363 5133/4360 5132/4359
f 5137/4364 5136/4363 5132/4359
f 5136/4363 5138/4365 5133/4360
f 5138/4365 5134/4361 5133/4360
f 5138/4365 5139/4366 5134/4361
f 5139/4366 5135/4362 5134/4361
f 5140/4367 5136/4363 5137/4364
f 5141/4368 5140/4367 5137/4364
f 5140/4367 5142/4369 5136/4363
f 5142/4369 5138/4365 5136/4363
f 5142/4369 5143/4370 5138/4365
f 5143/4370 5139/4366 5138/4365
f 5144/4371 5140/4367 5141/4368
f 5144/4371 5142/4369 5140/4367
f 5144/4371 5143/4370 5142/4369
f 5144/4371 5145/4372 5143/4370
f 5144/4371 5146/4373 5145/4372
f 5144/4371 5141/4368 5146/4373
f 5131/4358 5147/4374 5129/4356
f 5148/4375 5129/4356 5147/4374
f 5129/4356 5148/4375 5124/4351
f 5122/4349 5124/4351 5148/4375
f 5148/4375 5120/4347 5122/4349
f 5120/4347 5148/4375 5149/4376
f 5147/4374 5149/4376 5148/4375
f 5149/4376 5118/4345 5120/4347
f 5150/4377 5151/4378 5152/4379
f 5151/4378 5153/4380 5152/4379
f 5154/4381 5123/4350 5121/4348
f 5121/4348 5155/4382 5154/4381
f 5156/4383 5154/4381 5155/4382
f 5155/4382 5121/4348 5119/4346
f 5155/4382 5157/4384 5156/4383
f 5157/4384 5158/4385 5156/4383
f 5158/4385 5157/4384 5159/4386
f 5160/4387 5159/4386 5157/4384
f 5161/4388 5160/4387 5157/4384
f 5157/4384 5162/4389 5161/4388
f 5162/4389 5157/4384 5163/4390
f 5155/4382 5163/4390 5157/4384
f 5163/4390 5155/4382 5117/4344
f 5155/4382 5119/4346 5117/4344
f 5163/4390 5117/4344 5164/4391
f 5162/4389 5163/4390 5164/4391
f 5083/4310 5164/4391 5117/4344
f 5164/4391 5083/4310 5165/4392
f 5081/4308 5165/4392 5083/4310
f 5165/4392 5081/4308 5166/4393
f 4888/4115 5166/4393 5081/4308
f 5166/4393 4888/4115 5167/4394
f 4884/4111 5167/4394 4888/4115
f 5167/4394 4884/4111 4886/4113
f 5168/4395 5167/4394 4886/4113
f 5168/4395 5166/4393 5167/4394
f 5168/4395 5165/4392 5166/4393
f 5168/4395 5162/4389 5164/4391
f 5168/4395 5164/4391 5165/4392
f 5169/4396 5168/4395 4886/4113
f 4886/4113 5170/4397 5169/4396
f 5170/4397 5171/4398 5169/4396
f 5171/4398 5170/4397 5172/4399
f 5172/4399 5173/4400 5171/4398
f 5174/4401 5171/4398 5173/4400
f 5175/4402 5174/4401 5173/4400
f 5173/4400 5176/4403 5175/4402
f 5177/4404 5175/4402 5176/4403
f 5177/4404 5178/4405 5175/4402
f 5178/4405 5179/4406 5175/4402
f 5179/4406 5180/4407 5175/4402
f 5179/4406 5181/4408 5180/4407
f 5181/4408 5182/4409 5180/4407
f 5181/4408 5183/4410 5182/4409
f 5183/4410 5184/4411 5182/4409
f 5183/4410 5185/4412 5184/4411
f 5185/4412 5177/4404 5176/4403
f 5185/4412 5186/4413 5184/4411
f 5185/4412 5176/4403 5186/4413
f 5173/4400 5186/4413 5176/4403
f 5187/4414 5178/4405 5177/4404
f 5187/4414 5188/4415 5178/4405
f 5188/4415 5189/4416 5178/4405
f 5189/4416 5179/4406 5178/4405
f 5189/4416 5190/4417 5179/4406
f 5190/4417 5181/4408 5179/4406
f 5190/4417 5191/4418 5181/4408
f 5191/4418 5183/4410 5181/4408
f 5191/4418 5192/4419 5183/4410
f 5192/4419 5185/4412 5183/4410
f 5192/4419 5187/4414 5177/4404
f 5192/4419 5177/4404 5185/4412
f 5193/4420 5188/4415 5187/4414
f 5194/4421 5193/4420 5187/4414
f 5194/4421 5187/4414 5192/4419
f 5193/4420 5195/4422 5188/4415
f 5195/4422 5189/4416 5188/4415
f 5195/4422 5196/4423 5189/4416
f 5196/4423 5190/4417 5189/4416
f 5196/4423 5197/4424 5190/4417
f 5197/4424 5191/4418 5190/4417
f 5198/4425 5194/4421 5192/4419
f 5199/4426 5193/4420 5194/4421
f 5200/4427 5199/4426 5194/4421
f 5200/4427 5194/4421 5198/4425
f 5199/4426 5201/4428 5193/4420
f 5201/4428 5195/4422 5193/4420
f 5201/4428 5202/4429 5195/4422
f 5202/4429 5196/4423 5195/4422
f 5202/4429 5203/4430 5196/4423
f 5203/4430 5197/4424 5196/4423
f 5203/4430 5204/4431 5197/4424
f 5204/4431 5198/4425 5197/4424
f 5204/4431 5200/4427 5198/4425
f 5205/4432 5199/4426 5200/4427
f 5205/4432 5201/4428 5199/4426
f 5205/4432 5202/4429 5201/4428
f 5205/4432 5203/4430 5202/4429
f 5205/4432 5204/4431 5203/4430
f 5205/4432 5200/4427 5204/4431
f 5206/4433 5207/4434 5208/4435
f 5207/4434 5209/4436 5208/4435
f 5174/4401 5175/4402 5210/4437
f 5180/4407 5210/4437 5175/4402
f 5210/4437 5180/4407 5211/4438
f 5182/4409 5211/4438 5180/4407
f 5211/4438 5182/4409 5184/4411
f 5184/4411 5212/4439 5211/4438
f 5212/4439 5184/4411 5213/4440
f 5186/4413 5213/4440 5184/4411
f 5186/4413 5173/4400 5213/4440
f 5210/4437 5214/4441 5174/4401
f 5171/4398 5174/4401 5214/4441
f 5214/4441 5210/4437 5215/4442
f 5211/4438 5215/4442 5210/4437
f 5215/4442 5211/4438 5216/4443
f 5212/4439 5216/4443 5211/4438
f 5216/4443 5212/4439 5217/4444
f 5213/4440 5217/4444 5212/4439
f 5217/4444 5213/4440 5172/4399
f 5173/4400 5172/4399 5213/4440
f 5214/4441 5169/4396 5171/4398
f 5218/4445 5214/4441 5215/4442
f 5214/4441 5218/4445 5169/4396
f 5215/4442 5219/4446 5218/4445
f 5219/4446 5215/4442 5216/4443
f 5216/4443 5220/4447 5219/4446
f 5220/4447 5216/4443 5221/4448
f 5217/4444 5221/4448 5216/4443
f 5221/4448 5217/4444 5222/4449
f 5172/4399 5222/4449 5217/4444
f 5222/4449 5172/4399 5170/4397
f 4887/4114 5222/4449 5170/4397
f 4887/4114 5223/4450 5222/4449
f 5220/4447 5224/4451 5219/4446
f 5225/4452 5219/4446 5224/4451
f 5224/4451 5220/4447 5226/4453
f 5221/4448 5226/4453 5220/4447
f 5226/4453 5221/4448 5222/4449
f 5222/4449 5223/4450 5226/4453
f 4886/4113 4887/4114 5170/4397
f 5223/4450 5227/4454 5226/4453
f 5227/4454 5224/4451 5226/4453
f 5225/4452 5224/4451 5227/4454
f 5225/4452 5227/4454 5228/4455
f 5168/4395 5169/4396 5218/4445
f 5219/4446 5229/4456 5218/4445
f 5218/4445 5229/4456 5168/4395
f 5219/4446 5225/4452 5229/4456
f 5225/4452 5228/4455 5229/4456
f 5229/4456 5228/4455 5161/4388
f 5229/4456 5162/4389 5168/4395
f 5161/4388 5162/4389 5229/4456
f 5227/4454 5230/4457 5228/4455
f 5231/4458 5228/4455 5230/4457
f 5228/4455 5231/4458 5161/4388
f 5232/4459 5161/4388 5231/4458
f 5161/4388 5232/4459 5160/4387
f 5233/4460 5160/4387 5232/4459
f 5160/4387 5233/4460 5159/4386
f 5234/4461 5159/4386 5233/4460
f 5235/4084 5236/4083 5237/4082
f 5238/4085 5235/4084 5237/4082
f 5235/4084 5239/4086 5236/4083
f 5235/4084 5240/4087 5239/4086
f 5240/4087 5241/4088 5239/4086
f 5240/4087 5242/4089 5241/4088
f 5237/4082 5236/4083 5243/4090
f 5236/4083 5244/4091 5243/4090
f 5236/4083 5245/4092 5244/4091
f 5236/4083 5239/4086 5245/4092
f 5239/4086 5246/4093 5245/4092
f 5239/4086 5241/4088 5246/4093
f 5243/4090 5244/4091 5247/4094
f 5243/4090 5247/4094 5248/4095
f 5244/4091 5249/4096 5247/4094
f 5244/4091 5245/4092 5249/4096
f 5245/4092 5250/4097 5249/4096
f 5245/4092 5246/4093 5250/4097
f 5248/4095 5247/4094 5251/4098
f 5248/4095 5251/4098 5252/4099
f 5247/4094 5253/4100 5251/4098
f 5247/4094 5249/4096 5253/4100
f 5249/4096 5254/4101 5253/4100
f 5249/4096 5250/4097 5254/4101
f 5252/4099 5251/4098 5255/4102
f 5251/4098 5253/4100 5255/4102
f 5253/4100 5254/4101 5255/4102
f 5240/4087 5256/4103 5242/4089
f 5256/4103 5240/4087 5257/4104
f 5235/4084 5257/4104 5240/4087
f 5257/4104 5235/4084 5258/4105
f 5259/4106 5258/4105 5235/4084
f 5235/4084 5238/4085 5259/4106
f 5259/4106 5260/4107 5258/4105
f 5260/4107 5259/4106 5261/4108
f 5262/4109 5258/4105 5260/4107
f 5258/4105 5262/4109 5257/4104
f 5263/4110 5257/4104 5262/4109
f 5257/4104 5263/4110 5256/4103
f 5261/4108 5264/4111 5260/4107
f 5264/4111 5261/4108 5265/4112
f 5266/4113 5260/4107 5264/4111
f 5260/4107 5266/4113 5262/4109
f 5263/4110 5262/4109 5266/4113
f 5266/4113 5267/4114 5263/4110
f 5265/4112 5268/4115 5264/4111
f 5265/4112 5269/4116 5268/4115
f 5270/4117 5268/4115 5269/4116
f 5269/4116 5271/4118 5270/4117
f 5272/4119 5270/4117 5271/4118
f 5272/4119 5271/4118 5273/4120
f 5273/4120 5274/4121 5272/4119
f 5274/4121 5273/4120 5275/4122
f 5273/4120 5276/4123 5275/4122
f 5273/4120 5277/4124 5276/4123
f 5273/4120 5278/4125 5277/4124
f 5278/4125 5279/4126 5277/4124
f 5278/4125 5280/4127 5279/4126
f 5275/4122 5276/4123 5281/4128
f 5276/4123 5282/4129 5281/4128
f 5276/4123 5283/4130 5282/4129
f 5276/4123 5277/4124 5283/4130
f 5277/4124 5284/4131 5283/4130
f 5277/4124 5279/4126 5284/4131
f 5281/4128 5282/4129 5285/4132
f 5281/4128 5285/4132 5286/4133
f 5282/4129 5287/4134 5285/4132
f 5282/4129 5283/4130 5287/4134
f 5283/4130 5288/4135 5287/4134
f 5283/4130 5284/4131 5288/4135
f 5286/4133 5285/4132 5289/4136
f 5286/4133 5289/4136 5290/4137
f 5285/4132 5291/4138 5289/4136
f 5285/4132 5287/4134 5291/4138
f 5287/4134 5292/4139 5291/4138
f 5287/4134 5288/4135 5292/4139
f 5290/4137 5289/4136 5293/4140
f 5289/4136 5291/4138 5293/4140
f 5291/4138 5292/4139 5293/4140
f 5278/4125 5294/4141 5280/4127
f 5294/4141 5278/4125 5295/4142
f 5273/4120 5295/4142 5278/4125
f 5295/4142 5273/4120 5271/4118
f 5271/4118 5269/4116 5295/4142
f 5296/4143 5295/4142 5269/4116
f 5295/4142 5296/4143 5294/4141
f 5269/4116 5265/4112 5296/4143
f 5297/4146 5298/4145 5299/4144
f 5297/4146 5300/4147 5298/4145
f 5300/4147 5301/4148 5298/4145
f 5300/4147 5302/4149 5301/4148
f 5302/4149 5303/4150 5301/4148
f 5303/4150 5304/4151 5301/4148
f 5299/4144 5298/4145 5305/4152
f 5299/4144 5305/4152 5306/4153
f 5298/4145 5307/4154 5305/4152
f 5298/4145 5301/4148 5307/4154
f 5301/4148 5304/4151 5307/4154
f 5304/4151 5308/4155 5307/4154
f 5306/4153 5305/4152 5309/4156
f 5306/4153 5309/4156 5310/4157
f 5307/4154 5308/4155 5311/4158
f 5307/4154 5311/4158 5312/4159
f 5310/4157 5309/4156 5313/4160
f 5310/4157 5313/4160 5314/4161
f 5309/4156 5315/4162 5313/4160
f 5309/4156 5312/4159 5315/4162
f 5312/4159 5316/4163 5315/4162
f 5312/4159 5311/4158 5316/4163
f 5314/4161 5313/4160 5317/4164
f 5313/4160 5315/4162 5317/4164
f 5315/4162 5316/4163 5317/4164
f 5303/4150 5302/4149 5318/4165
f 5319/4166 5318/4165 5302/4149
f 5300/4147 5319/4166 5302/4149
f 5319/4166 5300/4147 5320/4167
f 5321/4168 5320/4167 5300/4147
f 5300/4147 5297/4146 5321/4168
f 5321/4168 5322/4169 5320/4167
f 5322/4169 5321/4168 5323/4170
f 5324/4171 5320/4167 5322/4169
f 5320/4167 5324/4171 5319/4166
f 5325/4172 5319/4166 5324/4171
f 5319/4166 5325/4172 5318/4165
f 5322/4169 5323/4170 5326/4173
f 5326/4173 5327/4174 5322/4169
f 5328/4175 5322/4169 5327/4174
f 5322/4169 5328/4175 5324/4171
f 5329/4176 5324/4171 5328/4175
f 5324/4171 5329/4176 5325/4172
f 5326/4173 5330/4177 5327/4174
f 5330/4177 5326/4173 5331/4178
f 5332/4179 5327/4174 5330/4177
f 5327/4174 5332/4179 5328/4175
f 5328/4175 5332/4179 5329/4176
f 5333/4180 5329/4176 5332/4179
f 5329/4176 5333/4180 5334/4181
f 5329/4176 5334/4181 5335/4182
f 5335/4182 5336/4183 5329/4176
f 5335/4182 5337/4184 5336/4183
f 5337/4184 5335/4182 5338/4185
f 5337/4184 5338/4185 5339/4186
f 5339/4186 5340/4187 5337/4184
f 5340/4187 5339/4186 5341/4188
f 5340/4187 5341/4188 5342/4189
f 5339/4186 5343/4190 5341/4188
f 5339/4186 5344/4191 5343/4190
f 5344/4191 5345/4192 5343/4190
f 5345/4192 5346/4193 5343/4190
f 5342/4189 5341/4188 5347/4194
f 5342/4189 5347/4194 5348/4195
f 5341/4188 5349/4196 5347/4194
f 5341/4188 5343/4190 5349/4196
f 5343/4190 5346/4193 5349/4196
f 5346/4193 5350/4197 5349/4196
f 5348/4195 5347/4194 5351/4198
f 5348/4195 5351/4198 5352/4199
f 5349/4196 5350/4197 5353/4200
f 5349/4196 5353/4200 5354/4201
f 5352/4199 5351/4198 5355/4202
f 5352/4199 5355/4202 5356/4203
f 5351/4198 5357/4204 5355/4202
f 5351/4198 5354/4201 5357/4204
f 5354/4201 5358/4205 5357/4204
f 5354/4201 5353/4200 5358/4205
f 5356/4203 5355/4202 5359/4206
f 5355/4202 5357/4204 5359/4206
f 5357/4204 5358/4205 5359/4206
f 5345/4192 5344/4191 5360/4207
f 5361/4208 5360/4207 5344/4191
f 5339/4186 5361/4208 5344/4191
f 5361/4208 5339/4186 5338/4185
f 5338/4185 5362/4209 5361/4208
f 5362/4209 5338/4185 5335/4182
f 5363/4210 5361/4208 5362/4209
f 5361/4208 5363/4210 5360/4207
f 5335/4182 5364/4211 5362/4209
f 5364/4211 5335/4182 5334/4181
f 5365/4212 5362/4209 5364/4211
f 5362/4209 5365/4212 5363/4210
f 5334/4181 5366/4213 5364/4211
f 5364/4211 5366/4213 5365/4212
f 5366/4213 5334/4181 5333/4180
f 5367/4214 5365/4212 5366/4213
f 5365/4212 5367/4214 5368/4215
f 5365/4212 5368/4215 5369/4216
f 5369/4216 5370/4217 5365/4212
f 5369/4216 5371/4218 5370/4217
f 5371/4218 5369/4216 5372/4219
f 5371/4218 5372/4219 5373/4220
f 5373/4220 5374/4221 5371/4218
f 5374/4221 5373/4220 5375/4222
f 5374/4221 5375/4222 5376/4223
f 5373/4220 5377/4224 5375/4222
f 5373/4220 5378/4225 5377/4224
f 5378/4225 5379/4226 5377/4224
f 5379/4226 5380/4227 5377/4224
f 5376/4223 5375/4222 5381/4228
f 5376/4223 5381/4228 5382/4229
f 5375/4222 5383/4230 5381/4228
f 5375/4222 5377/4224 5383/4230
f 5377/4224 5380/4227 5383/4230
f 5380/4227 5384/4231 5383/4230
f 5382/4229 5381/4228 5385/4232
f 5382/4229 5385/4232 5386/4233
f 5383/4230 5384/4231 5387/4234
f 5383/4230 5387/4234 5388/4235
f 5386/4233 5385/4232 5389/4236
f 5386/4233 5389/4236 5390/4237
f 5385/4232 5391/4238 5389/4236
f 5385/4232 5388/4235 5391/4238
f 5388/4235 5392/4239 5391/4238
f 5388/4235 5387/4234 5392/4239
f 5390/4237 5389/4236 5393/4240
f 5389/4236 5391/4238 5393/4240
f 5391/4238 5392/4239 5393/4240
f 5379/4226 5378/4225 5394/4241
f 5395/4242 5394/4241 5378/4225
f 5373/4220 5395/4242 5378/4225
f 5395/4242 5373/4220 5372/4219
f 5372/4219 5396/4243 5395/4242
f 5396/4243 5372/4219 5369/4216
f 5397/4244 5395/4242 5396/4243
f 5395/4242 5397/4244 5394/4241
f 5369/4216 5398/4245 5396/4243
f 5397/4244 5396/4243 5398/4245
f 5398/4245 5369/4216 5368/4215
f 5398/4245 5399/4246 5397/4244
f 5368/4215 5367/4214 5398/4245
f 5400/4247 5398/4245 5367/4214
f 5398/4245 5400/4247 5399/4246
f 5399/4246 5400/4247 5401/4248
f 5399/4246 5401/4248 5402/4249
f 5402/4249 5403/4250 5399/4246
f 5402/4249 5404/4251 5403/4250
f 5404/4251 5402/4249 5405/4252
f 5404/4251 5405/4252 5406/4253
f 5406/4253 5407/4254 5404/4251
f 5407/4254 5406/4253 5408/4255
f 5407/4254 5408/4255 5409/4256
f 5406/4253 5410/4257 5408/4255
f 5406/4253 5411/4258 5410/4257
f 5411/4258 5412/4259 5410/4257
f 5412/4259 5413/4260 5410/4257
f 5409/4256 5408/4255 5414/4261
f 5409/4256 5414/4261 5415/4262
f 5408/4255 5416/4263 5414/4261
f 5408/4255 5410/4257 5416/4263
f 5410/4257 5413/4260 5416/4263
f 5413/4260 5417/4264 5416/4263
f 5415/4262 5414/4261 5418/4265
f 5415/4262 5418/4265 5419/4266
f 5416/4263 5417/4264 5420/4267
f 5416/4263 5420/4267 5421/4268
f 5419/4266 5418/4265 5422/4269
f 5419/4266 5422/4269 5423/4270
f 5418/4265 5424/4271 5422/4269
f 5418/4265 5421/4268 5424/4271
f 5421/4268 5425/4272 5424/4271
f 5421/4268 5420/4267 5425/4272
f 5412/4259 5411/4258 5426/4273
f 5427/4274 5426/4273 5411/4258
f 5427/4274 5428/4276 5426/4273
f 5428/4276 5427/4274 5429/4275
f 5405/4252 5429/4275 5427/4274
f 5427/4274 5406/4253 5405/4252
f 5406/4253 5427/4274 5411/4258
f 5429/4275 5405/4252 5402/4249
f 5402/4249 5430/4277 5429/4275
f 5430/4277 5402/4249 5401/4248
f 5431/4278 5429/4275 5430/4277
f 5429/4275 5431/4278 5428/4276
f 5401/4248 5432/4279 5430/4277
f 5431/4278 5430/4277 5432/4279
f 5432/4279 5401/4248 5400/4247
f 5432/4279 5433/4280 5431/4278
f 5400/4247 5434/4281 5432/4279
f 5434/4281 5433/4280 5432/4279
f 5434/4281 5400/4247 5435/4282
f 5436/4283 5435/4282 5400/4247
f 5400/4247 5367/4214 5436/4283
f 5437/4284 5436/4283 5367/4214
f 5367/4214 5366/4213 5437/4284
f 5333/4180 5437/4284 5366/4213
f 5437/4284 5333/4180 5438/4285
f 5332/4179 5438/4285 5333/4180
f 5438/4285 5332/4179 5439/4286
f 5332/4179 5440/4287 5439/4286
f 5440/4287 5332/4179 5330/4177
f 5330/4177 5441/4288 5440/4287
f 5441/4288 5330/4177 5331/4178
f 5433/4280 5434/4281 5442/4289
f 5439/4286 5443/4290 5438/4285
f 5443/4290 5439/4286 5444/4291
f 5440/4287 5444/4291 5439/4286
f 5445/4292 5438/4285 5443/4290
f 5438/4285 5445/4292 5437/4284
f 5446/4293 5437/4284 5445/4292
f 5437/4284 5446/4293 5436/4283
f 5447/4294 5436/4283 5446/4293
f 5436/4283 5447/4294 5435/4282
f 5448/4295 5435/4282 5447/4294
f 5435/4282 5448/4295 5434/4281
f 5444/4291 5440/4287 5449/4296
f 5441/4288 5449/4296 5440/4287
f 5449/4296 5441/4288 5450/4297
f 5451/4298 5434/4281 5448/4295
f 5434/4281 5451/4298 5442/4289
f 5452/4301 5453/4300 5454/4299
f 5452/4301 5455/4302 5453/4300
f 5456/4305 5457/4304 5458/4303
f 5456/4305 5459/4306 5457/4304
f 5270/4117 5272/4119 5460/4307
f 5460/4307 5461/4308 5270/4117
f 5461/4308 5460/4307 5462/4309
f 5268/4115 5270/4117 5461/4308
f 5461/4308 5462/4309 5463/4310
f 5462/4309 5464/4311 5463/4310
f 5465/4312 5463/4310 5464/4311
f 5464/4311 5466/4313 5465/4312
f 5467/4314 5465/4312 5466/4313
f 5467/4314 5466/4313 5468/4315
f 5468/4315 5469/4316 5467/4314
f 5469/4316 5468/4315 5470/4317
f 5468/4315 5471/4318 5470/4317
f 5468/4315 5472/4319 5471/4318
f 5468/4315 5473/4320 5472/4319
f 5473/4320 5474/4321 5472/4319
f 5473/4320 5475/4322 5474/4321
f 5470/4317 5471/4318 5476/4323
f 5471/4318 5477/4324 5476/4323
f 5471/4318 5478/4325 5477/4324
f 5471/4318 5472/4319 5478/4325
f 5472/4319 5479/4326 5478/4325
f 5472/4319 5474/4321 5479/4326
f 5476/4323 5477/4324 5480/4327
f 5476/4323 5480/4327 5481/4328
f 5477/4324 5482/4329 5480/4327
f 5477/4324 5478/4325 5482/4329
f 5478/4325 5483/4330 5482/4329
f 5478/4325 5479/4326 5483/4330
f 5481/4328 5480/4327 5484/4331
f 5481/4328 5484/4331 5485/4332
f 5480/4327 5486/4333 5484/4331
f 5480/4327 5482/4329 5486/4333
f 5482/4329 5487/4334 5486/4333
f 5482/4329 5483/4330 5487/4334
f 5485/4332 5484/4331 5488/4335
f 5484/4331 5486/4333 5488/4335
f 5486/4333 5487/4334 5488/4335
f 5473/4320 5489/4336 5475/4322
f 5489/4336 5473/4320 5490/4337
f 5468/4315 5490/4337 5473/4320
f 5490/4337 5468/4315 5466/4313
f 5466/4313 5464/4311 5490/4337
f 5491/4338 5490/4337 5464/4311
f 5490/4337 5491/4338 5489/4336
f 5464/4311 5462/4309 5491/4338
f 5492/4341 5493/4340 5494/4339
f 5492/4341 5495/4342 5493/4340
f 5465/4312 5467/4314 5496/4343
f 5496/4343 5497/4344 5465/4312
f 5497/4344 5496/4343 5498/4345
f 5463/4310 5465/4312 5497/4344
f 5497/4344 5498/4345 5499/4346
f 5498/4345 5500/4347 5499/4346
f 5501/4348 5499/4346 5500/4347
f 5500/4347 5502/4349 5501/4348
f 5503/4350 5501/4348 5502/4349
f 5503/4350 5502/4349 5504/4351
f 5504/4351 5505/4352 5503/4350
f 5505/4352 5504/4351 5506/4353
f 5504/4351 5507/4354 5506/4353
f 5504/4351 5508/4355 5507/4354
f 5504/4351 5509/4356 5508/4355
f 5509/4356 5510/4357 5508/4355
f 5509/4356 5511/4358 5510/4357
f 5506/4353 5507/4354 5512/4359
f 5507/4354 5513/4360 5512/4359
f 5507/4354 5514/4361 5513/4360
f 5507/4354 5508/4355 5514/4361
f 5508/4355 5515/4362 5514/4361
f 5508/4355 5510/4357 5515/4362
f 5512/4359 5513/4360 5516/4363
f 5512/4359 5516/4363 5517/4364
f 5513/4360 5518/4365 5516/4363
f 5513/4360 5514/4361 5518/4365
f 5514/4361 5519/4366 5518/4365
f 5514/4361 5515/4362 5519/4366
f 5517/4364 5516/4363 5520/4367
f 5517/4364 5520/4367 5521/4368
f 5516/4363 5522/4369 5520/4367
f 5516/4363 5518/4365 5522/4369
f 5518/4365 5523/4370 5522/4369
f 5518/4365 5519/4366 5523/4370
f 5521/4368 5520/4367 5524/4371
f 5520/4367 5522/4369 5524/4371
f 5522/4369 5523/4370 5524/4371
f 5523/4370 5525/4372 5524/4371
f 5525/4372 5526/4373 5524/4371
f 5526/4373 5521/4368 5524/4371
f 5509/4356 5527/4374 5511/4358
f 5527/4374 5509/4356 5528/4375
f 5504/4351 5528/4375 5509/4356
f 5528/4375 5504/4351 5502/4349
f 5502/4349 5500/4347 5528/4375
f 5529/4376 5528/4375 5500/4347
f 5528/4375 5529/4376 5527/4374
f 5500/4347 5498/4345 5529/4376
f 5530/4379 5531/4378 5532/4377
f 5530/4379 5533/4380 5531/4378
f 5501/4348 5503/4350 5534/4381
f 5534/4381 5535/4382 5501/4348
f 5535/4382 5534/4381 5536/4383
f 5499/4346 5501/4348 5535/4382
f 5536/4383 5537/4384 5535/4382
f 5536/4383 5538/4385 5537/4384
f 5539/4386 5537/4384 5538/4385
f 5537/4384 5539/4386 5540/4387
f 5537/4384 5540/4387 5541/4388
f 5541/4388 5542/4389 5537/4384
f 5543/4390 5537/4384 5542/4389
f 5537/4384 5543/4390 5535/4382
f 5497/4344 5535/4382 5543/4390
f 5497/4344 5499/4346 5535/4382
f 5544/4391 5497/4344 5543/4390
f 5544/4391 5543/4390 5542/4389
f 5497/4344 5544/4391 5463/4310
f 5545/4392 5463/4310 5544/4391
f 5463/4310 5545/4392 5461/4308
f 5546/4393 5461/4308 5545/4392
f 5461/4308 5546/4393 5268/4115
f 5547/4394 5268/4115 5546/4393
f 5268/4115 5547/4394 5264/4111
f 5266/4113 5264/4111 5547/4394
f 5266/4113 5547/4394 5548/4395
f 5547/4394 5546/4393 5548/4395
f 5546/4393 5545/4392 5548/4395
f 5544/4391 5542/4389 5548/4395
f 5545/4392 5544/4391 5548/4395
f 5266/4113 5548/4395 5549/4396
f 5549/4396 5550/4397 5266/4113
f 5549/4396 5551/4398 5550/4397
f 5552/4399 5550/4397 5551/4398
f 5551/4398 5553/4400 5552/4399
f 5553/4400 5551/4398 5554/4401
f 5553/4400 5554/4401 5555/4402
f 5555/4402 5556/4403 5553/4400
f 5556/4403 5555/4402 5557/4404
f 5555/4402 5558/4405 5557/4404
f 5555/4402 5559/4406 5558/4405
f 5555/4402 5560/4407 5559/4406
f 5560/4407 5561/4408 5559/4406
f 5560/4407 5562/4409 5561/4408
f 5562/4409 5563/4410 5561/4408
f 5562/4409 5564/4411 5563/4410
f 5564/4411 5565/4412 5563/4410
f 5556/4403 5557/4404 5565/4412
f 5564/4411 5566/4413 5565/4412
f 5566/4413 5556/4403 5565/4412
f 5556/4403 5566/4413 5553/4400
f 5557/4404 5558/4405 5567/4414
f 5558/4405 5568/4415 5567/4414
f 5558/4405 5569/4416 5568/4415
f 5558/4405 5559/4406 5569/4416
f 5559/4406 5570/4417 5569/4416
f 5559/4406 5561/4408 5570/4417
f 5561/4408 5571/4418 5570/4417
f 5561/4408 5563/4410 5571/4418
f 5563/4410 5572/4419 5571/4418
f 5563/4410 5565/4412 5572/4419
f 5557/4404 5567/4414 5572/4419
f 5565/4412 5557/4404 5572/4419
f 5567/4414 5568/4415 5573/4420
f 5567/4414 5573/4420 5574/4421
f 5572/4419 5567/4414 5574/4421
f 5568/4415 5575/4422 5573/4420
f 5568/4415 5569/4416 5575/4422
f 5569/4416 5576/4423 5575/4422
f 5569/4416 5570/4417 5576/4423
f 5570/4417 5577/4424 5576/4423
f 5570/4417 5571/4418 5577/4424
f 5572/4419 5574/4421 5578/4425
f 5574/4421 5573/4420 5579/4426
f 5574/4421 5579/4426 5580/4427
f 5578/4425 5574/4421 5580/4427
f 5573/4420 5581/4428 5579/4426
f 5573/4420 5575/4422 5581/4428
f 5575/4422 5582/4429 5581/4428
f 5575/4422 5576/4423 5582/4429
f 5576/4423 5583/4430 5582/4429
f 5576/4423 5577/4424 5583/4430
f 5577/4424 5584/4431 5583/4430
f 5577/4424 5578/4425 5584/4431
f 5578/4425 5580/4427 5584/4431
f 5580/4427 5579/4426 5585/4432
f 5579/4426 5581/4428 5585/4432
f 5581/4428 5582/4429 5585/4432
f 5582/4429 5583/4430 5585/4432
f 5583/4430 5584/4431 5585/4432
f 5584/4431 5580/4427 5585/4432
f 5586/4435 5587/4434 5588/4433
f 5586/4435 5589/4436 5587/4434
f 5590/4437 5555/4402 5554/4401
f 5555/4402 5590/4437 5560/4407
f 5591/4438 5560/4407 5590/4437
f 5560/4407 5591/4438 5562/4409
f 5564/4411 5562/4409 5591/4438
f 5591/4438 5592/4439 5564/4411
f 5593/4440 5564/4411 5592/4439
f 5564/4411 5593/4440 5566/4413
f 5593/4440 5553/4400 5566/4413
f 5554/4401 5594/4441 5590/4437
f 5594/4441 5554/4401 5551/4398
f 5595/4442 5590/4437 5594/4441
f 5590/4437 5595/4442 5591/4438
f 5596/4443 5591/4438 5595/4442
f 5591/4438 5596/4443 5592/4439
f 5597/4444 5592/4439 5596/4443
f 5592/4439 5597/4444 5593/4440
f 5552/4399 5593/4440 5597/4444
f 5593/4440 5552/4399 5553/4400
f 5551/4398 5549/4396 5594/4441
f 5595/4442 5594/4441 5598/4445
f 5549/4396 5598/4445 5594/4441
f 5598/4445 5599/4446 5595/4442
f 5596/4443 5595/4442 5599/4446
f 5599/4446 5600/4447 5596/4443
f 5601/4448 5596/4443 5600/4447
f 5596/4443 5601/4448 5597/4444
f 5602/4449 5597/4444 5601/4448
f 5597/4444 5602/4449 5552/4399
f 5550/4397 5552/4399 5602/4449
f 5550/4397 5602/4449 5267/4114
f 5602/4449 5603/4450 5267/4114
f 5599/4446 5604/4451 5600/4447
f 5604/4451 5599/4446 5605/4452
f 5606/4453 5600/4447 5604/4451
f 5600/4447 5606/4453 5601/4448
f 5602/4449 5601/4448 5606/4453
f 5606/4453 5603/4450 5602/4449
f 5550/4397 5267/4114 5266/4113
f 5606/4453 5607/4454 5603/4450
f 5606/4453 5604/4451 5607/4454
f 5607/4454 5604/4451 5605/4452
f 5608/4455 5607/4454 5605/4452
f 5598/4445 5549/4396 5548/4395
f 5598/4445 5609/4456 5599/4446
f 5548/4395 5609/4456 5598/4445
f 5609/4456 5605/4452 5599/4446
f 5609/4456 5608/4455 5605/4452
f 5541/4388 5608/4455 5609/4456
f 5548/4395 5542/4389 5609/4456
f 5609/4456 5542/4389 5541/4388
f 5608/4455 5610/4457 5607/4454
f 5610/4457 5608/4455 5611/4458
f 5541/4388 5611/4458 5608/4455
f 5611/4458 5541/4388 5612/4459
f 5540/4387 5612/4459 5541/4388
f 5612/4459 5540/4387 5613/4460
f 5539/4386 5613/4460 5540/4387
f 5613/4460 5539/4386 5614/4461
f 5615/4462 5616/4463 5617/4464
f 5617/4464 5616/4463 5618/4465
f 5615/4462 5617/4464 5619/4466
f 5620/4467 5618/4465 5616/4463
f 5620/4467 5621/4468 5618/4465
f 5620/4467 5622/4469 5621/4468
f 5623/4470 5622/4469 5620/4467
f 5624/4471 5622/4469 5623/4470
f 5624/4471 5625/4472 5622/4469
f 5626/4473 5625/4472 5624/4471
f 5626/4473 5627/4474 5625/4472
f 5627/4474 5628/4475 5625/4472
f 5629/4476 5628/4475 5627/4474
f 5630/4477 5629/4476 5627/4474
f 5631/4478 5629/4476 5630/4477
f 5632/4479 5631/4478 5630/4477
f 5633/4480 5631/4478 5632/4479
f 5634/4481 5623/4470 5620/4467
f 5623/4470 5634/4481 5635/4482
f 5623/4470 5635/4482 5636/4483
f 5631/4478 5637/4484 5629/4476
f 5637/4484 5631/4478 5638/4485
f 5639/4486 5638/4485 5631/4478
f 5640/4487 5639/4486 5631/4478
f 5640/4487 5631/4478 5633/4480
f 5641/4488 5639/4486 5640/4487
f 5641/4488 5642/4489 5639/4486
f 5643/4490 5642/4489 5641/4488
f 5644/4491 5643/4490 5641/4488
f 5644/4491 5645/4492 5643/4490
f 5645/4492 5646/4493 5643/4490
f 5646/4493 5645/4492 5647/4494
f 5648/4495 5643/4490 5646/4493
f 5649/4496 5642/4489 5643/4490
f 5643/4490 5648/4495 5649/4496
f 5638/4485 5639/4486 5649/4496
f 5642/4489 5649/4496 5639/4486
f 5645/4492 5644/4491 5650/4497
f 5651/4498 5645/4492 5650/4497
f 5652/4499 5650/4497 5644/4491
f 5653/4500 5651/4498 5650/4497
f 5652/4499 5653/4500 5650/4497
f 5651/4498 5653/4500 5654/4501
f 5655/4502 5653/4500 5652/4499
f 5641/4488 5656/4503 5644/4491
f 5657/4504 5644/4491 5656/4503
f 5658/4505 5652/4499 5644/4491
f 5644/4491 5657/4504 5658/4505
f 5655/4502 5652/4499 5658/4505
f 5658/4505 5659/4506 5655/4502
f 5656/4503 5660/4507 5657/4504
f 5661/4508 5657/4504 5660/4507
f 5656/4503 5662/4509 5660/4507
f 5662/4509 5656/4503 5663/4510
f 5641/4488 5663/4510 5656/4503
f 5663/4510 5641/4488 5640/4487
f 5664/4511 5658/4505 5657/4504
f 5657/4504 5661/4508 5664/4511
f 5665/4512 5659/4506 5658/4505
f 5658/4505 5664/4511 5665/4512
f 5661/4508 5666/4513 5664/4511
f 5667/4514 5664/4511 5666/4513
f 5664/4511 5667/4514 5665/4512
f 5668/4515 5665/4512 5667/4514
f 5669/4516 5655/4502 5659/4506
f 5659/4506 5665/4512 5670/4517
f 5670/4517 5669/4516 5659/4506
f 5671/4518 5665/4512 5668/4515
f 5671/4518 5670/4517 5665/4512
f 5660/4507 5672/4519 5661/4508
f 5673/4520 5661/4508 5672/4519
f 5666/4513 5661/4508 5673/4520
f 5672/4519 5660/4507 5674/4521
f 5662/4509 5674/4521 5660/4507
f 5666/4513 5675/4522 5667/4514
f 5666/4513 5673/4520 5675/4522
f 5676/4523 5667/4514 5675/4522
f 5667/4514 5676/4523 5668/4515
f 5677/4524 5668/4515 5676/4523
f 5668/4515 5677/4524 5671/4518
f 5675/4522 5678/4525 5676/4523
f 5679/4526 5676/4523 5678/4525
f 5677/4524 5676/4523 5679/4526
f 5678/4525 5680/4527 5679/4526
f 5681/4528 5679/4526 5680/4527
f 5680/4527 5682/4529 5681/4528
f 5683/4530 5681/4528 5682/4529
f 5682/4529 5684/4531 5683/4530
f 5685/4532 5683/4530 5684/4531
f 5686/4533 5685/4532 5684/4531
f 5684/4531 5687/4534 5686/4533
f 5688/4535 5675/4522 5673/4520
f 5675/4522 5688/4535 5678/4525
f 5689/4536 5678/4525 5688/4535
f 5678/4525 5689/4536 5680/4527
f 5690/4537 5680/4527 5689/4536
f 5680/4527 5690/4537 5682/4529
f 5691/4538 5682/4529 5690/4537
f 5682/4529 5691/4538 5684/4531
f 5692/4539 5684/4531 5691/4538
f 5684/4531 5692/4539 5687/4534
f 5693/4540 5687/4534 5692/4539
f 5687/4534 5694/4541 5686/4533
f 5695/4542 5686/4533 5694/4541
f 5694/4541 5687/4534 5696/4543
f 5693/4540 5696/4543 5687/4534
f 5694/4541 5697/4544 5695/4542
f 5698/4545 5695/4542 5697/4544
f 5697/4544 5694/4541 5699/4546
f 5696/4543 5699/4546 5694/4541
f 5697/4544 5700/4547 5698/4545
f 5701/4548 5698/4545 5700/4547
f 5700/4547 5697/4544 5702/4549
f 5699/4546 5702/4549 5697/4544
f 5700/4547 5703/4550 5701/4548
f 5704/4551 5701/4548 5703/4550
f 5703/4550 5700/4547 5705/4552
f 5702/4549 5705/4552 5700/4547
f 5706/4553 5695/4542 5698/4545
f 5695/4542 5706/4553 5686/4533
f 5707/4554 5686/4533 5706/4553
f 5698/4545 5708/4555 5706/4553
f 5708/4555 5698/4545 5709/4556
f 5701/4548 5709/4556 5698/4545
f 5709/4556 5701/4548 5710/4557
f 5704/4551 5710/4557 5701/4548
f 5685/4532 5686/4533 5707/4554
f 5711/4558 5685/4532 5707/4554
f 5685/4532 5711/4558 5712/4559
f 5712/4559 5683/4530 5685/4532
f 5702/4549 5713/4560 5705/4552
f 5713/4560 5702/4549 5714/4561
f 5699/4546 5714/4561 5702/4549
f 5714/4561 5699/4546 5715/4562
f 5696/4543 5715/4562 5699/4546
f 5715/4562 5696/4543 5716/4563
f 5693/4540 5716/4563 5696/4543
f 5716/4563 5693/4540 5717/4564
f 5692/4539 5717/4564 5693/4540
f 5717/4564 5692/4539 5718/4565
f 5691/4538 5718/4565 5692/4539
f 5718/4565 5691/4538 5719/4566
f 5690/4537 5719/4566 5691/4538
f 5719/4566 5690/4537 5720/4567
f 5689/4536 5720/4567 5690/4537
f 5720/4567 5689/4536 5721/4568
f 5688/4535 5721/4568 5689/4536
f 5721/4568 5688/4535 5722/4569
f 5673/4520 5722/4569 5688/4535
f 5672/4519 5723/4570 5673/4520
f 5723/4570 5672/4519 5724/4571
f 5674/4521 5724/4571 5672/4519
f 5724/4571 5674/4521 5725/4572
f 5726/4573 5725/4572 5674/4521
f 5726/4573 5674/4521 5727/4574
f 5662/4509 5727/4574 5674/4521
f 5727/4574 5662/4509 5728/4575
f 5663/4510 5728/4575 5662/4509
f 5728/4575 5663/4510 5633/4480
f 5640/4487 5633/4480 5663/4510
f 5728/4575 5633/4480 5729/4576
f 5632/4479 5729/4576 5633/4480
f 5728/4575 5730/4577 5727/4574
f 5728/4575 5729/4576 5730/4577
f 5731/4578 5727/4574 5730/4577
f 5727/4574 5731/4578 5726/4573
f 5732/4579 5726/4573 5731/4578
f 5729/4576 5632/4479 5733/4580
f 5733/4580 5632/4479 5734/4581
f 5630/4477 5734/4581 5632/4479
f 5734/4581 5630/4477 5735/4582
f 5627/4474 5735/4582 5630/4477
f 5735/4582 5627/4474 5736/4583
f 5626/4473 5736/4583 5627/4474
f 5736/4583 5626/4473 5737/4584
f 5738/4585 5737/4584 5626/4473
f 5626/4473 5624/4471 5738/4585
f 5739/4586 5738/4585 5624/4471
f 5739/4586 5624/4471 5623/4470
f 5623/4470 5636/4483 5739/4586
f 5739/4586 5636/4483 5740/4587
f 5739/4586 5740/4587 5738/4585
f 5741/4588 5740/4587 5636/4483
f 5742/4589 5740/4587 5741/4588
f 5741/4588 5636/4483 5743/4590
f 5635/4482 5743/4590 5636/4483
f 5741/4588 5744/4591 5742/4589
f 5745/4592 5742/4589 5744/4591
f 5744/4591 5741/4588 5746/4593
f 5743/4590 5746/4593 5741/4588
f 5746/4593 5743/4590 5747/4594
f 5635/4482 5747/4594 5743/4590
f 5747/4594 5635/4482 5748/4595
f 5748/4595 5635/4482 5634/4481
f 5634/4481 5749/4596 5748/4595
f 5750/4597 5749/4596 5634/4481
f 5620/4467 5750/4597 5634/4481
f 5750/4597 5620/4467 5616/4463
f 5750/4597 5616/4463 5615/4462
f 5615/4462 5654/4501 5750/4597
f 5751/4598 5750/4597 5654/4501
f 5749/4596 5750/4597 5751/4598
f 5654/4501 5752/4599 5751/4598
f 5752/4599 5654/4501 5653/4500
f 5653/4500 5753/4600 5752/4599
f 5753/4600 5653/4500 5655/4502
f 5655/4502 5669/4516 5753/4600
f 5747/4594 5754/4601 5746/4593
f 5669/4516 5755/4602 5753/4600
f 5755/4602 5669/4516 5756/4603
f 5670/4517 5756/4603 5669/4516
f 5757/4604 5753/4600 5755/4602
f 5757/4604 5752/4599 5753/4600
f 5756/4603 5670/4517 5758/4605
f 5671/4518 5758/4605 5670/4517
f 5759/4606 5755/4602 5756/4603
f 5755/4602 5759/4606 5757/4604
f 5756/4603 5760/4607 5759/4606
f 5760/4607 5756/4603 5758/4605
f 5761/4608 5757/4604 5759/4606
f 5758/4605 5671/4518 5762/4609
f 5762/4609 5760/4607 5758/4605
f 5760/4607 5763/4610 5759/4606
f 5764/4611 5759/4606 5763/4610
f 5759/4606 5764/4611 5761/4608
f 5765/4612 5761/4608 5764/4611
f 5766/4613 5760/4607 5762/4609
f 5760/4607 5766/4613 5763/4610
f 5757/4604 5761/4608 5767/4614
f 5757/4604 5767/4614 5752/4599
f 5752/4599 5767/4614 5751/4598
f 5768/4615 5751/4598 5767/4614
f 5761/4608 5768/4615 5767/4614
f 5751/4598 5768/4615 5749/4596
f 5768/4615 5748/4595 5749/4596
f 5769/4616 5748/4595 5768/4615
f 5769/4616 5747/4594 5748/4595
f 5747/4594 5769/4616 5770/4617
f 5770/4617 5754/4601 5747/4594
f 5771/4618 5770/4617 5769/4616
f 5769/4616 5768/4615 5771/4618
f 5761/4608 5765/4612 5771/4618
f 5761/4608 5771/4618 5768/4615
f 5770/4617 5772/4619 5754/4601
f 5754/4601 5772/4619 5746/4593
f 5773/4620 5746/4593 5772/4619
f 5746/4593 5773/4620 5744/4591
f 5774/4621 5744/4591 5773/4620
f 5744/4591 5774/4621 5745/4592
f 5775/4622 5745/4592 5774/4621
f 5775/4622 5776/4623 5745/4592
f 5777/4624 5745/4592 5776/4623
f 5745/4592 5777/4624 5742/4589
f 5778/4625 5742/4589 5777/4624
f 5742/4589 5778/4625 5740/4587
f 5779/4626 5740/4587 5778/4625
f 5740/4587 5779/4626 5738/4585
f 5737/4584 5738/4585 5779/4626
f 5780/4627 5779/4626 5778/4625
f 5778/4625 5781/4628 5780/4627
f 5781/4628 5778/4625 5777/4624
f 5780/4627 5781/4628 5782/4629
f 5782/4629 5783/4630 5780/4627
f 5784/4631 5780/4627 5783/4630
f 5783/4630 5785/4632 5784/4631
f 5786/4633 5784/4631 5785/4632
f 5787/4634 5786/4633 5785/4632
f 5784/4631 5786/4633 5788/4635
f 5789/4636 5788/4635 5786/4633
f 5789/4636 5790/4637 5788/4635
f 5790/4637 5791/4638 5788/4635
f 5790/4637 5792/4639 5791/4638
f 5792/4639 5793/4640 5791/4638
f 5792/4639 5794/4641 5793/4640
f 5794/4641 5795/4642 5793/4640
f 5794/4641 5796/4643 5795/4642
f 5797/4644 5796/4643 5794/4641
f 5797/4644 5798/4645 5796/4643
f 5799/4646 5798/4645 5797/4644
f 5799/4646 5800/4647 5798/4645
f 5800/4647 5801/4648 5798/4645
f 5802/4649 5789/4636 5786/4633
f 5791/4638 5803/4650 5788/4635
f 5804/4651 5801/4648 5800/4647
f 5804/4651 5805/4652 5801/4648
f 5805/4652 5806/4653 5801/4648
f 5805/4652 5804/4651 5807/4654
f 5807/4654 5808/4655 5805/4652
f 5808/4655 5809/4656 5805/4652
f 5810/4657 5809/4656 5808/4655
f 5810/4657 5808/4655 5811/4658
f 5808/4655 5807/4654 5811/4658
f 5805/4652 5809/4656 5812/4659
f 5806/4653 5805/4652 5812/4659
f 5811/4658 5813/4660 5810/4657
f 5802/4649 5786/4633 5813/4660
f 5813/4660 5787/4634 5810/4657
f 5813/4660 5786/4633 5787/4634
f 5814/4661 5810/4657 5787/4634
f 5815/4662 5811/4658 5807/4654
f 5816/4663 5802/4649 5813/4660
f 5813/4660 5817/4664 5816/4663
f 5811/4658 5815/4662 5817/4664
f 5817/4664 5813/4660 5811/4658
f 5818/4665 5809/4656 5810/4657
f 5809/4656 5818/4665 5812/4659
f 5819/4666 5812/4659 5818/4665
f 5812/4659 5819/4666 5806/4653
f 5819/4666 5820/4667 5806/4653
f 5821/4668 5814/4661 5787/4634
f 5821/4668 5787/4634 5785/4632
f 5783/4630 5821/4668 5785/4632
f 5821/4668 5783/4630 5822/4669
f 5821/4668 5823/4670 5814/4661
f 5823/4670 5821/4668 5822/4669
f 5824/4671 5822/4669 5783/4630
f 5783/4630 5782/4629 5824/4671
f 5822/4669 5824/4671 5825/4672
f 5825/4672 5823/4670 5822/4669
f 5826/4673 5824/4671 5782/4629
f 5824/4671 5826/4673 5825/4672
f 5782/4629 5827/4674 5826/4673
f 5827/4674 5782/4629 5781/4628
f 5781/4628 5828/4675 5827/4674
f 5818/4665 5829/4676 5819/4666
f 5829/4676 5818/4665 5830/4677
f 5810/4657 5830/4677 5818/4665
f 5810/4657 5814/4661 5830/4677
f 5831/4678 5827/4674 5828/4675
f 5828/4675 5832/4679 5831/4678
f 5827/4674 5831/4678 5833/4680
f 5833/4680 5826/4673 5827/4674
f 5826/4673 5833/4680 5834/4681
f 5834/4681 5825/4672 5826/4673
f 5777/4624 5828/4675 5781/4628
f 5828/4675 5777/4624 5776/4623
f 5776/4623 5832/4679 5828/4675
f 5835/4682 5829/4676 5830/4677
f 5830/4677 5836/4683 5835/4682
f 5836/4683 5830/4677 5814/4661
f 5835/4682 5837/4684 5829/4676
f 5829/4676 5837/4684 5838/4685
f 5838/4685 5819/4666 5829/4676
f 5819/4666 5838/4685 5820/4667
f 5839/4686 5820/4667 5838/4685
f 5820/4667 5839/4686 5840/4687
f 5840/4687 5841/4688 5820/4667
f 5806/4653 5820/4667 5841/4688
f 5841/4688 5842/4689 5806/4653
f 5842/4689 5841/4688 5843/4690
f 5842/4689 5801/4648 5806/4653
f 5801/4648 5842/4689 5844/4691
f 5844/4691 5798/4645 5801/4648
f 5798/4645 5844/4691 5845/4692
f 5845/4692 5796/4643 5798/4645
f 5842/4689 5843/4690 5846/4693
f 5846/4693 5844/4691 5842/4689
f 5844/4691 5847/4694 5845/4692
f 5847/4694 5844/4691 5846/4693
f 5841/4688 5848/4695 5843/4690
f 5841/4688 5849/4696 5848/4695
f 5849/4696 5841/4688 5840/4687
f 5850/4697 5843/4690 5848/4695
f 5848/4695 5851/4698 5850/4697
f 5851/4698 5848/4695 5849/4696
f 5849/4696 5852/4699 5851/4698
f 5853/4700 5846/4693 5843/4690
f 5843/4690 5854/4701 5853/4700
f 5843/4690 5850/4697 5854/4701
f 5846/4693 5853/4700 5855/4702
f 5855/4702 5847/4694 5846/4693
f 5856/4703 5850/4697 5851/4698
f 5851/4698 5857/4704 5856/4703
f 5857/4704 5851/4698 5852/4699
f 5849/4696 5858/4705 5852/4699
f 5849/4696 5859/4706 5858/4705
f 5840/4687 5859/4706 5849/4696
f 5859/4706 5840/4687 5839/4686
f 5860/4707 5852/4699 5858/4705
f 5852/4699 5860/4707 5861/4708
f 5857/4704 5852/4699 5861/4708
f 5857/4704 5861/4708 5862/4709
f 5862/4709 5856/4703 5857/4704
f 5863/4710 5862/4709 5861/4708
f 5861/4708 5864/4711 5863/4710
f 5865/4712 5863/4710 5864/4711
f 5864/4711 5866/4713 5865/4712
f 5867/4714 5865/4712 5866/4713
f 5866/4713 5868/4715 5867/4714
f 5868/4715 5869/4716 5867/4714
f 5870/4717 5867/4714 5869/4716
f 5871/4718 5862/4709 5863/4710
f 5862/4709 5871/4718 5872/4719
f 5872/4719 5856/4703 5862/4709
f 5856/4703 5872/4719 5873/4720
f 5873/4720 5850/4697 5856/4703
f 5863/4710 5874/4721 5871/4718
f 5874/4721 5863/4710 5865/4712
f 5865/4712 5875/4722 5874/4721
f 5875/4722 5865/4712 5867/4714
f 5867/4714 5876/4723 5875/4722
f 5876/4723 5867/4714 5870/4717
f 5870/4717 5877/4724 5876/4723
f 5854/4701 5850/4697 5873/4720
f 5878/4725 5870/4717 5869/4716
f 5869/4716 5879/4726 5878/4725
f 5870/4717 5878/4725 5880/4727
f 5880/4727 5877/4724 5870/4717
f 5881/4728 5878/4725 5879/4726
f 5879/4726 5882/4729 5881/4728
f 5878/4725 5881/4728 5883/4730
f 5883/4730 5880/4727 5878/4725
f 5884/4731 5881/4728 5882/4729
f 5882/4729 5885/4732 5884/4731
f 5881/4728 5884/4731 5886/4733
f 5886/4733 5883/4730 5881/4728
f 5703/4550 5884/4731 5885/4732
f 5885/4732 5704/4551 5703/4550
f 5884/4731 5703/4550 5705/4552
f 5705/4552 5886/4733 5884/4731
f 5887/4734 5882/4729 5879/4726
f 5879/4726 5888/4735 5887/4734
f 5888/4735 5879/4726 5869/4716
f 5869/4716 5889/4736 5888/4735
f 5882/4729 5887/4734 5890/4737
f 5890/4737 5885/4732 5882/4729
f 5885/4732 5890/4737 5710/4557
f 5710/4557 5704/4551 5885/4732
f 5869/4716 5868/4715 5889/4736
f 5868/4715 5891/4738 5889/4736
f 5891/4738 5868/4715 5892/4739
f 5866/4713 5892/4739 5868/4715
f 5893/4740 5886/4733 5705/4552
f 5886/4733 5893/4740 5894/4741
f 5894/4741 5883/4730 5886/4733
f 5883/4730 5894/4741 5895/4742
f 5895/4742 5880/4727 5883/4730
f 5880/4727 5895/4742 5896/4743
f 5896/4743 5877/4724 5880/4727
f 5897/4744 5710/4557 5890/4737
f 5710/4557 5897/4744 5709/4556
f 5898/4745 5709/4556 5897/4744
f 5709/4556 5898/4745 5708/4555
f 5899/4746 5708/4555 5898/4745
f 5708/4555 5899/4746 5706/4553
f 5900/4747 5706/4553 5899/4746
f 5899/4746 5901/4748 5900/4747
f 5902/4749 5900/4747 5901/4748
f 5901/4748 5899/4746 5903/4750
f 5898/4745 5903/4750 5899/4746
f 5903/4750 5898/4745 5904/4751
f 5897/4744 5904/4751 5898/4745
f 5901/4748 5905/4752 5902/4749
f 5906/4753 5902/4749 5905/4752
f 5905/4752 5901/4748 5907/4754
f 5903/4750 5907/4754 5901/4748
f 5907/4754 5903/4750 5908/4755
f 5904/4751 5908/4755 5903/4750
f 5905/4752 5909/4756 5906/4753
f 5910/4757 5906/4753 5909/4756
f 5909/4756 5905/4752 5911/4758
f 5907/4754 5911/4758 5905/4752
f 5911/4758 5907/4754 5912/4759
f 5908/4755 5912/4759 5907/4754
f 5906/4753 5913/4760 5902/4749
f 5913/4760 5906/4753 5910/4757
f 5914/4761 5902/4749 5913/4760
f 5914/4761 5900/4747 5902/4749
f 5915/4762 5914/4761 5913/4760
f 5913/4760 5916/4763 5915/4762
f 5916/4763 5913/4760 5910/4757
f 5916/4763 5917/4764 5915/4762
f 5915/4762 5711/4558 5914/4761
f 5711/4558 5707/4554 5914/4761
f 5914/4761 5707/4554 5900/4747
f 5707/4554 5706/4553 5900/4747
f 5917/4764 5712/4559 5915/4762
f 5712/4559 5711/4558 5915/4762
f 5910/4757 5909/4756 5918/4765
f 5911/4758 5918/4765 5909/4756
f 5918/4765 5911/4758 5919/4766
f 5912/4759 5919/4766 5911/4758
f 5918/4765 5920/4767 5910/4757
f 5921/4768 5910/4757 5920/4767
f 5920/4767 5918/4765 5922/4769
f 5919/4766 5922/4769 5918/4765
f 5910/4757 5921/4768 5916/4763
f 5923/4770 5712/4559 5917/4764
f 5923/4770 5683/4530 5712/4559
f 5683/4530 5923/4770 5924/4771
f 5924/4771 5681/4528 5683/4530
f 5681/4528 5924/4771 5679/4526
f 5925/4772 5679/4526 5924/4771
f 5925/4772 5677/4524 5679/4526
f 5924/4771 5926/4773 5925/4772
f 5926/4773 5924/4771 5923/4770
f 5927/4774 5925/4772 5926/4773
f 5925/4772 5927/4774 5677/4524
f 5923/4770 5928/4775 5926/4773
f 5928/4775 5923/4770 5917/4764
f 5920/4767 5929/4776 5921/4768
f 5930/4777 5921/4768 5929/4776
f 5921/4768 5930/4777 5916/4763
f 5931/4778 5916/4763 5930/4777
f 5931/4778 5917/4764 5916/4763
f 5929/4776 5932/4779 5930/4777
f 5933/4780 5930/4777 5932/4779
f 5930/4777 5933/4780 5931/4778
f 5932/4779 5929/4776 5934/4781
f 5935/4782 5934/4781 5929/4776
f 5929/4776 5920/4767 5935/4782
f 5922/4769 5935/4782 5920/4767
f 5936/4783 5931/4778 5933/4780
f 5928/4775 5917/4764 5936/4783
f 5931/4778 5936/4783 5917/4764
f 5932/4779 5937/4784 5933/4780
f 5938/4785 5933/4780 5937/4784
f 5933/4780 5938/4785 5936/4783
f 5937/4784 5932/4779 5939/4786
f 5934/4781 5939/4786 5932/4779
f 5940/4787 5936/4783 5938/4785
f 5936/4783 5940/4787 5928/4775
f 5941/4788 5928/4775 5940/4787
f 5941/4788 5926/4773 5928/4775
f 5935/4782 5922/4769 5942/4789
f 5943/4790 5942/4789 5922/4769
f 5942/4789 5943/4790 5944/4791
f 5945/4792 5944/4791 5943/4790
f 5946/4793 5944/4791 5945/4792
f 5945/4792 5947/4794 5946/4793
f 5948/4795 5946/4793 5947/4794
f 5947/4794 5949/4796 5948/4795
f 5950/4797 5948/4795 5949/4796
f 5949/4796 5951/4798 5950/4797
f 5888/4735 5950/4797 5951/4798
f 5951/4798 5887/4734 5888/4735
f 5887/4734 5951/4798 5952/4799
f 5952/4799 5890/4737 5887/4734
f 5890/4737 5952/4799 5897/4744
f 5951/4798 5949/4796 5953/4800
f 5953/4800 5952/4799 5951/4798
f 5952/4799 5953/4800 5904/4751
f 5904/4751 5897/4744 5952/4799
f 5949/4796 5947/4794 5954/4801
f 5954/4801 5953/4800 5949/4796
f 5953/4800 5954/4801 5908/4755
f 5908/4755 5904/4751 5953/4800
f 5947/4794 5945/4792 5955/4802
f 5955/4802 5954/4801 5947/4794
f 5954/4801 5955/4802 5912/4759
f 5912/4759 5908/4755 5954/4801
f 5888/4735 5889/4736 5950/4797
f 5889/4736 5956/4803 5950/4797
f 5950/4797 5956/4803 5948/4795
f 5948/4795 5956/4803 5957/4804
f 5957/4804 5946/4793 5948/4795
f 5958/4805 5957/4804 5956/4803
f 5956/4803 5959/4806 5958/4805
f 5960/4807 5958/4805 5959/4806
f 5891/4738 5959/4806 5956/4803
f 5889/4736 5891/4738 5956/4803
f 5892/4739 5960/4807 5959/4806
f 5891/4738 5892/4739 5959/4806
f 5943/4790 5955/4802 5945/4792
f 5955/4802 5943/4790 5919/4766
f 5919/4766 5912/4759 5955/4802
f 5946/4793 5957/4804 5944/4791
f 5922/4769 5919/4766 5943/4790
f 5957/4804 5958/4805 5961/4808
f 5961/4808 5944/4791 5957/4804
f 5944/4791 5961/4808 5942/4789
f 5892/4739 5962/4809 5960/4807
f 5866/4713 5962/4809 5892/4739
f 5962/4809 5866/4713 5963/4810
f 5864/4711 5963/4810 5866/4713
f 5963/4810 5864/4711 5861/4708
f 5861/4708 5964/4811 5963/4810
f 5860/4707 5964/4811 5861/4708
f 5965/4812 5963/4810 5964/4811
f 5963/4810 5965/4812 5962/4809
f 5964/4811 5966/4813 5965/4812
f 5966/4813 5964/4811 5860/4707
f 5967/4814 5962/4809 5965/4812
f 5860/4707 5858/4705 5966/4813
f 5968/4815 5966/4813 5858/4705
f 5968/4815 5858/4705 5859/4706
f 5859/4706 5969/4816 5968/4815
f 5969/4816 5859/4706 5839/4686
f 5839/4686 5970/4817 5969/4816
f 5970/4817 5839/4686 5838/4685
f 5838/4685 5837/4684 5970/4817
f 5971/4818 5969/4816 5970/4817
f 5969/4816 5971/4818 5968/4815
f 5970/4817 5972/4819 5971/4818
f 5972/4819 5970/4817 5837/4684
f 5837/4684 5973/4820 5972/4819
f 5974/4821 5968/4815 5971/4818
f 5968/4815 5974/4821 5966/4813
f 5975/4822 5971/4818 5972/4819
f 5972/4819 5976/4823 5975/4822
f 5976/4823 5972/4819 5973/4820
f 5973/4820 5977/4824 5976/4823
f 5971/4818 5978/4825 5974/4821
f 5978/4825 5971/4818 5975/4822
f 5973/4820 5837/4684 5835/4682
f 5977/4824 5973/4820 5979/4826
f 5979/4826 5973/4820 5836/4683
f 5836/4683 5973/4820 5835/4682
f 5980/4827 5979/4826 5836/4683
f 5823/4670 5980/4827 5836/4683
f 5823/4670 5836/4683 5814/4661
f 5825/4672 5980/4827 5823/4670
f 5825/4672 5981/4828 5980/4827
f 5981/4828 5825/4672 5834/4681
f 5979/4826 5980/4827 5982/4829
f 5982/4829 5981/4828 5834/4681
f 5981/4828 5982/4829 5980/4827
f 5983/4830 5974/4821 5978/4825
f 5966/4813 5974/4821 5983/4830
f 5984/4831 5966/4813 5983/4830
f 5966/4813 5984/4831 5965/4812
f 5985/4832 5965/4812 5984/4831
f 5965/4812 5985/4832 5967/4814
f 5967/4814 5985/4832 5986/4833
f 5986/4833 5987/4834 5967/4814
f 5960/4807 5967/4814 5987/4834
f 5962/4809 5967/4814 5960/4807
f 5987/4834 5988/4835 5960/4807
f 5960/4807 5988/4835 5958/4805
f 5958/4805 5988/4835 5989/4836
f 5989/4836 5961/4808 5958/4805
f 5961/4808 5989/4836 5990/4837
f 5990/4837 5942/4789 5961/4808
f 5942/4789 5990/4837 5935/4782
f 5991/4838 5990/4837 5989/4836
f 5989/4836 5992/4839 5991/4838
f 5988/4835 5987/4834 5992/4839
f 5992/4839 5989/4836 5988/4835
f 5990/4837 5991/4838 5934/4781
f 5934/4781 5935/4782 5990/4837
f 5993/4840 5991/4838 5992/4839
f 5992/4839 5994/4841 5993/4840
f 5987/4834 5986/4833 5994/4841
f 5994/4841 5992/4839 5987/4834
f 5991/4838 5993/4840 5939/4786
f 5939/4786 5934/4781 5991/4838
f 5995/4842 5617/4464 5618/4465
f 5618/4465 5996/4843 5995/4842
f 5617/4464 5995/4842 5619/4466
f 5996/4843 5618/4465 5997/4844
f 5621/4468 5997/4844 5618/4465
f 5997/4844 5621/4468 5998/4845
f 5622/4469 5998/4845 5621/4468
f 5998/4845 5622/4469 5999/4846
f 5625/4472 5999/4846 5622/4469
f 5999/4846 5625/4472 6000/4847
f 5628/4475 6000/4847 5625/4472
f 6000/4847 5628/4475 6001/4848
f 5629/4476 6001/4848 5628/4475
f 6001/4848 5629/4476 5637/4484
f 5619/4466 5995/4842 5647/4494
f 5647/4494 5645/4492 5619/4466
f 5651/4498 5619/4466 5645/4492
f 5615/4462 5619/4466 5651/4498
f 5654/4501 5615/4462 5651/4498
f 6002/4849 6003/4850 6004/4851
f 6005/4852 6004/4851 6003/4850
f 6004/4851 6005/4852 6006/4853
f 6006/4853 6007/4854 6004/4851
f 6007/4854 6006/4853 6008/4855
f 6008/4855 6009/4856 6007/4854
f 6002/4849 6010/4857 6003/4850
f 6011/4858 6003/4850 6010/4857
f 6012/4859 6002/4849 6004/4851
f 6002/4849 6012/4859 6010/4857
f 6004/4851 6013/4860 6012/4859
f 6013/4860 6004/4851 6007/4854
f 6007/4854 6014/4861 6013/4860
f 6014/4861 6007/4854 6009/4856
f 6009/4856 6015/4862 6014/4861
f 6016/4863 6010/4857 6012/4859
f 6009/4856 6008/4855 6017/4864
f 6018/4865 6009/4856 6017/4864
f 6015/4862 6009/4856 6018/4865
f 6015/4862 6018/4865 6019/4866
f 6015/4862 6019/4866 6020/4867
f 6021/4868 6020/4867 6019/4866
f 6020/4867 6021/4868 6022/4869
f 6023/4870 6022/4869 6021/4868
f 6022/4869 6023/4870 6024/4871
f 6025/4872 6024/4871 6023/4870
f 6026/4873 6020/4867 6022/4869
f 6014/4861 6015/4862 6026/4873
f 6020/4867 6026/4873 6015/4862
f 6022/4869 6027/4874 6026/4873
f 6027/4874 6022/4869 6024/4871
f 6024/4871 6028/4875 6027/4874
f 6029/4876 6013/4860 6014/4861
f 6014/4861 6030/4877 6029/4876
f 6030/4877 6014/4861 6026/4873
f 6030/4877 6026/4873 6027/4874
f 6031/4878 6029/4876 6030/4877
f 6029/4876 6031/4878 6032/4879
f 6032/4879 6033/4880 6029/4876
f 6013/4860 6029/4876 6033/4880
f 6033/4880 6012/4859 6013/4860
f 6034/4881 6027/4874 6028/4875
f 6034/4881 6030/4877 6027/4874
f 6031/4878 6030/4877 6034/4881
f 6028/4875 6035/4882 6034/4881
f 6035/4882 6031/4878 6034/4881
f 6032/4879 6031/4878 6035/4882
f 6012/4859 6033/4880 6016/4863
f 6036/4883 6016/4863 6033/4880
f 6033/4880 6032/4879 6036/4883
f 6037/4884 6036/4883 6032/4879
f 6016/4863 6036/4883 6038/4885
f 6038/4885 6039/4886 6016/4863
f 6010/4857 6016/4863 6039/4886
f 6039/4886 6040/4887 6010/4857
f 6010/4857 6040/4887 6041/4888
f 6040/4887 6042/4889 6041/4888
f 6042/4889 6040/4887 6043/4890
f 6040/4887 6039/4886 6043/4890
f 6043/4890 6044/4891 6042/4889
f 6044/4891 6043/4890 6045/4892
f 6045/4892 6043/4890 6046/4893
f 6047/4894 6045/4892 6046/4893
f 6041/4888 6011/4858 6010/4857
f 6048/4895 6043/4890 6039/4886
f 6043/4890 6048/4895 6046/4893
f 6039/4886 6038/4885 6048/4895
f 6049/4896 6046/4893 6048/4895
f 6046/4893 6049/4896 6047/4894
f 6050/4897 6047/4894 6049/4896
f 6045/4892 6047/4894 6051/4898
f 6047/4894 6052/4899 6051/4898
f 6047/4894 6050/4897 6052/4899
f 6052/4899 6050/4897 6053/4900
f 6053/4900 6050/4897 6054/4901
f 6054/4901 6055/4902 6053/4900
f 6055/4902 6054/4901 6056/4903
f 6056/4903 6057/4904 6055/4902
f 6057/4904 6056/4903 6058/4905
f 6058/4905 6059/4906 6057/4904
f 6060/4907 6056/4903 6054/4901
f 6050/4897 6049/4896 6060/4907
f 6060/4907 6054/4901 6050/4897
f 6056/4903 6060/4907 6061/4908
f 6061/4908 6058/4905 6056/4903
f 6058/4905 6061/4908 6062/4909
f 6048/4895 6063/4910 6049/4896
f 6063/4910 6048/4895 6038/4885
f 6038/4885 6064/4911 6063/4910
f 6065/4912 6063/4910 6064/4911
f 6063/4910 6065/4912 6066/4913
f 6060/4907 6066/4913 6061/4908
f 6066/4913 6049/4896 6063/4910
f 6049/4896 6066/4913 6060/4907
f 6061/4908 6067/4914 6062/4909
f 6066/4913 6067/4914 6061/4908
f 6066/4913 6065/4912 6067/4914
f 6068/4915 6062/4909 6067/4914
f 6065/4912 6064/4911 6068/4915
f 6067/4914 6065/4912 6068/4915
f 6064/4911 6038/4885 6036/4883
f 6036/4883 6037/4884 6064/4911
f 6068/4915 6064/4911 6069/4916
f 6037/4884 6069/4916 6064/4911
f 6069/4916 6037/4884 6032/4879
f 6032/4879 6035/4882 6069/4916
f 6070/4917 6069/4916 6035/4882
f 6069/4916 6070/4917 6068/4915
f 6035/4882 6071/4918 6070/4917
f 6072/4919 6068/4915 6070/4917
f 6071/4918 6035/4882 6028/4875
f 6062/4909 6068/4915 6072/4919
f 6071/4918 6028/4875 6073/4920
f 6070/4917 6071/4918 6073/4920
f 6028/4875 6074/4921 6073/4920
f 6074/4921 6028/4875 6024/4871
f 6074/4921 6024/4871 6025/4872
f 6025/4872 6075/4922 6074/4921
f 6074/4921 6075/4922 6076/4923
f 6076/4923 6075/4922 6077/4924
f 6077/4924 6078/4925 6076/4923
f 6078/4925 6077/4924 6079/4926
f 6080/4927 6079/4926 6077/4924
f 6079/4926 6080/4927 6081/4928
f 6082/4929 6081/4928 6080/4927
f 6081/4928 6082/4929 6083/4930
f 6084/4931 6083/4930 6082/4929
f 6083/4930 6084/4931 6085/4932
f 6086/4933 6085/4932 6084/4931
f 6085/4932 6086/4933 6087/4934
f 6088/4935 6087/4934 6086/4933
f 6089/4936 6087/4934 6088/4935
f 6087/4934 6089/4936 6090/4937
f 6091/4938 6090/4937 6089/4936
f 6090/4937 6091/4938 6092/4939
f 6093/4940 6092/4939 6091/4938
f 6092/4939 6093/4940 6094/4941
f 6095/4942 6094/4941 6093/4940
f 6094/4941 6095/4942 6096/4943
f 6097/4944 6096/4943 6095/4942
f 6096/4943 6097/4944 6098/4945
f 6099/4946 6098/4945 6097/4944
f 6097/4944 6100/4947 6099/4946
f 6099/4946 6100/4947 6101/4948
f 6101/4948 6100/4947 6059/4906
f 6059/4906 6058/4905 6101/4948
f 6058/4905 6062/4909 6101/4948
f 6102/4949 6101/4948 6062/4909
f 6102/4949 6062/4909 6072/4919
f 6102/4949 6072/4919 6070/4917
f 6102/4949 6103/4950 6101/4948
f 6099/4946 6101/4948 6103/4950
f 6103/4950 6102/4949 6104/4951
f 6104/4951 6102/4949 6105/4952
f 6070/4917 6105/4952 6102/4949
f 6105/4952 6070/4917 6073/4920
f 6073/4920 6106/4953 6105/4952
f 6106/4953 6073/4920 6107/4954
f 6074/4921 6107/4954 6073/4920
f 6107/4954 6074/4921 6076/4923
f 6108/4955 6109/4956 5733/4580
f 5729/4576 5733/4580 6109/4956
f 5729/4576 6109/4956 6110/4957
f 6110/4957 6109/4956 6111/4958
f 6111/4958 6109/4956 6108/4955
f 5730/4577 6110/4957 6111/4958
f 5730/4577 5729/4576 6110/4957
f 6112/4959 5730/4577 6111/4958
f 6113/4960 6112/4959 6111/4958
f 6113/4960 6111/4958 6108/4955
f 6112/4959 6113/4960 6114/4961
f 6113/4960 6108/4955 6115/4962
f 6115/4962 6116/4963 6113/4960
f 6114/4961 6113/4960 6116/4963
f 5795/4642 6114/4961 6116/4963
f 6116/4963 5793/4640 5795/4642
f 6116/4963 5791/4638 5793/4640
f 5791/4638 6116/4963 5735/4582
f 5791/4638 5735/4582 5736/4583
f 5736/4583 5803/4650 5791/4638
f 5803/4650 5736/4583 5737/4584
f 5737/4584 6117/4964 5803/4650
f 5784/4631 5803/4650 6117/4964
f 5803/4650 5784/4631 5788/4635
f 5780/4627 5784/4631 6117/4964
f 6117/4964 5737/4584 5779/4626
f 5779/4626 5780/4627 6117/4964
f 6116/4963 6115/4962 6118/4965
f 6118/4965 5735/4582 6116/4963
f 6115/4962 5734/4581 6118/4965
f 5735/4582 6118/4965 5734/4581
f 5734/4581 6115/4962 6119/4966
f 6108/4955 6119/4966 6115/4962
f 6108/4955 5733/4580 6119/4966
f 5734/4581 6119/4966 5733/4580
f 5725/4572 5726/4573 6120/4967
f 5732/4579 6120/4967 5726/4573
f 6120/4967 5732/4579 6121/4968
f 6121/4968 5732/4579 5731/4578
f 5731/4578 6122/4969 6121/4968
f 5855/4702 6121/4968 6122/4969
f 6122/4969 5847/4694 5855/4702
f 5847/4694 6122/4969 6123/4970
f 6123/4970 5845/4692 5847/4694
f 5845/4692 6123/4970 6124/4971
f 6124/4971 5796/4643 5845/4692
f 6124/4971 6123/4970 6112/4959
f 6122/4969 5731/4578 5730/4577
f 5730/4577 6123/4970 6122/4969
f 6112/4959 6123/4970 5730/4577
f 6125/4972 5796/4643 6124/4971
f 6126/4973 6121/4968 5855/4702
f 5855/4702 6127/4974 6126/4973
f 6127/4974 5855/4702 5853/4700
f 5853/4700 6128/4975 6127/4974
f 6128/4975 5853/4700 5854/4701
f 6125/4972 6124/4971 6129/4976
f 6112/4959 6129/4976 6124/4971
f 6114/4961 6129/4976 6112/4959
f 5795/4642 6129/4976 6114/4961
f 5795/4642 6125/4972 6129/4976
f 5795/4642 5796/4643 6125/4972
f 6121/4968 6126/4973 6120/4967
f 6130/4977 6131/4978 6132/4979
f 6132/4979 6131/4978 6133/4980
f 6134/4981 6133/4980 6131/4978
f 6135/4982 6133/4980 6134/4981
f 6133/4980 6135/4982 6136/4983
f 6137/4984 6136/4983 6135/4982
f 6136/4983 6137/4984 6138/4985
f 6139/4986 6138/4985 6137/4984
f 6130/4977 6132/4979 6140/4987
f 6132/4979 6133/4980 6141/4988
f 6132/4979 6141/4988 6140/4987
f 6133/4980 6136/4983 6141/4988
f 6136/4983 6138/4985 6141/4988
f 6142/4989 6140/4987 6141/4988
f 6140/4987 6142/4989 6143/4990
f 6144/4991 6143/4990 6142/4989
f 6143/4990 6144/4991 6145/4992
f 6146/4993 6145/4992 6144/4991
f 6145/4992 6146/4993 6147/4994
f 6148/4995 6147/4994 6146/4993
f 6147/4994 6148/4995 6149/4996
f 6150/4997 6149/4996 6148/4995
f 6149/4996 6150/4997 6151/4998
f 6152/4999 6151/4998 6150/4997
f 6138/4985 6139/4986 6153/5000
f 6153/5000 6154/5001 6138/4985
f 6154/5001 6153/5000 6155/5002
f 6155/5002 6156/5003 6154/5001
f 6154/5001 6156/5003 6141/4988
f 6156/5003 6155/5002 6157/5004
f 6157/5004 6158/5005 6156/5003
f 6159/5006 6158/5005 6157/5004
f 6160/5007 6156/5003 6158/5005
f 6158/5005 6161/5008 6160/5007
f 6161/5008 6158/5005 6162/5009
f 6162/5009 6163/5010 6161/5008
f 6160/5007 6161/5008 6163/5010
f 6163/5010 6162/5009 6164/5011
f 6164/5011 6165/5012 6163/5010
f 6165/5012 6164/5011 6166/5013
f 6166/5013 6167/5014 6165/5012
f 6167/5014 6166/5013 6168/5015
f 6168/5015 6169/5016 6167/5014
f 6169/5016 6168/5015 6170/5017
f 6170/5017 6171/5018 6169/5016
f 6171/5018 6170/5017 6172/5019
f 6172/5019 6173/5020 6171/5018
f 6142/4989 6163/5010 6165/5012
f 6163/5010 6142/4989 6141/4988
f 6141/4988 6160/5007 6163/5010
f 6165/5012 6144/4991 6142/4989
f 6144/4991 6165/5012 6167/5014
f 6167/5014 6146/4993 6144/4991
f 6146/4993 6167/5014 6169/5016
f 6169/5016 6148/4995 6146/4993
f 6148/4995 6169/5016 6171/5018
f 6171/5018 6150/4997 6148/4995
f 6150/4997 6171/5018 6173/5020
f 6173/5020 6152/4999 6150/4997
f 6174/5021 6152/4999 6173/5020
f 6175/5022 6174/5021 6173/5020
f 6176/5023 6152/4999 6174/5021
f 6177/5024 6152/4999 6176/5023
f 6177/5024 6178/5025 6152/4999
f 6178/5025 6179/5026 6152/4999
f 6152/4999 6179/5026 6180/5027
f 6151/4998 6152/4999 6180/5027
f 6141/4988 6156/5003 6160/5007
f 6138/4985 6154/5001 6141/4988
f 6181/5028 5705/4552 5713/4560
f 5705/4552 6181/5028 5893/4740
f 6182/5029 5762/4609 5671/4518
f 5762/4609 6182/5029 5927/4774
f 6183/5030 5762/4609 5927/4774
f 6183/5030 5927/4774 6184/5031
f 5926/4773 6184/5031 5927/4774
f 6184/5031 5926/4773 5941/4788
f 5766/4613 5762/4609 6183/5030
f 5927/4774 6182/5029 5677/4524
f 6182/5029 5671/4518 5677/4524
f 5800/4647 6185/5032 5804/4651
f 6185/5032 5800/4647 6186/5033
f 5799/4646 6186/5033 5800/4647
f 6186/5033 5799/4646 5797/4644
f 5797/4644 6187/5034 6186/5033
f 6187/5034 5797/4644 5794/4641
f 5794/4641 6188/5035 6187/5034
f 6188/5035 5794/4641 5792/4639
f 5792/4639 6189/5036 6188/5035
f 6189/5036 5792/4639 5790/4637
f 5790/4637 6190/5037 6189/5036
f 6190/5037 5790/4637 5789/4636
f 5789/4636 6191/5038 6190/5037
f 6191/5038 5789/4636 5802/4649
f 5802/4649 5816/4663 6191/5038
f 6192/5039 6193/5040 6194/5041
f 6193/5040 6195/5042 6194/5041
f 6195/5042 6196/5043 6194/5041
f 6196/5043 6197/5044 6194/5041
f 6197/5044 6198/5045 6194/5041
f 6198/5045 6199/5046 6194/5041
f 6199/5046 6200/5045 6194/5041
f 6200/5045 6201/5044 6194/5041
f 6201/5044 6202/5043 6194/5041
f 6202/5043 6203/5042 6194/5041
f 6203/5042 6204/5040 6194/5041
f 6204/5040 6205/5039 6194/5041
f 6205/5039 6206/5047 6194/5041
f 6206/5047 6207/5048 6194/5041
f 6207/5048 6208/5049 6194/5041
f 6209/5050 6193/5040 6192/5039
f 6210/5051 6209/5050 6192/5039
f 6211/5052 6196/5043 6195/5042
f 6211/5052 6212/5053 6196/5043
f 6212/5053 6197/5044 6196/5043
f 6212/5053 6213/5054 6197/5044
f 6213/5054 6198/5045 6197/5044
f 6213/5054 6214/5055 6198/5045
f 6214/5055 6199/5046 6198/5045
f 6214/5055 6215/5054 6199/5046
f 6215/5054 6200/5045 6199/5046
f 6215/5054 6216/5053 6200/5045
f 6216/5053 6201/5044 6200/5045
f 6216/5053 6217/5052 6201/5044
f 6217/5052 6202/5043 6201/5044
f 6217/5052 6218/5056 6202/5043
f 6218/5056 6203/5042 6202/5043
f 6218/5056 6219/5050 6203/5042
f 6219/5050 6204/5040 6203/5042
f 6219/5050 6220/5051 6204/5040
f 6220/5051 6205/5039 6204/5040
f 6220/5051 6221/5057 6205/5039
f 6221/5057 6206/5047 6205/5039
f 6221/5057 6222/5058 6206/5047
f 6222/5058 6207/5048 6206/5047
f 6222/5058 6223/5059 6207/5048
f 6223/5059 6208/5049 6207/5048
f 6223/5059 6224/5060 6208/5049
f 6224/5060 6225/5061 6208/5049
f 6208/5049 6225/5061 6194/5041
f 6225/5061 6226/5062 6194/5041
f 6226/5062 6227/5063 6194/5041
f 6227/5063 6228/5062 6194/5041
f 6228/5062 6229/5061 6194/5041
f 6229/5061 6230/5049 6194/5041
f 6230/5049 6231/5048 6194/5041
f 6231/5048 6232/5047 6194/5041
f 6232/5047 6192/5039 6194/5041
f 6224/5060 6233/5064 6225/5061
f 6233/5064 6226/5062 6225/5061
f 6233/5064 6234/5065 6226/5062
f 6234/5065 6227/5063 6226/5062
f 6234/5065 6235/5064 6227/5063
f 6235/5064 6228/5062 6227/5063
f 6235/5064 6236/5060 6228/5062
f 6236/5060 6229/5061 6228/5062
f 6236/5060 6237/5059 6229/5061
f 6237/5059 6230/5049 6229/5061
f 6237/5059 6238/5058 6230/5049
f 6238/5058 6231/5048 6230/5049
f 6238/5058 6239/5057 6231/5048
f 6239/5057 6232/5047 6231/5048
f 6239/5057 6210/5051 6232/5047
f 6210/5051 6192/5039 6232/5047
f 6240/5066 6234/5065 6233/5064
f 6241/5067 6240/5066 6233/5064
f 6241/5067 6233/5064 6224/5060
f 6242/5068 6241/5067 6224/5060
f 6242/5068 6224/5060 6223/5059
f 6243/5069 6242/5068 6223/5059
f 6243/5069 6223/5059 6222/5058
f 6244/5070 6243/5069 6222/5058
f 6244/5070 6222/5058 6221/5057
f 6245/5071 6244/5070 6221/5057
f 6245/5071 6221/5057 6220/5051
f 6246/5072 6245/5071 6220/5051
f 6246/5072 6220/5051 6219/5050
f 6247/5073 6246/5072 6219/5050
f 6247/5073 6219/5050 6218/5056
f 6248/5074 6247/5073 6218/5056
f 6248/5074 6218/5056 6217/5052
f 6249/5075 6248/5074 6217/5052
f 6249/5075 6217/5052 6216/5053
f 6250/5076 6249/5075 6216/5053
f 6250/5076 6216/5053 6215/5054
f 6251/5077 6250/5076 6215/5054
f 6251/5077 6215/5054 6214/5055
f 6252/5078 6251/5077 6214/5055
f 6252/5078 6214/5055 6213/5054
f 6253/5077 6252/5078 6213/5054
f 6253/5077 6213/5054 6212/5053
f 6254/5076 6253/5077 6212/5053
f 6254/5076 6212/5053 6211/5052
f 6255/5075 6254/5076 6211/5052
f 6255/5075 6211/5052 6256/5056
f 6256/5056 6211/5052 6195/5042
f 6256/5056 6195/5042 6193/5040
f 6209/5050 6256/5056 6193/5040
f 6257/5074 6256/5056 6209/5050
f 6257/5074 6255/5075 6256/5056
f 6258/5073 6257/5074 6209/5050
f 6258/5073 6209/5050 6210/5051
f 6259/5072 6258/5073 6210/5051
f 6259/5072 6210/5051 6239/5057
f 6260/5071 6259/5072 6239/5057
f 6260/5071 6239/5057 6238/5058
f 6261/5070 6260/5071 6238/5058
f 6261/5070 6238/5058 6237/5059
f 6262/5069 6261/5070 6237/5059
f 6262/5069 6237/5059 6236/5060
f 6263/5068 6262/5069 6236/5060
f 6263/5068 6236/5060 6235/5064
f 6264/5067 6263/5068 6235/5064
f 6264/5067 6235/5064 6234/5065
f 6240/5066 6264/5067 6234/5065
f 6265/5079 6258/5073 6259/5072
f 6266/5080 6265/5079 6259/5072
f 6266/5080 6259/5072 6260/5071
f 6267/5081 6264/5067 6240/5066
f 6268/5082 6267/5081 6240/5066
f 6268/5082 6240/5066 6241/5067
f 6269/5081 6268/5082 6241/5067
f 6269/5081 6241/5067 6242/5068
f 6270/5083 6269/5081 6242/5068
f 6270/5083 6242/5068 6243/5069
f 6271/5084 6270/5083 6243/5069
f 6271/5084 6243/5069 6244/5070
f 6272/5085 6271/5084 6244/5070
f 6272/5085 6244/5070 6245/5071
f 6273/5086 6272/5085 6245/5071
f 6273/5086 6245/5071 6246/5072
f 6274/5080 6273/5086 6246/5072
f 6274/5080 6246/5072 6247/5073
f 6275/5079 6274/5080 6247/5073
f 6275/5079 6247/5073 6248/5074
f 6276/5087 6275/5079 6248/5074
f 6276/5087 6248/5074 6249/5075
f 6277/5088 6276/5087 6249/5075
f 6277/5088 6249/5075 6250/5076
f 6278/5089 6277/5088 6250/5076
f 6278/5089 6250/5076 6251/5077
f 6279/5090 6278/5089 6251/5077
f 6279/5090 6251/5077 6252/5078
f 6280/5091 6279/5090 6252/5078
f 6280/5091 6252/5078 6253/5077
f 6281/5090 6280/5091 6253/5077
f 6281/5090 6253/5077 6254/5076
f 6282/5089 6281/5090 6254/5076
f 6282/5089 6254/5076 6255/5075
f 6283/5088 6282/5089 6255/5075
f 6283/5088 6255/5075 6257/5074
f 6284/5087 6283/5088 6257/5074
f 6284/5087 6257/5074 6258/5073
f 6265/5079 6284/5087 6258/5073
f 6285/5092 6284/5087 6265/5079
f 6286/5093 6285/5092 6265/5079
f 6286/5093 6265/5079 6266/5080
f 6287/5094 6286/5093 6266/5080
f 6285/5092 6288/5095 6284/5087
f 6288/5095 6283/5088 6284/5087
f 6288/5095 6289/5096 6283/5088
f 6289/5096 6282/5089 6283/5088
f 6289/5096 6290/5097 6282/5089
f 6290/5097 6281/5090 6282/5089
f 6290/5097 6291/5098 6281/5090
f 6287/5094 6266/5080 6292/5086
f 6292/5086 6266/5080 6260/5071
f 6292/5086 6260/5071 6261/5070
f 6293/5085 6292/5086 6261/5070
f 6293/5085 6261/5070 6262/5069
f 6294/5084 6293/5085 6262/5069
f 6294/5084 6262/5069 6263/5068
f 6295/5083 6294/5084 6263/5068
f 6295/5083 6263/5068 6264/5067
f 6267/5081 6295/5083 6264/5067
f 6296/5099 6295/5083 6267/5081
f 6297/5100 6296/5099 6267/5081
f 6297/5100 6267/5081 6268/5082
f 6298/5101 6297/5100 6268/5082
f 6298/5101 6268/5082 6269/5081
f 6299/5100 6298/5101 6269/5081
f 6299/5100 6269/5081 6270/5083
f 6300/5099 6299/5100 6270/5083
f 6300/5099 6270/5083 6271/5084
f 6301/5102 6300/5099 6271/5084
f 6301/5102 6271/5084 6272/5085
f 6302/5103 6301/5102 6272/5085
f 6302/5103 6272/5085 6273/5086
f 6303/5104 6302/5103 6273/5086
f 6303/5104 6273/5086 6274/5080
f 6304/5094 6303/5104 6274/5080
f 6304/5094 6274/5080 6275/5079
f 6305/5093 6304/5094 6275/5079
f 6305/5093 6275/5079 6276/5087
f 6306/5092 6305/5093 6276/5087
f 6306/5092 6276/5087 6277/5088
f 6307/5095 6306/5092 6277/5088
f 6307/5095 6277/5088 6278/5089
f 6308/5096 6307/5095 6278/5089
f 6308/5096 6278/5089 6279/5090
f 6309/5097 6308/5096 6279/5090
f 6309/5097 6279/5090 6280/5091
f 6291/5098 6309/5097 6280/5091
f 6291/5098 6280/5091 6281/5090
f 6310/5105 6309/5097 6291/5098
f 6311/5106 6310/5105 6291/5098
f 6311/5106 6291/5098 6290/5097
f 6312/5105 6311/5106 6290/5097
f 6312/5105 6290/5097 6289/5096
f 6313/5107 6312/5105 6289/5096
f 6313/5107 6289/5096 6288/5095
f 6314/5108 6313/5107 6288/5095
f 6314/5108 6288/5095 6285/5092
f 6315/5109 6314/5108 6285/5092
f 6315/5109 6285/5092 6286/5093
f 6316/5110 6315/5109 6286/5093
f 6316/5110 6286/5093 6287/5094
f 6317/5111 6316/5110 6287/5094
f 6317/5111 6287/5094 6318/5104
f 6318/5104 6287/5094 6292/5086
f 6318/5104 6292/5086 6293/5085
f 6319/5103 6318/5104 6293/5085
f 6319/5103 6293/5085 6294/5084
f 6320/5102 6319/5103 6294/5084
f 6320/5102 6294/5084 6295/5083
f 6296/5099 6320/5102 6295/5083
f 6321/5112 6320/5102 6296/5099
f 6322/5113 6321/5112 6296/5099
f 6322/5113 6296/5099 6297/5100
f 6323/5114 6322/5113 6297/5100
f 6323/5114 6297/5100 6298/5101
f 6324/5115 6323/5114 6298/5101
f 6324/5115 6298/5101 6299/5100
f 6325/5114 6324/5115 6299/5100
f 6325/5114 6299/5100 6300/5099
f 6326/5113 6325/5114 6300/5099
f 6326/5113 6300/5099 6301/5102
f 6327/5112 6326/5113 6301/5102
f 6327/5112 6301/5102 6302/5103
f 6328/5116 6327/5112 6302/5103
f 6328/5116 6302/5103 6303/5104
f 6329/5117 6328/5116 6303/5104
f 6329/5117 6303/5104 6304/5094
f 6330/5111 6329/5117 6304/5094
f 6330/5111 6304/5094 6305/5093
f 6331/5110 6330/5111 6305/5093
f 6331/5110 6305/5093 6306/5092
f 6332/5109 6331/5110 6306/5092
f 6332/5109 6306/5092 6307/5095
f 6333/5108 6332/5109 6307/5095
f 6333/5108 6307/5095 6308/5096
f 6334/5107 6333/5108 6308/5096
f 6334/5107 6308/5096 6309/5097
f 6310/5105 6334/5107 6309/5097
f 6321/5112 6335/5116 6320/5102
f 6335/5116 6319/5103 6320/5102
f 6335/5116 6336/5117 6319/5103
f 6336/5117 6318/5104 6319/5103
f 6336/5117 6317/5111 6318/5104
# Vertices: 3037, normals: 0, texture coordinates: 2439, faces: 4882

